date,store_id,sku_id,category,region,price,promotion,holiday,units_sold,lead_time_days,forecast_units,absolute_error
2025-08-13,S01,SKU001,Beverages,South,217.42,0,0,51,2,57.29,6.29
2025-08-14,S01,SKU001,Beverages,South,221.58,0,0,58,8,57.52,0.48
2025-08-15,S01,SKU001,Beverages,South,222.47,0,1,60,6,65.5,5.5
2025-08-16,S01,SKU001,Beverages,South,221.15,0,0,65,2,61.93,3.07
2025-08-17,S01,SKU001,Beverages,South,213.97,0,0,59,5,61.87,2.87
2025-08-18,S01,SKU001,Beverages,South,225.62,0,0,58,7,56.69,1.31
2025-08-19,S01,SKU001,Beverages,South,218.92,0,0,56,5,57.11,1.11
2025-08-20,S01,SKU001,Beverages,South,203.96,1,0,74,6,74.88,0.88
2025-08-21,S01,SKU001,Beverages,South,198.07,1,0,65,4,75.99,10.99
2025-08-22,S01,SKU001,Beverages,South,200.6,1,0,68,4,76.23,8.23
2025-08-23,S01,SKU001,Beverages,South,220.12,0,0,50,4,60.74,10.74
2025-08-24,S01,SKU001,Beverages,South,203.52,1,0,74,4,80.27,6.27
2025-08-25,S01,SKU001,Beverages,South,223.31,0,0,60,2,56.12,3.88
2025-08-26,S01,SKU001,Beverages,South,217.86,0,0,59,6,56.53,2.47
2025-08-27,S01,SKU001,Beverages,South,222.02,0,0,56,3,56.27,0.27
2025-08-28,S01,SKU001,Beverages,South,222.53,0,0,60,5,55.72,4.28
2025-08-29,S01,SKU001,Beverages,South,213.97,0,0,64,5,56.31,7.69
2025-08-30,S01,SKU001,Beverages,South,200.18,1,0,83,8,78.41,4.59
2025-08-31,S01,SKU001,Beverages,South,218.25,0,0,67,6,59.81,7.19
2025-09-01,S01,SKU001,Beverages,South,202.99,1,0,75,8,74.08,0.92
2025-09-02,S01,SKU001,Beverages,South,205.11,1,0,74,9,74.86,0.86
2025-09-03,S01,SKU001,Beverages,South,220.15,0,0,56,5,57.43,1.43
2025-09-04,S01,SKU001,Beverages,South,222.49,0,0,58,7,57.73,0.27
2025-09-05,S01,SKU001,Beverages,South,220.16,0,0,55,6,56.5,1.5
2025-09-06,S01,SKU001,Beverages,South,227.22,0,0,56,6,61.25,5.25
2025-09-07,S01,SKU001,Beverages,South,220.26,0,0,71,5,60.86,10.14
2025-09-08,S01,SKU001,Beverages,South,221.01,0,0,51,3,58.02,7.02
2025-09-09,S01,SKU001,Beverages,South,222.73,0,0,56,3,56.6,0.6
2025-09-10,S01,SKU001,Beverages,South,219.63,0,0,53,9,56.24,3.24
2025-09-11,S01,SKU001,Beverages,South,217.57,0,0,51,2,57.19,6.19
2025-09-12,S01,SKU001,Beverages,South,223.03,0,0,53,6,56.47,3.47
2025-09-13,S01,SKU001,Beverages,South,222.35,0,0,55,6,60.52,5.52
2025-09-14,S01,SKU001,Beverages,South,220.68,0,0,62,4,59.89,2.11
2025-09-15,S01,SKU001,Beverages,South,222.18,0,0,51,4,56.56,5.56
2025-09-16,S01,SKU001,Beverages,South,216.83,0,0,61,4,56.54,4.46
2025-09-17,S01,SKU001,Beverages,South,224.05,0,0,68,5,56.86,11.14
2025-09-18,S01,SKU001,Beverages,South,217.5,0,0,52,4,57.77,5.77
2025-09-19,S01,SKU001,Beverages,South,218.95,0,0,48,4,56.9,8.9
2025-09-20,S01,SKU001,Beverages,South,220.11,0,0,61,6,60.42,0.58
2025-09-21,S01,SKU001,Beverages,South,201.21,1,0,88,2,80.56,7.44
2025-09-22,S01,SKU001,Beverages,South,213.8,0,0,50,9,55.77,5.77
2025-09-23,S01,SKU001,Beverages,South,219.54,0,0,52,7,55.71,3.71
2025-09-24,S01,SKU001,Beverages,South,221.75,0,0,58,8,54.97,3.03
2025-09-25,S01,SKU001,Beverages,South,220.06,0,0,55,2,56.62,1.62
2025-09-26,S01,SKU001,Beverages,South,219.35,0,0,54,4,55.97,1.97
2025-09-27,S01,SKU001,Beverages,South,218.16,0,0,58,5,59.58,1.58
2025-09-28,S01,SKU001,Beverages,South,221.94,0,0,64,4,59.86,4.14
2025-09-29,S01,SKU001,Beverages,South,221.38,0,0,57,6,55.23,1.77
2025-09-30,S01,SKU001,Beverages,South,222.55,0,0,59,8,54.17,4.83
2025-10-01,S01,SKU001,Beverages,South,199.72,1,0,72,5,71.61,0.39
2025-10-02,S01,SKU001,Beverages,South,219.62,0,1,59,8,63.51,4.51
2025-10-03,S01,SKU001,Beverages,South,217.41,0,0,55,8,54.8,0.2
2025-10-04,S01,SKU001,Beverages,South,216.31,0,0,60,2,59.57,0.43
2025-10-05,S01,SKU001,Beverages,South,227.15,0,0,59,6,59.17,0.17
2025-10-06,S01,SKU001,Beverages,South,216.39,0,0,48,7,54.84,6.84
2025-10-07,S01,SKU001,Beverages,South,216.5,0,0,55,7,54.37,0.63
2025-10-08,S01,SKU001,Beverages,South,216.96,0,0,53,3,54.31,1.31
2025-10-09,S01,SKU001,Beverages,South,215.34,0,0,60,9,54.09,5.91
2025-10-10,S01,SKU001,Beverages,South,217.89,0,0,47,6,55.02,8.02
2025-10-11,S01,SKU001,Beverages,South,205.88,1,0,72,2,75.46,3.46
2025-10-12,S01,SKU001,Beverages,South,222.17,0,0,47,8,60.02,13.02
2025-10-13,S01,SKU001,Beverages,South,221.04,0,0,56,5,54.56,1.44
2025-10-14,S01,SKU001,Beverages,South,221.76,0,0,43,8,55.08,12.08
2025-10-15,S01,SKU001,Beverages,South,219.3,0,0,57,2,53.8,3.2
2025-10-16,S01,SKU001,Beverages,South,221.95,0,0,54,8,53.45,0.55
2025-10-17,S01,SKU001,Beverages,South,221.31,0,0,49,5,53.56,4.56
2025-10-18,S01,SKU001,Beverages,South,222.94,0,0,60,5,57.43,2.57
2025-10-19,S01,SKU001,Beverages,South,226.16,0,0,56,9,55.86,0.14
2025-10-20,S01,SKU001,Beverages,South,224.02,0,0,55,4,52.81,2.19
2025-10-21,S01,SKU001,Beverages,South,221.45,0,0,57,8,52.79,4.21
2025-10-22,S01,SKU001,Beverages,South,227.45,0,0,59,7,54.1,4.9
2025-10-23,S01,SKU001,Beverages,South,223.71,0,0,61,2,54.04,6.96
2025-10-24,S01,SKU001,Beverages,South,223.78,0,0,60,9,54.52,5.48
2025-10-25,S01,SKU001,Beverages,South,218.27,0,0,59,8,58.62,0.38
2025-10-26,S01,SKU001,Beverages,South,199.64,1,0,66,5,76.7,10.7
2025-10-27,S01,SKU001,Beverages,South,218.31,0,0,66,6,54.88,11.12
2025-10-28,S01,SKU001,Beverages,South,224.2,0,0,57,6,53.97,3.03
2025-10-29,S01,SKU001,Beverages,South,206.5,1,0,74,8,71.77,2.23
2025-10-30,S01,SKU001,Beverages,South,221.15,0,0,55,8,53.97,1.03
2025-10-31,S01,SKU001,Beverages,South,219.05,0,0,58,5,54.68,3.32
2025-11-01,S01,SKU001,Beverages,South,223.7,0,0,61,8,59.53,1.47
2025-11-02,S01,SKU001,Beverages,South,212.62,0,0,69,4,59.5,9.5
2025-11-03,S01,SKU001,Beverages,South,223.24,0,0,52,2,55.54,3.54
2025-11-04,S01,SKU001,Beverages,South,219.83,0,0,54,3,56.41,2.41
2025-11-05,S01,SKU001,Beverages,South,229.07,0,0,60,4,55.0,5.0
2025-11-06,S01,SKU001,Beverages,South,206.84,1,0,74,7,73.79,0.21
2025-11-07,S01,SKU001,Beverages,South,219.32,0,0,61,3,56.1,4.9
2025-11-08,S01,SKU001,Beverages,South,217.66,0,0,70,9,61.43,8.57
2025-11-09,S01,SKU001,Beverages,South,222.09,0,0,65,7,61.22,3.78
2025-11-10,S01,SKU001,Beverages,South,216.03,0,0,47,8,58.82,11.82
2025-11-11,S01,SKU001,Beverages,South,221.01,0,0,64,6,58.11,5.89
2025-11-12,S01,SKU001,Beverages,South,216.65,0,0,56,9,59.33,3.33
2025-11-13,S01,SKU001,Beverages,South,228.29,0,0,65,5,58.8,6.2
2025-11-14,S01,SKU001,Beverages,South,217.03,0,0,62,3,59.48,2.52
2025-11-15,S01,SKU001,Beverages,South,219.15,0,0,62,8,63.8,1.8
2025-11-16,S01,SKU001,Beverages,South,211.89,0,0,66,2,64.9,1.1
2025-11-17,S01,SKU001,Beverages,South,220.08,0,0,58,2,60.12,2.12
2025-11-18,S01,SKU001,Beverages,South,214.88,0,0,57,8,59.8,2.8
2025-11-19,S01,SKU001,Beverages,South,217.91,0,0,51,3,61.04,10.04
2025-11-20,S01,SKU001,Beverages,South,219.79,0,0,49,7,59.85,10.85
2025-11-21,S01,SKU001,Beverages,South,214.46,0,0,61,4,60.54,0.46
2025-11-22,S01,SKU001,Beverages,South,218.48,0,0,63,5,65.3,2.3
2025-11-23,S01,SKU001,Beverages,South,221.88,0,0,62,6,65.91,3.91
2025-11-24,S01,SKU001,Beverages,South,217.64,0,0,56,7,60.47,4.47
2025-11-25,S01,SKU001,Beverages,South,203.23,1,0,77,9,77.78,0.78
2025-11-26,S01,SKU001,Beverages,South,216.97,0,0,68,8,60.69,7.31
2025-11-27,S01,SKU001,Beverages,South,215.18,0,0,66,5,61.51,4.49
2025-11-28,S01,SKU001,Beverages,South,217.85,0,0,64,6,61.36,2.64
2025-11-29,S01,SKU001,Beverages,South,213.8,0,0,65,4,66.0,1.0
2025-11-30,S01,SKU001,Beverages,South,202.65,1,0,92,4,86.83,5.17
2025-12-01,S01,SKU001,Beverages,South,218.04,0,0,61,9,59.66,1.34
2025-12-02,S01,SKU001,Beverages,South,205.46,1,0,75,3,81.46,6.46
2025-12-03,S01,SKU001,Beverages,South,219.14,0,0,57,6,62.38,5.38
2025-12-04,S01,SKU001,Beverages,South,216.7,0,0,63,2,61.7,1.3
2025-12-05,S01,SKU001,Beverages,South,201.95,1,0,82,7,81.94,0.06
2025-12-06,S01,SKU001,Beverages,South,222.38,0,0,71,6,68.12,2.88
2025-12-07,S01,SKU001,Beverages,South,218.7,0,0,65,8,68.87,3.87
2025-12-08,S01,SKU001,Beverages,South,218.17,0,0,61,9,61.52,0.52
2025-12-09,S01,SKU001,Beverages,South,217.21,0,0,61,8,62.66,1.66
2025-12-10,S01,SKU001,Beverages,South,217.95,0,0,54,7,63.5,9.5
2025-12-11,S01,SKU001,Beverages,South,198.52,1,0,77,4,80.7,3.7
2025-12-12,S01,SKU001,Beverages,South,217.62,0,0,60,3,62.71,2.71
2025-12-13,S01,SKU001,Beverages,South,224.3,0,0,71,8,66.94,4.06
2025-12-14,S01,SKU001,Beverages,South,218.51,0,0,71,7,67.75,3.25
2025-12-15,S01,SKU001,Beverages,South,216.95,0,0,64,6,63.84,0.16
2025-12-16,S01,SKU001,Beverages,South,222.45,0,0,62,6,63.68,1.68
2025-12-17,S01,SKU001,Beverages,South,217.03,0,0,66,3,64.32,1.68
2025-12-18,S01,SKU001,Beverages,South,202.0,1,0,86,5,87.53,1.53
2025-12-19,S01,SKU001,Beverages,South,224.49,0,0,64,2,65.2,1.2
2025-12-20,S01,SKU001,Beverages,South,222.47,0,0,66,9,70.23,4.23
2025-12-21,S01,SKU001,Beverages,South,227.23,0,0,69,8,70.98,1.98
2025-12-22,S01,SKU001,Beverages,South,224.0,0,0,68,9,66.04,1.96
2025-12-23,S01,SKU001,Beverages,South,223.27,0,0,68,8,66.53,1.47
2025-12-24,S01,SKU001,Beverages,South,224.96,0,0,67,6,66.41,0.59
2025-12-25,S01,SKU001,Beverages,South,218.93,0,1,73,7,75.03,2.03
2025-12-26,S01,SKU001,Beverages,South,222.6,0,0,67,2,66.53,0.47
2025-12-27,S01,SKU001,Beverages,South,219.98,0,0,79,4,71.59,7.41
2025-12-28,S01,SKU001,Beverages,South,219.23,0,0,81,6,71.85,9.15
2025-12-29,S01,SKU001,Beverages,South,221.73,0,0,66,4,64.58,1.42
2025-12-30,S01,SKU001,Beverages,South,204.42,1,0,88,8,86.52,1.48
2025-12-31,S01,SKU001,Beverages,South,223.51,0,0,64,3,65.98,1.98
2025-08-13,S01,SKU002,Snacks,South,349.96,0,0,27,8,39.21,12.21
2025-08-14,S01,SKU002,Snacks,South,358.79,0,0,37,5,38.84,1.84
2025-08-15,S01,SKU002,Snacks,South,361.59,0,1,43,7,43.56,0.56
2025-08-16,S01,SKU002,Snacks,South,357.43,0,0,49,8,42.41,6.59
2025-08-17,S01,SKU002,Snacks,South,353.78,0,0,46,4,42.53,3.47
2025-08-18,S01,SKU002,Snacks,South,327.54,1,0,49,2,51.01,2.01
2025-08-19,S01,SKU002,Snacks,South,358.77,0,0,43,4,39.97,3.03
2025-08-20,S01,SKU002,Snacks,South,356.5,0,0,44,8,39.96,4.04
2025-08-21,S01,SKU002,Snacks,South,354.98,0,0,38,4,39.24,1.24
2025-08-22,S01,SKU002,Snacks,South,354.13,0,0,39,9,39.4,0.4
2025-08-23,S01,SKU002,Snacks,South,320.78,1,0,53,6,55.52,2.52
2025-08-24,S01,SKU002,Snacks,South,365.34,0,0,39,3,43.25,4.25
2025-08-25,S01,SKU002,Snacks,South,363.57,0,0,24,4,39.74,15.74
2025-08-26,S01,SKU002,Snacks,South,369.27,0,0,40,3,38.57,1.43
2025-08-27,S01,SKU002,Snacks,South,355.1,0,0,42,2,38.38,3.62
2025-08-28,S01,SKU002,Snacks,South,356.81,0,0,35,6,38.36,3.36
2025-08-29,S01,SKU002,Snacks,South,321.3,1,0,41,2,50.61,9.61
2025-08-30,S01,SKU002,Snacks,South,349.97,0,0,35,3,42.11,7.11
2025-08-31,S01,SKU002,Snacks,South,338.01,0,0,36,6,41.58,5.58
2025-09-01,S01,SKU002,Snacks,South,351.52,0,0,45,5,38.34,6.66
2025-09-02,S01,SKU002,Snacks,South,354.64,0,0,37,2,38.26,1.26
2025-09-03,S01,SKU002,Snacks,South,354.43,0,0,34,7,37.43,3.43
2025-09-04,S01,SKU002,Snacks,South,349.71,0,0,43,4,36.81,6.19
2025-09-05,S01,SKU002,Snacks,South,352.36,0,0,38,7,37.1,0.9
2025-09-06,S01,SKU002,Snacks,South,355.12,0,0,37,2,40.43,3.43
2025-09-07,S01,SKU002,Snacks,South,346.11,0,0,39,8,38.8,0.2
2025-09-08,S01,SKU002,Snacks,South,368.15,0,0,41,7,36.71,4.29
2025-09-09,S01,SKU002,Snacks,South,358.97,0,0,46,3,36.74,9.26
2025-09-10,S01,SKU002,Snacks,South,354.2,0,0,35,4,36.67,1.67
2025-09-11,S01,SKU002,Snacks,South,355.55,0,0,39,9,37.09,1.91
2025-09-12,S01,SKU002,Snacks,South,358.99,0,0,32,9,37.35,5.35
2025-09-13,S01,SKU002,Snacks,South,363.33,0,0,40,6,39.21,0.79
2025-09-14,S01,SKU002,Snacks,South,351.29,0,0,37,5,39.56,2.56
2025-09-15,S01,SKU002,Snacks,South,346.76,0,0,36,7,36.62,0.62
2025-09-16,S01,SKU002,Snacks,South,356.3,0,0,38,6,35.56,2.44
2025-09-17,S01,SKU002,Snacks,South,354.1,0,0,39,7,35.33,3.67
2025-09-18,S01,SKU002,Snacks,South,331.64,1,0,48,5,45.73,2.27
2025-09-19,S01,SKU002,Snacks,South,352.13,0,0,28,5,35.72,7.72
2025-09-20,S01,SKU002,Snacks,South,357.8,0,0,42,4,37.73,4.27
2025-09-21,S01,SKU002,Snacks,South,350.45,0,0,43,8,38.18,4.82
2025-09-22,S01,SKU002,Snacks,South,360.64,0,0,32,8,35.23,3.23
2025-09-23,S01,SKU002,Snacks,South,363.45,0,0,41,7,36.13,4.87
2025-09-24,S01,SKU002,Snacks,South,327.12,1,0,35,8,45.93,10.93
2025-09-25,S01,SKU002,Snacks,South,354.47,0,0,35,7,35.63,0.63
2025-09-26,S01,SKU002,Snacks,South,353.03,0,0,32,4,35.43,3.43
2025-09-27,S01,SKU002,Snacks,South,353.0,0,0,39,7,37.72,1.28
2025-09-28,S01,SKU002,Snacks,South,342.82,0,0,38,8,38.21,0.21
2025-09-29,S01,SKU002,Snacks,South,350.58,0,0,42,6,35.39,6.61
2025-09-30,S01,SKU002,Snacks,South,353.3,0,0,36,5,35.08,0.92
2025-10-01,S01,SKU002,Snacks,South,354.32,0,0,36,9,35.08,0.92
2025-10-02,S01,SKU002,Snacks,South,348.19,0,1,37,8,41.04,4.04
2025-10-03,S01,SKU002,Snacks,South,359.35,0,0,38,4,35.05,2.95
2025-10-04,S01,SKU002,Snacks,South,364.24,0,0,36,5,37.91,1.91
2025-10-05,S01,SKU002,Snacks,South,359.29,0,0,35,6,37.98,2.98
2025-10-06,S01,SKU002,Snacks,South,369.95,0,0,38,7,35.27,2.73
2025-10-07,S01,SKU002,Snacks,South,361.16,0,0,39,7,35.43,3.57
2025-10-08,S01,SKU002,Snacks,South,346.77,0,0,45,8,35.0,10.0
2025-10-09,S01,SKU002,Snacks,South,340.64,0,0,36,5,35.13,0.87
2025-10-10,S01,SKU002,Snacks,South,358.55,0,0,33,5,35.05,2.05
2025-10-11,S01,SKU002,Snacks,South,354.36,0,0,40,7,38.06,1.94
2025-10-12,S01,SKU002,Snacks,South,350.22,0,0,42,8,38.13,3.87
2025-10-13,S01,SKU002,Snacks,South,346.46,0,0,31,4,35.45,4.45
2025-10-14,S01,SKU002,Snacks,South,357.82,0,0,28,9,35.6,7.6
2025-10-15,S01,SKU002,Snacks,South,358.64,0,0,37,9,35.72,1.28
2025-10-16,S01,SKU002,Snacks,South,356.6,0,0,41,9,35.42,5.58
2025-10-17,S01,SKU002,Snacks,South,352.47,0,0,38,7,35.18,2.82
2025-10-18,S01,SKU002,Snacks,South,359.92,0,0,38,4,38.62,0.62
2025-10-19,S01,SKU002,Snacks,South,365.26,0,0,37,4,38.69,1.69
2025-10-20,S01,SKU002,Snacks,South,355.1,0,0,35,4,35.75,0.75
2025-10-21,S01,SKU002,Snacks,South,354.53,0,0,38,8,36.12,1.88
2025-10-22,S01,SKU002,Snacks,South,353.96,0,0,40,4,35.42,4.58
2025-10-23,S01,SKU002,Snacks,South,352.23,0,0,34,7,35.99,1.99
2025-10-24,S01,SKU002,Snacks,South,358.77,0,0,34,9,35.74,1.74
2025-10-25,S01,SKU002,Snacks,South,353.43,0,0,47,6,39.0,8.0
2025-10-26,S01,SKU002,Snacks,South,344.38,0,0,36,3,38.59,2.59
2025-10-27,S01,SKU002,Snacks,South,346.15,0,0,35,6,35.91,0.91
2025-10-28,S01,SKU002,Snacks,South,361.13,0,0,40,3,35.56,4.44
2025-10-29,S01,SKU002,Snacks,South,349.41,0,0,31,3,36.04,5.04
2025-10-30,S01,SKU002,Snacks,South,330.61,1,0,54,3,47.25,6.75
2025-10-31,S01,SKU002,Snacks,South,322.75,1,0,51,8,47.72,3.28
2025-11-01,S01,SKU002,Snacks,South,365.58,0,0,32,2,40.46,8.46
2025-11-02,S01,SKU002,Snacks,South,361.19,0,0,34,8,39.08,5.08
2025-11-03,S01,SKU002,Snacks,South,353.55,0,0,30,8,36.4,6.4
2025-11-04,S01,SKU002,Snacks,South,358.29,0,0,41,3,36.5,4.5
2025-11-05,S01,SKU002,Snacks,South,349.95,0,0,37,4,36.46,0.54
2025-11-06,S01,SKU002,Snacks,South,326.83,1,0,45,4,47.21,2.21
2025-11-07,S01,SKU002,Snacks,South,348.36,0,0,34,7,36.29,2.29
2025-11-08,S01,SKU002,Snacks,South,359.73,0,0,45,6,39.44,5.56
2025-11-09,S01,SKU002,Snacks,South,351.86,0,0,44,6,39.08,4.92
2025-11-10,S01,SKU002,Snacks,South,353.26,0,0,41,7,37.27,3.73
2025-11-11,S01,SKU002,Snacks,South,363.22,0,0,38,8,37.45,0.55
2025-11-12,S01,SKU002,Snacks,South,357.72,0,0,32,9,37.94,5.94
2025-11-13,S01,SKU002,Snacks,South,350.19,0,0,39,7,38.72,0.28
2025-11-14,S01,SKU002,Snacks,South,361.42,0,0,41,6,38.1,2.9
2025-11-15,S01,SKU002,Snacks,South,355.12,0,0,43,9,40.47,2.53
2025-11-16,S01,SKU002,Snacks,South,365.95,0,0,49,5,40.76,8.24
2025-11-17,S01,SKU002,Snacks,South,352.01,0,0,39,4,38.19,0.81
2025-11-18,S01,SKU002,Snacks,South,357.4,0,0,42,4,38.76,3.24
2025-11-19,S01,SKU002,Snacks,South,355.29,0,0,31,6,38.79,7.79
2025-11-20,S01,SKU002,Snacks,South,356.24,0,0,45,3,38.78,6.22
2025-11-21,S01,SKU002,Snacks,South,355.74,0,0,34,3,39.52,5.52
2025-11-22,S01,SKU002,Snacks,South,360.71,0,0,49,9,42.3,6.7
2025-11-23,S01,SKU002,Snacks,South,360.36,0,0,47,3,42.59,4.41
2025-11-24,S01,SKU002,Snacks,South,363.95,0,0,43,6,39.21,3.79
2025-11-25,S01,SKU002,Snacks,South,356.11,0,0,32,4,40.52,8.52
2025-11-26,S01,SKU002,Snacks,South,321.69,1,0,56,9,50.33,5.67
2025-11-27,S01,SKU002,Snacks,South,350.71,0,0,40,4,41.12,1.12
2025-11-28,S01,SKU002,Snacks,South,362.11,0,0,43,3,40.84,2.16
2025-11-29,S01,SKU002,Snacks,South,360.75,0,0,40,6,42.47,2.47
2025-11-30,S01,SKU002,Snacks,South,345.05,0,0,51,5,44.52,6.48
2025-12-01,S01,SKU002,Snacks,South,343.43,0,0,45,5,40.51,4.49
2025-12-02,S01,SKU002,Snacks,South,351.21,0,0,45,4,41.57,3.43
2025-12-03,S01,SKU002,Snacks,South,351.28,0,0,43,2,42.33,0.67
2025-12-04,S01,SKU002,Snacks,South,348.84,0,0,40,8,42.18,2.18
2025-12-05,S01,SKU002,Snacks,South,347.22,0,0,47,5,41.94,5.06
2025-12-06,S01,SKU002,Snacks,South,352.37,0,0,43,9,45.64,2.64
2025-12-07,S01,SKU002,Snacks,South,360.74,0,0,42,7,45.86,3.86
2025-12-08,S01,SKU002,Snacks,South,355.78,0,0,34,7,41.86,7.86
2025-12-09,S01,SKU002,Snacks,South,356.97,0,0,44,8,42.0,2.0
2025-12-10,S01,SKU002,Snacks,South,352.11,0,0,47,5,41.72,5.28
2025-12-11,S01,SKU002,Snacks,South,351.74,0,0,40,6,42.03,2.03
2025-12-12,S01,SKU002,Snacks,South,360.47,0,0,41,9,42.29,1.29
2025-12-13,S01,SKU002,Snacks,South,349.99,0,0,46,2,46.17,0.17
2025-12-14,S01,SKU002,Snacks,South,351.03,0,0,49,6,46.4,2.6
2025-12-15,S01,SKU002,Snacks,South,345.95,0,0,46,2,41.58,4.42
2025-12-16,S01,SKU002,Snacks,South,356.35,0,0,47,7,42.02,4.98
2025-12-17,S01,SKU002,Snacks,South,363.65,0,0,45,3,42.12,2.88
2025-12-18,S01,SKU002,Snacks,South,321.79,1,0,56,7,56.47,0.47
2025-12-19,S01,SKU002,Snacks,South,350.61,0,0,50,6,43.74,6.26
2025-12-20,S01,SKU002,Snacks,South,349.19,0,0,46,8,47.85,1.85
2025-12-21,S01,SKU002,Snacks,South,353.84,0,0,52,5,47.6,4.4
2025-12-22,S01,SKU002,Snacks,South,332.05,1,0,62,2,61.39,0.61
2025-12-23,S01,SKU002,Snacks,South,331.33,1,0,51,2,60.88,9.88
2025-12-24,S01,SKU002,Snacks,South,350.64,0,0,37,5,46.54,9.54
2025-12-25,S01,SKU002,Snacks,South,350.35,0,1,54,9,52.99,1.01
2025-12-26,S01,SKU002,Snacks,South,343.42,0,0,52,3,45.9,6.1
2025-12-27,S01,SKU002,Snacks,South,349.16,0,0,49,2,49.65,0.65
2025-12-28,S01,SKU002,Snacks,South,356.97,0,0,50,9,50.58,0.58
2025-12-29,S01,SKU002,Snacks,South,354.91,0,0,45,2,45.78,0.78
2025-12-30,S01,SKU002,Snacks,South,352.67,0,0,46,6,45.63,0.37
2025-12-31,S01,SKU002,Snacks,South,359.01,0,0,41,2,45.34,4.34
2025-08-13,S01,SKU003,Personal Care,South,261.32,0,0,26,3,21.32,4.68
2025-08-14,S01,SKU003,Personal Care,South,257.05,0,0,21,4,19.91,1.09
2025-08-15,S01,SKU003,Personal Care,South,256.1,0,1,16,6,24.96,8.96
2025-08-16,S01,SKU003,Personal Care,South,251.14,0,0,24,9,22.79,1.21
2025-08-17,S01,SKU003,Personal Care,South,259.49,0,0,20,8,22.34,2.34
2025-08-18,S01,SKU003,Personal Care,South,234.98,1,0,27,5,26.69,0.31
2025-08-19,S01,SKU003,Personal Care,South,256.76,0,0,18,2,21.75,3.75
2025-08-20,S01,SKU003,Personal Care,South,254.52,0,0,17,5,20.87,3.87
2025-08-21,S01,SKU003,Personal Care,South,259.12,0,0,13,7,20.63,7.63
2025-08-22,S01,SKU003,Personal Care,South,240.13,1,0,25,4,27.04,2.04
2025-08-23,S01,SKU003,Personal Care,South,263.71,0,0,24,3,22.21,1.79
2025-08-24,S01,SKU003,Personal Care,South,255.78,0,0,24,9,22.29,1.71
2025-08-25,S01,SKU003,Personal Care,South,258.02,0,0,29,4,20.9,8.1
2025-08-26,S01,SKU003,Personal Care,South,258.47,0,0,20,7,20.17,0.17
2025-08-27,S01,SKU003,Personal Care,South,257.15,0,0,21,3,20.24,0.76
2025-08-28,S01,SKU003,Personal Care,South,257.58,0,0,23,6,20.18,2.82
2025-08-29,S01,SKU003,Personal Care,South,258.14,0,0,13,7,21.27,8.27
2025-08-30,S01,SKU003,Personal Care,South,257.18,0,0,19,5,21.52,2.52
2025-08-31,S01,SKU003,Personal Care,South,263.46,0,0,28,2,21.84,6.16
2025-09-01,S01,SKU003,Personal Care,South,259.89,0,0,20,5,20.04,0.04
2025-09-02,S01,SKU003,Personal Care,South,258.8,0,0,17,7,19.74,2.74
2025-09-03,S01,SKU003,Personal Care,South,259.82,0,0,16,8,20.01,4.01
2025-09-04,S01,SKU003,Personal Care,South,233.67,1,0,23,5,26.25,3.25
2025-09-05,S01,SKU003,Personal Care,South,261.42,0,0,14,9,20.14,6.14
2025-09-06,S01,SKU003,Personal Care,South,262.34,0,0,18,7,21.16,3.16
2025-09-07,S01,SKU003,Personal Care,South,239.86,1,0,32,3,28.57,3.43
2025-09-08,S01,SKU003,Personal Care,South,259.57,0,0,20,7,19.66,0.34
2025-09-09,S01,SKU003,Personal Care,South,241.48,1,0,29,9,26.02,2.98
2025-09-10,S01,SKU003,Personal Care,South,257.65,0,0,18,5,19.89,1.89
2025-09-11,S01,SKU003,Personal Care,South,255.89,0,0,14,3,20.25,6.25
2025-09-12,S01,SKU003,Personal Care,South,251.45,0,0,17,5,19.9,2.9
2025-09-13,S01,SKU003,Personal Care,South,260.01,0,0,20,5,21.23,1.23
2025-09-14,S01,SKU003,Personal Care,South,256.79,0,0,17,8,21.86,4.86
2025-09-15,S01,SKU003,Personal Care,South,259.58,0,0,14,2,19.68,5.68
2025-09-16,S01,SKU003,Personal Care,South,256.19,0,0,24,7,18.72,5.28
2025-09-17,S01,SKU003,Personal Care,South,258.97,0,0,25,2,20.15,4.85
2025-09-18,S01,SKU003,Personal Care,South,257.65,0,0,28,3,19.6,8.4
2025-09-19,S01,SKU003,Personal Care,South,233.55,1,0,27,2,26.24,0.76
2025-09-20,S01,SKU003,Personal Care,South,253.16,0,0,23,7,21.56,1.44
2025-09-21,S01,SKU003,Personal Care,South,261.0,0,0,18,9,22.04,4.04
2025-09-22,S01,SKU003,Personal Care,South,255.66,0,0,14,7,20.13,6.13
2025-09-23,S01,SKU003,Personal Care,South,235.81,1,0,34,3,25.53,8.47
2025-09-24,S01,SKU003,Personal Care,South,262.87,0,0,14,5,20.09,6.09
2025-09-25,S01,SKU003,Personal Care,South,261.86,0,0,17,9,20.1,3.1
2025-09-26,S01,SKU003,Personal Care,South,238.39,1,0,22,4,25.63,3.63
2025-09-27,S01,SKU003,Personal Care,South,259.87,0,0,30,4,21.23,8.77
2025-09-28,S01,SKU003,Personal Care,South,259.68,0,0,24,7,21.17,2.83
2025-09-29,S01,SKU003,Personal Care,South,253.57,0,0,16,9,20.33,4.33
2025-09-30,S01,SKU003,Personal Care,South,236.0,1,0,21,3,26.16,5.16
2025-10-01,S01,SKU003,Personal Care,South,235.31,1,0,31,6,26.37,4.63
2025-10-02,S01,SKU003,Personal Care,South,231.35,1,1,31,9,27.77,3.23
2025-10-03,S01,SKU003,Personal Care,South,255.15,0,0,24,8,20.91,3.09
2025-10-04,S01,SKU003,Personal Care,South,254.21,0,0,20,5,22.57,2.57
2025-10-05,S01,SKU003,Personal Care,South,258.54,0,0,19,6,22.44,3.44
2025-10-06,S01,SKU003,Personal Care,South,257.68,0,0,19,3,20.53,1.53
2025-10-07,S01,SKU003,Personal Care,South,255.35,0,0,19,8,20.29,1.29
2025-10-08,S01,SKU003,Personal Care,South,235.34,1,0,27,3,26.94,0.06
2025-10-09,S01,SKU003,Personal Care,South,258.05,0,0,15,9,20.7,5.7
2025-10-10,S01,SKU003,Personal Care,South,254.19,0,0,27,7,19.82,7.18
2025-10-11,S01,SKU003,Personal Care,South,255.63,0,0,21,6,22.22,1.22
2025-10-12,S01,SKU003,Personal Care,South,256.84,0,0,16,9,21.87,5.87
2025-10-13,S01,SKU003,Personal Care,South,253.14,0,0,27,6,20.53,6.47
2025-10-14,S01,SKU003,Personal Care,South,262.59,0,0,26,7,20.53,5.47
2025-10-15,S01,SKU003,Personal Care,South,233.21,1,0,31,6,27.25,3.75
2025-10-16,S01,SKU003,Personal Care,South,267.13,0,0,17,9,21.97,4.97
2025-10-17,S01,SKU003,Personal Care,South,241.64,1,0,34,4,26.94,7.06
2025-10-18,S01,SKU003,Personal Care,South,255.62,0,0,16,2,22.96,6.96
2025-10-19,S01,SKU003,Personal Care,South,256.74,0,0,21,3,22.67,1.67
2025-10-20,S01,SKU003,Personal Care,South,250.32,0,0,26,3,21.61,4.39
2025-10-21,S01,SKU003,Personal Care,South,239.1,1,0,32,5,29.64,2.36
2025-10-22,S01,SKU003,Personal Care,South,249.29,0,0,20,3,22.23,2.23
2025-10-23,S01,SKU003,Personal Care,South,258.06,0,0,18,4,21.63,3.63
2025-10-24,S01,SKU003,Personal Care,South,260.09,0,0,17,5,21.68,4.68
2025-10-25,S01,SKU003,Personal Care,South,241.29,1,0,27,6,29.88,2.88
2025-10-26,S01,SKU003,Personal Care,South,255.79,0,0,23,7,22.73,0.27
2025-10-27,S01,SKU003,Personal Care,South,260.15,0,0,23,3,22.12,0.88
2025-10-28,S01,SKU003,Personal Care,South,254.11,0,0,19,9,22.23,3.23
2025-10-29,S01,SKU003,Personal Care,South,250.26,0,0,13,9,22.27,9.27
2025-10-30,S01,SKU003,Personal Care,South,257.23,0,0,16,7,21.02,5.02
2025-10-31,S01,SKU003,Personal Care,South,261.71,0,0,19,7,20.94,1.94
2025-11-01,S01,SKU003,Personal Care,South,258.28,0,0,14,2,22.01,8.01
2025-11-02,S01,SKU003,Personal Care,South,257.08,0,0,18,2,22.58,4.58
2025-11-03,S01,SKU003,Personal Care,South,232.13,1,0,26,6,28.3,2.3
2025-11-04,S01,SKU003,Personal Care,South,254.54,0,0,20,3,20.88,0.88
2025-11-05,S01,SKU003,Personal Care,South,263.47,0,0,12,4,21.08,9.08
2025-11-06,S01,SKU003,Personal Care,South,256.44,0,0,11,5,20.94,9.94
2025-11-07,S01,SKU003,Personal Care,South,246.8,0,0,22,7,21.07,0.93
2025-11-08,S01,SKU003,Personal Care,South,255.68,0,0,26,4,22.21,3.79
2025-11-09,S01,SKU003,Personal Care,South,252.39,0,0,21,5,21.9,0.9
2025-11-10,S01,SKU003,Personal Care,South,252.61,0,0,21,6,20.78,0.22
2025-11-11,S01,SKU003,Personal Care,South,238.85,1,0,28,5,28.11,0.11
2025-11-12,S01,SKU003,Personal Care,South,259.4,0,0,19,8,20.63,1.63
2025-11-13,S01,SKU003,Personal Care,South,261.54,0,0,17,6,21.15,4.15
2025-11-14,S01,SKU003,Personal Care,South,260.4,0,0,15,7,21.46,6.46
2025-11-15,S01,SKU003,Personal Care,South,261.66,0,0,22,9,20.49,1.51
2025-11-16,S01,SKU003,Personal Care,South,233.83,1,0,27,5,29.24,2.24
2025-11-17,S01,SKU003,Personal Care,South,232.94,1,0,27,6,27.78,0.78
2025-11-18,S01,SKU003,Personal Care,South,262.31,0,0,26,7,20.84,5.16
2025-11-19,S01,SKU003,Personal Care,South,228.59,1,0,22,6,27.44,5.44
2025-11-20,S01,SKU003,Personal Care,South,256.23,0,0,22,6,20.03,1.97
2025-11-21,S01,SKU003,Personal Care,South,255.27,0,0,18,2,20.5,2.5
2025-11-22,S01,SKU003,Personal Care,South,236.35,1,0,35,4,29.16,5.84
2025-11-23,S01,SKU003,Personal Care,South,257.96,0,0,25,9,23.07,1.93
2025-11-24,S01,SKU003,Personal Care,South,258.07,0,0,25,2,21.47,3.53
2025-11-25,S01,SKU003,Personal Care,South,258.95,0,0,18,8,22.34,4.34
2025-11-26,S01,SKU003,Personal Care,South,259.95,0,0,16,5,21.23,5.23
2025-11-27,S01,SKU003,Personal Care,South,248.33,0,0,19,5,21.54,2.54
2025-11-28,S01,SKU003,Personal Care,South,257.95,0,0,6,4,21.4,15.4
2025-11-29,S01,SKU003,Personal Care,South,258.8,0,0,25,4,22.24,2.76
2025-11-30,S01,SKU003,Personal Care,South,256.85,0,0,16,5,22.76,6.76
2025-12-01,S01,SKU003,Personal Care,South,252.62,0,0,12,7,22.4,10.4
2025-12-02,S01,SKU003,Personal Care,South,256.45,0,0,23,7,21.37,1.63
2025-12-03,S01,SKU003,Personal Care,South,250.58,0,0,26,7,20.4,5.6
2025-12-04,S01,SKU003,Personal Care,South,257.28,0,0,23,4,20.41,2.59
2025-12-05,S01,SKU003,Personal Care,South,250.4,0,0,18,4,22.01,4.01
2025-12-06,S01,SKU003,Personal Care,South,261.24,0,0,17,4,22.69,5.69
2025-12-07,S01,SKU003,Personal Care,South,258.11,0,0,28,9,24.68,3.32
2025-12-08,S01,SKU003,Personal Care,South,256.83,0,0,24,7,22.56,1.44
2025-12-09,S01,SKU003,Personal Care,South,247.3,0,0,24,2,21.53,2.47
2025-12-10,S01,SKU003,Personal Care,South,255.47,0,0,30,5,21.96,8.04
2025-12-11,S01,SKU003,Personal Care,South,259.12,0,0,25,3,21.74,3.26
2025-12-12,S01,SKU003,Personal Care,South,254.97,0,0,15,8,22.36,7.36
2025-12-13,S01,SKU003,Personal Care,South,259.12,0,0,26,8,23.96,2.04
2025-12-14,S01,SKU003,Personal Care,South,252.46,0,0,23,8,24.38,1.38
2025-12-15,S01,SKU003,Personal Care,South,255.97,0,0,20,8,21.45,1.45
2025-12-16,S01,SKU003,Personal Care,South,263.65,0,0,24,5,22.19,1.81
2025-12-17,S01,SKU003,Personal Care,South,260.42,0,0,25,4,22.1,2.9
2025-12-18,S01,SKU003,Personal Care,South,258.01,0,0,26,2,21.9,4.1
2025-12-19,S01,SKU003,Personal Care,South,258.12,0,0,22,7,23.54,1.54
2025-12-20,S01,SKU003,Personal Care,South,259.01,0,0,27,6,23.2,3.8
2025-12-21,S01,SKU003,Personal Care,South,254.37,0,0,23,3,23.43,0.43
2025-12-22,S01,SKU003,Personal Care,South,254.98,0,0,24,9,22.29,1.71
2025-12-23,S01,SKU003,Personal Care,South,259.64,0,0,10,5,22.57,12.57
2025-12-24,S01,SKU003,Personal Care,South,259.24,0,0,23,6,23.07,0.07
2025-12-25,S01,SKU003,Personal Care,South,257.1,0,1,27,8,22.1,4.9
2025-12-26,S01,SKU003,Personal Care,South,261.69,0,0,28,7,21.53,6.47
2025-12-27,S01,SKU003,Personal Care,South,230.55,1,0,39,7,30.15,8.85
2025-12-28,S01,SKU003,Personal Care,South,253.74,0,0,20,9,24.07,4.07
2025-12-29,S01,SKU003,Personal Care,South,253.8,0,0,29,2,23.62,5.38
2025-12-30,S01,SKU003,Personal Care,South,257.32,0,0,17,8,23.98,6.98
2025-12-31,S01,SKU003,Personal Care,South,253.31,0,0,22,9,22.59,0.59
2025-08-13,S01,SKU004,Household,South,133.17,0,0,44,3,47.79,3.79
2025-08-14,S01,SKU004,Household,South,126.32,1,0,67,8,64.12,2.88
2025-08-15,S01,SKU004,Household,South,126.44,1,1,65,6,70.0,5.0
2025-08-16,S01,SKU004,Household,South,138.57,0,0,45,5,51.62,6.62
2025-08-17,S01,SKU004,Household,South,140.28,0,0,43,7,51.57,8.57
2025-08-18,S01,SKU004,Household,South,138.0,0,0,60,2,48.04,11.96
2025-08-19,S01,SKU004,Household,South,138.89,0,0,49,7,48.61,0.39
2025-08-20,S01,SKU004,Household,South,140.84,0,0,44,9,48.47,4.47
2025-08-21,S01,SKU004,Household,South,140.38,0,0,41,9,47.35,6.35
2025-08-22,S01,SKU004,Household,South,138.67,0,0,35,8,46.83,11.83
2025-08-23,S01,SKU004,Household,South,139.21,0,0,54,9,49.4,4.6
2025-08-24,S01,SKU004,Household,South,131.56,1,0,60,7,64.01,4.01
2025-08-25,S01,SKU004,Household,South,128.79,1,0,58,7,63.25,5.25
2025-08-26,S01,SKU004,Household,South,125.95,1,0,66,2,64.37,1.63
2025-08-27,S01,SKU004,Household,South,139.13,0,0,46,3,47.13,1.13
2025-08-28,S01,SKU004,Household,South,137.58,0,0,41,6,46.62,5.62
2025-08-29,S01,SKU004,Household,South,139.75,0,0,38,9,47.29,9.29
2025-08-30,S01,SKU004,Household,South,139.35,0,0,52,7,49.82,2.18
2025-08-31,S01,SKU004,Household,South,138.96,0,0,48,3,50.69,2.69
2025-09-01,S01,SKU004,Household,South,136.31,0,0,34,4,47.26,13.26
2025-09-02,S01,SKU004,Household,South,134.37,0,0,44,7,45.05,1.05
2025-09-03,S01,SKU004,Household,South,135.39,0,0,56,8,45.33,10.67
2025-09-04,S01,SKU004,Household,South,135.48,0,0,45,5,44.68,0.32
2025-09-05,S01,SKU004,Household,South,124.13,1,0,72,8,59.17,12.83
2025-09-06,S01,SKU004,Household,South,140.01,0,0,56,3,50.54,5.46
2025-09-07,S01,SKU004,Household,South,135.52,0,0,49,9,49.17,0.17
2025-09-08,S01,SKU004,Household,South,134.62,0,0,40,2,46.96,6.96
2025-09-09,S01,SKU004,Household,South,138.93,0,0,42,4,45.49,3.49
2025-09-10,S01,SKU004,Household,South,139.34,0,0,37,9,45.6,8.6
2025-09-11,S01,SKU004,Household,South,136.34,0,0,53,6,45.61,7.39
2025-09-12,S01,SKU004,Household,South,140.14,0,0,28,4,45.54,17.54
2025-09-13,S01,SKU004,Household,South,140.29,0,0,51,2,47.87,3.13
2025-09-14,S01,SKU004,Household,South,132.76,0,0,50,4,47.55,2.45
2025-09-15,S01,SKU004,Household,South,140.35,0,0,49,5,42.86,6.14
2025-09-16,S01,SKU004,Household,South,137.56,0,0,45,2,43.6,1.4
2025-09-17,S01,SKU004,Household,South,139.29,0,0,35,5,43.57,8.57
2025-09-18,S01,SKU004,Household,South,137.57,0,0,45,7,43.28,1.72
2025-09-19,S01,SKU004,Household,South,141.91,0,0,44,6,42.0,2.0
2025-09-20,S01,SKU004,Household,South,140.08,0,0,50,8,48.11,1.89
2025-09-21,S01,SKU004,Household,South,139.53,0,0,38,6,48.12,10.12
2025-09-22,S01,SKU004,Household,South,137.6,0,0,46,3,43.54,2.46
2025-09-23,S01,SKU004,Household,South,139.21,0,0,37,4,42.44,5.44
2025-09-24,S01,SKU004,Household,South,138.81,0,0,34,8,42.69,8.69
2025-09-25,S01,SKU004,Household,South,134.97,0,0,42,4,42.16,0.16
2025-09-26,S01,SKU004,Household,South,123.83,1,0,54,6,55.1,1.1
2025-09-27,S01,SKU004,Household,South,134.5,0,0,48,4,45.94,2.06
2025-09-28,S01,SKU004,Household,South,139.25,0,0,47,5,46.11,0.89
2025-09-29,S01,SKU004,Household,South,124.92,1,0,55,8,56.86,1.86
2025-09-30,S01,SKU004,Household,South,138.19,0,0,43,8,43.23,0.23
2025-10-01,S01,SKU004,Household,South,135.22,0,0,43,2,44.34,1.34
2025-10-02,S01,SKU004,Household,South,137.29,0,1,54,5,49.74,4.26
2025-10-03,S01,SKU004,Household,South,137.61,0,0,41,3,43.83,2.83
2025-10-04,S01,SKU004,Household,South,126.24,1,0,62,3,62.31,0.31
2025-10-05,S01,SKU004,Household,South,137.52,0,0,46,7,45.43,0.57
2025-10-06,S01,SKU004,Household,South,136.57,0,0,47,7,43.05,3.95
2025-10-07,S01,SKU004,Household,South,137.62,0,0,38,7,43.48,5.48
2025-10-08,S01,SKU004,Household,South,137.35,0,0,41,3,42.92,1.92
2025-10-09,S01,SKU004,Household,South,139.04,0,0,42,3,43.14,1.14
2025-10-10,S01,SKU004,Household,South,136.42,0,0,45,5,41.67,3.33
2025-10-11,S01,SKU004,Household,South,134.1,0,0,48,8,46.12,1.88
2025-10-12,S01,SKU004,Household,South,138.25,0,0,37,2,46.23,9.23
2025-10-13,S01,SKU004,Household,South,138.86,0,0,38,9,42.96,4.96
2025-10-14,S01,SKU004,Household,South,139.41,0,0,41,8,42.75,1.75
2025-10-15,S01,SKU004,Household,South,134.3,0,0,39,4,42.26,3.26
2025-10-16,S01,SKU004,Household,South,141.13,0,0,54,4,42.65,11.35
2025-10-17,S01,SKU004,Household,South,125.75,1,0,57,3,56.25,0.75
2025-10-18,S01,SKU004,Household,South,136.82,0,0,55,6,46.07,8.93
2025-10-19,S01,SKU004,Household,South,136.46,0,0,48,5,46.6,1.4
2025-10-20,S01,SKU004,Household,South,138.17,0,0,47,3,43.97,3.03
2025-10-21,S01,SKU004,Household,South,137.74,0,0,44,8,44.52,0.52
2025-10-22,S01,SKU004,Household,South,135.26,0,0,46,2,44.69,1.31
2025-10-23,S01,SKU004,Household,South,138.75,0,0,44,9,44.82,0.82
2025-10-24,S01,SKU004,Household,South,129.31,1,0,52,2,58.98,6.98
2025-10-25,S01,SKU004,Household,South,137.2,0,0,45,8,47.85,2.85
2025-10-26,S01,SKU004,Household,South,127.79,1,0,58,2,61.45,3.45
2025-10-27,S01,SKU004,Household,South,138.55,0,0,42,3,44.73,2.73
2025-10-28,S01,SKU004,Household,South,142.13,0,0,39,4,44.54,5.54
2025-10-29,S01,SKU004,Household,South,139.81,0,0,48,3,44.59,3.41
2025-10-30,S01,SKU004,Household,South,138.01,0,0,45,3,44.71,0.29
2025-10-31,S01,SKU004,Household,South,128.19,1,0,57,5,60.05,3.05
2025-11-01,S01,SKU004,Household,South,138.38,0,0,48,8,48.39,0.39
2025-11-02,S01,SKU004,Household,South,137.59,0,0,41,3,48.71,7.71
2025-11-03,S01,SKU004,Household,South,135.26,0,0,40,3,45.01,5.01
2025-11-04,S01,SKU004,Household,South,137.81,0,0,35,4,44.61,9.61
2025-11-05,S01,SKU004,Household,South,137.07,0,0,45,6,44.89,0.11
2025-11-06,S01,SKU004,Household,South,128.48,1,0,65,4,57.61,7.39
2025-11-07,S01,SKU004,Household,South,139.32,0,0,58,3,44.99,13.01
2025-11-08,S01,SKU004,Household,South,134.36,0,0,50,4,48.72,1.28
2025-11-09,S01,SKU004,Household,South,129.01,1,0,64,9,64.91,0.91
2025-11-10,S01,SKU004,Household,South,139.09,0,0,45,3,44.82,0.18
2025-11-11,S01,SKU004,Household,South,140.61,0,0,51,5,46.09,4.91
2025-11-12,S01,SKU004,Household,South,133.58,0,0,46,2,47.25,1.25
2025-11-13,S01,SKU004,Household,South,125.69,1,0,61,4,61.65,0.65
2025-11-14,S01,SKU004,Household,South,135.36,0,0,53,2,48.55,4.45
2025-11-15,S01,SKU004,Household,South,128.78,1,0,70,7,68.15,1.85
2025-11-16,S01,SKU004,Household,South,138.63,0,0,54,8,51.21,2.79
2025-11-17,S01,SKU004,Household,South,134.2,0,0,45,7,48.96,3.96
2025-11-18,S01,SKU004,Household,South,125.77,1,0,70,5,62.77,7.23
2025-11-19,S01,SKU004,Household,South,140.33,0,0,46,6,49.58,3.58
2025-11-20,S01,SKU004,Household,South,139.87,0,0,40,7,49.39,9.39
2025-11-21,S01,SKU004,Household,South,138.14,0,0,55,5,49.42,5.58
2025-11-22,S01,SKU004,Household,South,134.51,0,0,56,9,52.6,3.4
2025-11-23,S01,SKU004,Household,South,138.84,0,0,55,2,54.81,0.19
2025-11-24,S01,SKU004,Household,South,136.54,0,0,49,9,49.7,0.7
2025-11-25,S01,SKU004,Household,South,137.6,0,0,47,4,49.26,2.26
2025-11-26,S01,SKU004,Household,South,137.99,0,0,45,6,50.35,5.35
2025-11-27,S01,SKU004,Household,South,137.4,0,0,40,8,49.68,9.68
2025-11-28,S01,SKU004,Household,South,139.07,0,0,50,3,51.1,1.1
2025-11-29,S01,SKU004,Household,South,142.33,0,0,48,4,56.1,8.1
2025-11-30,S01,SKU004,Household,South,135.83,0,0,49,5,54.8,5.8
2025-12-01,S01,SKU004,Household,South,140.6,0,0,56,3,48.99,7.01
2025-12-02,S01,SKU004,Household,South,131.04,1,0,62,3,65.7,3.7
2025-12-03,S01,SKU004,Household,South,134.2,0,0,46,8,51.02,5.02
2025-12-04,S01,SKU004,Household,South,137.79,0,0,48,4,50.78,2.78
2025-12-05,S01,SKU004,Household,South,140.08,0,0,49,5,51.14,2.14
2025-12-06,S01,SKU004,Household,South,135.42,0,0,50,5,55.72,5.72
2025-12-07,S01,SKU004,Household,South,139.07,0,0,50,7,55.95,5.95
2025-12-08,S01,SKU004,Household,South,138.88,0,0,45,9,49.81,4.81
2025-12-09,S01,SKU004,Household,South,135.96,0,0,51,6,49.35,1.65
2025-12-10,S01,SKU004,Household,South,139.56,0,0,51,2,49.79,1.21
2025-12-11,S01,SKU004,Household,South,135.68,0,0,38,2,50.55,12.55
2025-12-12,S01,SKU004,Household,South,141.17,0,0,52,3,49.63,2.37
2025-12-13,S01,SKU004,Household,South,137.55,0,0,64,6,53.72,10.28
2025-12-14,S01,SKU004,Household,South,136.84,0,0,46,4,54.73,8.73
2025-12-15,S01,SKU004,Household,South,123.62,1,0,63,3,65.68,2.68
2025-12-16,S01,SKU004,Household,South,137.73,0,0,52,2,49.35,2.65
2025-12-17,S01,SKU004,Household,South,138.17,0,0,57,8,49.47,7.53
2025-12-18,S01,SKU004,Household,South,144.31,0,0,48,2,49.08,1.08
2025-12-19,S01,SKU004,Household,South,137.57,0,0,43,4,49.8,6.8
2025-12-20,S01,SKU004,Household,South,123.34,1,0,75,9,68.99,6.01
2025-12-21,S01,SKU004,Household,South,139.26,0,0,68,8,54.39,13.61
2025-12-22,S01,SKU004,Household,South,137.7,0,0,49,4,49.92,0.92
2025-12-23,S01,SKU004,Household,South,139.71,0,0,50,6,50.9,0.9
2025-12-24,S01,SKU004,Household,South,138.87,0,0,47,9,51.0,4.0
2025-12-25,S01,SKU004,Household,South,137.25,0,1,57,7,58.24,1.24
2025-12-26,S01,SKU004,Household,South,134.61,0,0,47,9,51.17,4.17
2025-12-27,S01,SKU004,Household,South,140.56,0,0,64,8,54.36,9.64
2025-12-28,S01,SKU004,Household,South,137.83,0,0,62,2,55.18,6.82
2025-12-29,S01,SKU004,Household,South,138.91,0,0,48,3,52.61,4.61
2025-12-30,S01,SKU004,Household,South,138.25,0,0,55,5,52.28,2.72
2025-12-31,S01,SKU004,Household,South,138.41,0,0,52,7,51.47,0.53
2025-08-13,S01,SKU005,Beverages,South,167.91,0,0,58,3,56.87,1.13
2025-08-14,S01,SKU005,Beverages,South,163.19,0,0,64,6,57.31,6.69
2025-08-15,S01,SKU005,Beverages,South,164.31,0,1,70,7,66.03,3.97
2025-08-16,S01,SKU005,Beverages,South,167.75,0,0,59,6,62.95,3.95
2025-08-17,S01,SKU005,Beverages,South,162.61,0,0,62,9,62.31,0.31
2025-08-18,S01,SKU005,Beverages,South,161.89,0,0,56,4,56.63,0.63
2025-08-19,S01,SKU005,Beverages,South,165.77,0,0,56,9,57.41,1.41
2025-08-20,S01,SKU005,Beverages,South,161.82,0,0,54,3,57.44,3.44
2025-08-21,S01,SKU005,Beverages,South,166.67,0,0,52,4,56.34,4.34
2025-08-22,S01,SKU005,Beverages,South,166.25,0,0,53,2,55.95,2.95
2025-08-23,S01,SKU005,Beverages,South,166.59,0,0,66,5,59.6,6.4
2025-08-24,S01,SKU005,Beverages,South,166.06,0,0,50,4,60.12,10.12
2025-08-25,S01,SKU005,Beverages,South,165.37,0,0,51,3,54.82,3.82
2025-08-26,S01,SKU005,Beverages,South,168.85,0,0,61,3,55.15,5.85
2025-08-27,S01,SKU005,Beverages,South,165.08,0,0,53,2,55.62,2.62
2025-08-28,S01,SKU005,Beverages,South,153.28,1,0,75,7,71.0,4.0
2025-08-29,S01,SKU005,Beverages,South,169.78,0,0,55,2,55.13,0.13
2025-08-30,S01,SKU005,Beverages,South,169.45,0,0,57,5,59.27,2.27
2025-08-31,S01,SKU005,Beverages,South,164.81,0,0,56,3,59.14,3.14
2025-09-01,S01,SKU005,Beverages,South,168.42,0,0,57,4,54.55,2.45
2025-09-02,S01,SKU005,Beverages,South,166.19,0,0,52,3,54.65,2.65
2025-09-03,S01,SKU005,Beverages,South,152.21,1,0,75,3,70.14,4.86
2025-09-04,S01,SKU005,Beverages,South,166.43,0,0,54,5,53.89,0.11
2025-09-05,S01,SKU005,Beverages,South,165.65,0,0,50,9,54.63,4.63
2025-09-06,S01,SKU005,Beverages,South,166.62,0,0,58,5,58.72,0.72
2025-09-07,S01,SKU005,Beverages,South,169.55,0,0,54,4,58.11,4.11
2025-09-08,S01,SKU005,Beverages,South,164.9,0,0,50,5,55.22,5.22
2025-09-09,S01,SKU005,Beverages,South,165.82,0,0,56,9,53.09,2.91
2025-09-10,S01,SKU005,Beverages,South,170.69,0,0,43,5,53.14,10.14
2025-09-11,S01,SKU005,Beverages,South,160.49,0,0,53,5,51.85,1.15
2025-09-12,S01,SKU005,Beverages,South,164.73,0,0,58,2,51.87,6.13
2025-09-13,S01,SKU005,Beverages,South,166.67,0,0,50,6,55.13,5.13
2025-09-14,S01,SKU005,Beverages,South,155.14,1,0,77,8,73.18,3.82
2025-09-15,S01,SKU005,Beverages,South,171.84,0,0,51,8,52.09,1.09
2025-09-16,S01,SKU005,Beverages,South,166.7,0,0,62,8,52.09,9.91
2025-09-17,S01,SKU005,Beverages,South,165.39,0,0,55,9,52.2,2.8
2025-09-18,S01,SKU005,Beverages,South,167.32,0,0,60,8,52.82,7.18
2025-09-19,S01,SKU005,Beverages,South,166.41,0,0,54,3,53.28,0.72
2025-09-20,S01,SKU005,Beverages,South,163.98,0,0,64,6,57.08,6.92
2025-09-21,S01,SKU005,Beverages,South,166.4,0,0,61,7,54.21,6.79
2025-09-22,S01,SKU005,Beverages,South,164.31,0,0,56,8,53.27,2.73
2025-09-23,S01,SKU005,Beverages,South,168.62,0,0,57,5,53.77,3.23
2025-09-24,S01,SKU005,Beverages,South,166.84,0,0,56,4,53.44,2.56
2025-09-25,S01,SKU005,Beverages,South,166.99,0,0,53,9,54.12,1.12
2025-09-26,S01,SKU005,Beverages,South,169.61,0,0,50,7,53.22,3.22
2025-09-27,S01,SKU005,Beverages,South,162.83,0,0,49,7,56.46,7.46
2025-09-28,S01,SKU005,Beverages,South,166.77,0,0,60,7,55.19,4.81
2025-09-29,S01,SKU005,Beverages,South,163.41,0,0,53,6,51.91,1.09
2025-09-30,S01,SKU005,Beverages,South,167.14,0,0,51,7,51.98,0.98
2025-10-01,S01,SKU005,Beverages,South,167.34,0,0,56,9,52.67,3.33
2025-10-02,S01,SKU005,Beverages,South,166.83,0,1,63,4,58.68,4.32
2025-10-03,S01,SKU005,Beverages,South,166.75,0,0,57,2,52.01,4.99
2025-10-04,S01,SKU005,Beverages,South,165.58,0,0,53,5,56.24,3.24
2025-10-05,S01,SKU005,Beverages,South,164.05,0,0,61,3,57.05,3.95
2025-10-06,S01,SKU005,Beverages,South,164.05,0,0,59,3,52.89,6.11
2025-10-07,S01,SKU005,Beverages,South,168.49,0,0,53,2,53.18,0.18
2025-10-08,S01,SKU005,Beverages,South,164.75,0,0,55,4,53.49,1.51
2025-10-09,S01,SKU005,Beverages,South,167.87,0,0,60,6,53.75,6.25
2025-10-10,S01,SKU005,Beverages,South,170.85,0,0,50,7,54.08,4.08
2025-10-11,S01,SKU005,Beverages,South,164.45,0,0,57,9,57.08,0.08
2025-10-12,S01,SKU005,Beverages,South,151.0,1,0,69,2,75.72,6.72
2025-10-13,S01,SKU005,Beverages,South,166.6,0,0,60,4,53.81,6.19
2025-10-14,S01,SKU005,Beverages,South,162.32,0,0,58,7,54.36,3.64
2025-10-15,S01,SKU005,Beverages,South,168.37,0,0,54,6,54.29,0.29
2025-10-16,S01,SKU005,Beverages,South,164.65,0,0,54,5,54.23,0.23
2025-10-17,S01,SKU005,Beverages,South,163.8,0,0,54,7,53.83,0.17
2025-10-18,S01,SKU005,Beverages,South,162.07,0,0,58,9,57.69,0.31
2025-10-19,S01,SKU005,Beverages,South,166.82,0,0,48,4,57.28,9.28
2025-10-20,S01,SKU005,Beverages,South,166.6,0,0,51,8,52.96,1.96
2025-10-21,S01,SKU005,Beverages,South,163.73,0,0,57,4,52.97,4.03
2025-10-22,S01,SKU005,Beverages,South,165.8,0,0,51,7,52.84,1.84
2025-10-23,S01,SKU005,Beverages,South,163.31,0,0,58,2,52.91,5.09
2025-10-24,S01,SKU005,Beverages,South,166.98,0,0,52,6,52.9,0.9
2025-10-25,S01,SKU005,Beverages,South,162.86,0,0,62,2,56.61,5.39
2025-10-26,S01,SKU005,Beverages,South,168.08,0,0,53,5,56.22,3.22
2025-10-27,S01,SKU005,Beverages,South,166.77,0,0,56,4,53.26,2.74
2025-10-28,S01,SKU005,Beverages,South,164.19,0,0,52,8,53.88,1.88
2025-10-29,S01,SKU005,Beverages,South,164.04,0,0,51,2,53.35,2.35
2025-10-30,S01,SKU005,Beverages,South,167.96,0,0,55,6,53.87,1.13
2025-10-31,S01,SKU005,Beverages,South,164.4,0,0,57,6,53.15,3.85
2025-11-01,S01,SKU005,Beverages,South,167.75,0,0,60,6,57.37,2.63
2025-11-02,S01,SKU005,Beverages,South,168.2,0,0,64,5,57.7,6.3
2025-11-03,S01,SKU005,Beverages,South,169.4,0,0,56,2,55.12,0.88
2025-11-04,S01,SKU005,Beverages,South,165.93,0,0,51,2,54.92,3.92
2025-11-05,S01,SKU005,Beverages,South,168.47,0,0,54,4,54.49,0.49
2025-11-06,S01,SKU005,Beverages,South,154.85,1,0,75,5,71.96,3.04
2025-11-07,S01,SKU005,Beverages,South,165.81,0,0,61,5,54.62,6.38
2025-11-08,S01,SKU005,Beverages,South,166.2,0,0,72,7,60.14,11.86
2025-11-09,S01,SKU005,Beverages,South,167.61,0,0,63,7,59.05,3.95
2025-11-10,S01,SKU005,Beverages,South,165.25,0,0,55,8,56.29,1.29
2025-11-11,S01,SKU005,Beverages,South,166.31,0,0,62,4,55.67,6.33
2025-11-12,S01,SKU005,Beverages,South,168.63,0,0,60,7,56.49,3.51
2025-11-13,S01,SKU005,Beverages,South,164.8,0,0,55,6,55.82,0.82
2025-11-14,S01,SKU005,Beverages,South,166.74,0,0,66,2,55.75,10.25
2025-11-15,S01,SKU005,Beverages,South,164.21,0,0,55,8,60.08,5.08
2025-11-16,S01,SKU005,Beverages,South,165.82,0,0,65,4,61.36,3.64
2025-11-17,S01,SKU005,Beverages,South,168.16,0,0,50,9,57.88,7.88
2025-11-18,S01,SKU005,Beverages,South,168.35,0,0,57,9,56.69,0.31
2025-11-19,S01,SKU005,Beverages,South,165.04,0,0,57,7,57.68,0.68
2025-11-20,S01,SKU005,Beverages,South,169.01,0,0,65,7,57.87,7.13
2025-11-21,S01,SKU005,Beverages,South,170.65,0,0,59,5,57.77,1.23
2025-11-22,S01,SKU005,Beverages,South,165.0,0,0,65,4,63.64,1.36
2025-11-23,S01,SKU005,Beverages,South,166.29,0,0,66,7,63.42,2.58
2025-11-24,S01,SKU005,Beverages,South,159.03,0,0,68,4,59.34,8.66
2025-11-25,S01,SKU005,Beverages,South,164.32,0,0,54,6,60.31,6.31
2025-11-26,S01,SKU005,Beverages,South,164.53,0,0,56,3,59.7,3.7
2025-11-27,S01,SKU005,Beverages,South,157.72,1,0,82,3,75.48,6.52
2025-11-28,S01,SKU005,Beverages,South,166.63,0,0,62,9,60.88,1.12
2025-11-29,S01,SKU005,Beverages,South,152.08,1,0,90,3,84.66,5.34
2025-11-30,S01,SKU005,Beverages,South,163.39,0,0,64,6,67.56,3.56
2025-12-01,S01,SKU005,Beverages,South,166.56,0,0,62,7,61.23,0.77
2025-12-02,S01,SKU005,Beverages,South,167.41,0,0,62,7,62.04,0.04
2025-12-03,S01,SKU005,Beverages,South,152.48,1,0,82,5,81.86,0.14
2025-12-04,S01,SKU005,Beverages,South,167.75,0,0,65,4,62.41,2.59
2025-12-05,S01,SKU005,Beverages,South,169.24,0,0,67,5,63.24,3.76
2025-12-06,S01,SKU005,Beverages,South,172.26,0,0,63,7,67.84,4.84
2025-12-07,S01,SKU005,Beverages,South,168.29,0,0,73,9,68.28,4.72
2025-12-08,S01,SKU005,Beverages,South,169.93,0,0,56,9,62.72,6.72
2025-12-09,S01,SKU005,Beverages,South,161.03,0,0,62,2,62.95,0.95
2025-12-10,S01,SKU005,Beverages,South,173.67,0,0,70,6,62.07,7.93
2025-12-11,S01,SKU005,Beverages,South,167.76,0,0,66,8,62.61,3.39
2025-12-12,S01,SKU005,Beverages,South,167.06,0,0,56,3,63.17,7.17
2025-12-13,S01,SKU005,Beverages,South,166.8,0,0,68,3,67.06,0.94
2025-12-14,S01,SKU005,Beverages,South,166.15,0,0,73,4,69.19,3.81
2025-12-15,S01,SKU005,Beverages,South,170.42,0,0,59,6,64.24,5.24
2025-12-16,S01,SKU005,Beverages,South,167.84,0,0,59,7,64.76,5.76
2025-12-17,S01,SKU005,Beverages,South,162.15,0,0,73,9,63.98,9.02
2025-12-18,S01,SKU005,Beverages,South,156.13,1,0,88,7,88.28,0.28
2025-12-19,S01,SKU005,Beverages,South,167.87,0,0,73,7,64.97,8.03
2025-12-20,S01,SKU005,Beverages,South,167.33,0,0,67,7,71.69,4.69
2025-12-21,S01,SKU005,Beverages,South,165.81,0,0,60,4,72.15,12.15
2025-12-22,S01,SKU005,Beverages,South,163.69,0,0,69,7,65.95,3.05
2025-12-23,S01,SKU005,Beverages,South,164.79,0,0,64,8,67.17,3.17
2025-12-24,S01,SKU005,Beverages,South,164.62,0,0,66,6,66.65,0.65
2025-12-25,S01,SKU005,Beverages,South,163.53,0,1,74,3,76.91,2.91
2025-12-26,S01,SKU005,Beverages,South,165.8,0,0,69,9,65.74,3.26
2025-12-27,S01,SKU005,Beverages,South,164.0,0,0,70,9,70.82,0.82
2025-12-28,S01,SKU005,Beverages,South,165.68,0,0,79,6,71.67,7.33
2025-12-29,S01,SKU005,Beverages,South,169.74,0,0,77,4,65.07,11.93
2025-12-30,S01,SKU005,Beverages,South,165.96,0,0,65,2,66.38,1.38
2025-12-31,S01,SKU005,Beverages,South,172.87,0,0,68,8,64.82,3.18
2025-08-13,S01,SKU006,Snacks,South,247.05,0,0,53,4,52.2,0.8
2025-08-14,S01,SKU006,Snacks,South,248.16,0,0,53,5,52.87,0.13
2025-08-15,S01,SKU006,Snacks,South,246.55,0,1,67,8,60.14,6.86
2025-08-16,S01,SKU006,Snacks,South,250.43,0,0,58,6,57.03,0.97
2025-08-17,S01,SKU006,Snacks,South,251.07,0,0,64,6,56.15,7.85
2025-08-18,S01,SKU006,Snacks,South,253.06,0,0,51,3,51.94,0.94
2025-08-19,S01,SKU006,Snacks,South,246.2,0,0,46,5,52.83,6.83
2025-08-20,S01,SKU006,Snacks,South,240.73,0,0,61,9,51.44,9.56
2025-08-21,S01,SKU006,Snacks,South,241.24,0,0,59,5,52.96,6.04
2025-08-22,S01,SKU006,Snacks,South,245.76,0,0,48,8,52.54,4.54
2025-08-23,S01,SKU006,Snacks,South,222.31,1,0,66,6,74.11,8.11
2025-08-24,S01,SKU006,Snacks,South,245.43,0,0,61,3,56.43,4.57
2025-08-25,S01,SKU006,Snacks,South,239.57,0,0,49,3,52.43,3.43
2025-08-26,S01,SKU006,Snacks,South,246.26,0,0,47,2,51.76,4.76
2025-08-27,S01,SKU006,Snacks,South,242.14,0,0,53,5,51.65,1.35
2025-08-28,S01,SKU006,Snacks,South,243.08,0,0,48,7,51.6,3.6
2025-08-29,S01,SKU006,Snacks,South,245.21,0,0,49,2,51.35,2.35
2025-08-30,S01,SKU006,Snacks,South,245.9,0,0,59,3,54.53,4.47
2025-08-31,S01,SKU006,Snacks,South,238.94,0,0,50,5,54.12,4.12
2025-09-01,S01,SKU006,Snacks,South,242.25,0,0,56,6,50.29,5.71
2025-09-02,S01,SKU006,Snacks,South,242.19,0,0,59,2,50.21,8.79
2025-09-03,S01,SKU006,Snacks,South,244.15,0,0,53,9,50.29,2.71
2025-09-04,S01,SKU006,Snacks,South,244.5,0,0,47,4,50.41,3.41
2025-09-05,S01,SKU006,Snacks,South,245.26,0,0,47,3,50.52,3.52
2025-09-06,S01,SKU006,Snacks,South,239.67,0,0,58,3,54.13,3.87
2025-09-07,S01,SKU006,Snacks,South,243.53,0,0,54,5,54.32,0.32
2025-09-08,S01,SKU006,Snacks,South,226.03,1,0,66,8,66.77,0.77
2025-09-09,S01,SKU006,Snacks,South,223.23,1,0,57,4,66.5,9.5
2025-09-10,S01,SKU006,Snacks,South,243.03,0,0,52,5,50.46,1.54
2025-09-11,S01,SKU006,Snacks,South,249.18,0,0,47,9,50.44,3.44
2025-09-12,S01,SKU006,Snacks,South,243.85,0,0,57,8,50.25,6.75
2025-09-13,S01,SKU006,Snacks,South,242.81,0,0,51,6,54.65,3.65
2025-09-14,S01,SKU006,Snacks,South,240.3,0,0,59,6,54.07,4.93
2025-09-15,S01,SKU006,Snacks,South,254.11,0,0,43,9,49.42,6.42
2025-09-16,S01,SKU006,Snacks,South,242.83,0,0,57,4,49.22,7.78
2025-09-17,S01,SKU006,Snacks,South,243.55,0,0,45,6,50.5,5.5
2025-09-18,S01,SKU006,Snacks,South,245.08,0,0,42,4,48.93,6.93
2025-09-19,S01,SKU006,Snacks,South,244.05,0,0,50,5,49.14,0.86
2025-09-20,S01,SKU006,Snacks,South,243.68,0,0,53,5,53.38,0.38
2025-09-21,S01,SKU006,Snacks,South,247.96,0,0,54,7,53.22,0.78
2025-09-22,S01,SKU006,Snacks,South,245.85,0,0,48,7,48.73,0.73
2025-09-23,S01,SKU006,Snacks,South,246.19,0,0,49,5,49.08,0.08
2025-09-24,S01,SKU006,Snacks,South,245.11,0,0,49,7,48.76,0.24
2025-09-25,S01,SKU006,Snacks,South,227.99,1,0,68,3,65.62,2.38
2025-09-26,S01,SKU006,Snacks,South,247.45,0,0,40,6,49.19,9.19
2025-09-27,S01,SKU006,Snacks,South,239.65,0,0,49,5,52.68,3.68
2025-09-28,S01,SKU006,Snacks,South,242.21,0,0,51,9,52.64,1.64
2025-09-29,S01,SKU006,Snacks,South,241.57,0,0,49,8,48.47,0.53
2025-09-30,S01,SKU006,Snacks,South,252.76,0,0,53,3,48.68,4.32
2025-10-01,S01,SKU006,Snacks,South,219.19,1,0,70,4,65.5,4.5
2025-10-02,S01,SKU006,Snacks,South,241.55,0,1,59,3,54.6,4.4
2025-10-03,S01,SKU006,Snacks,South,245.47,0,0,47,5,49.34,2.34
2025-10-04,S01,SKU006,Snacks,South,250.32,0,0,55,2,53.65,1.35
2025-10-05,S01,SKU006,Snacks,South,221.96,1,0,70,2,71.08,1.08
2025-10-06,S01,SKU006,Snacks,South,249.09,0,0,49,2,50.75,1.75
2025-10-07,S01,SKU006,Snacks,South,243.28,0,0,58,6,50.89,7.11
2025-10-08,S01,SKU006,Snacks,South,248.5,0,0,51,9,50.15,0.85
2025-10-09,S01,SKU006,Snacks,South,248.55,0,0,55,5,49.96,5.04
2025-10-10,S01,SKU006,Snacks,South,243.32,0,0,51,9,50.03,0.97
2025-10-11,S01,SKU006,Snacks,South,249.88,0,0,62,2,54.23,7.77
2025-10-12,S01,SKU006,Snacks,South,249.36,0,0,63,6,54.11,8.89
2025-10-13,S01,SKU006,Snacks,South,238.62,0,0,48,5,50.71,2.71
2025-10-14,S01,SKU006,Snacks,South,243.18,0,0,59,2,50.98,8.02
2025-10-15,S01,SKU006,Snacks,South,242.0,0,0,49,2,50.79,1.79
2025-10-16,S01,SKU006,Snacks,South,244.17,0,0,55,8,50.66,4.34
2025-10-17,S01,SKU006,Snacks,South,235.38,0,0,42,4,51.31,9.31
2025-10-18,S01,SKU006,Snacks,South,245.69,0,0,49,5,53.68,4.68
2025-10-19,S01,SKU006,Snacks,South,222.26,1,0,65,5,70.42,5.42
2025-10-20,S01,SKU006,Snacks,South,227.73,1,0,60,4,67.08,7.08
2025-10-21,S01,SKU006,Snacks,South,243.0,0,0,54,9,51.78,2.22
2025-10-22,S01,SKU006,Snacks,South,240.76,0,0,50,4,51.71,1.71
2025-10-23,S01,SKU006,Snacks,South,240.49,0,0,50,3,51.81,1.81
2025-10-24,S01,SKU006,Snacks,South,244.53,0,0,44,6,51.18,7.18
2025-10-25,S01,SKU006,Snacks,South,242.11,0,0,53,7,54.72,1.72
2025-10-26,S01,SKU006,Snacks,South,238.94,0,0,52,3,55.01,3.01
2025-10-27,S01,SKU006,Snacks,South,240.01,0,0,49,2,52.05,3.05
2025-10-28,S01,SKU006,Snacks,South,246.25,0,0,43,3,52.24,9.24
2025-10-29,S01,SKU006,Snacks,South,226.64,1,0,66,6,68.0,2.0
2025-10-30,S01,SKU006,Snacks,South,242.73,0,0,58,4,50.56,7.44
2025-10-31,S01,SKU006,Snacks,South,242.45,0,0,51,2,50.96,0.04
2025-11-01,S01,SKU006,Snacks,South,247.18,0,0,59,7,56.38,2.62
2025-11-02,S01,SKU006,Snacks,South,246.54,0,0,55,5,56.16,1.16
2025-11-03,S01,SKU006,Snacks,South,242.6,0,0,56,2,51.45,4.55
2025-11-04,S01,SKU006,Snacks,South,247.76,0,0,54,3,52.04,1.96
2025-11-05,S01,SKU006,Snacks,South,246.52,0,0,53,4,51.63,1.37
2025-11-06,S01,SKU006,Snacks,South,246.75,0,0,45,7,51.91,6.91
2025-11-07,S01,SKU006,Snacks,South,249.07,0,0,60,6,51.88,8.12
2025-11-08,S01,SKU006,Snacks,South,250.75,0,0,56,2,55.93,0.07
2025-11-09,S01,SKU006,Snacks,South,250.29,0,0,57,8,55.93,1.07
2025-11-10,S01,SKU006,Snacks,South,244.61,0,0,55,9,51.98,3.02
2025-11-11,S01,SKU006,Snacks,South,244.76,0,0,49,4,51.67,2.67
2025-11-12,S01,SKU006,Snacks,South,243.56,0,0,54,6,51.98,2.02
2025-11-13,S01,SKU006,Snacks,South,237.66,0,0,50,3,51.82,1.82
2025-11-14,S01,SKU006,Snacks,South,240.64,0,0,57,4,51.91,5.09
2025-11-15,S01,SKU006,Snacks,South,245.49,0,0,62,7,56.61,5.39
2025-11-16,S01,SKU006,Snacks,South,239.22,0,0,58,9,57.27,0.73
2025-11-17,S01,SKU006,Snacks,South,242.91,0,0,54,7,52.31,1.69
2025-11-18,S01,SKU006,Snacks,South,244.52,0,0,53,5,52.2,0.8
2025-11-19,S01,SKU006,Snacks,South,226.06,1,0,67,7,68.88,1.88
2025-11-20,S01,SKU006,Snacks,South,248.78,0,0,57,6,53.15,3.85
2025-11-21,S01,SKU006,Snacks,South,241.65,0,0,55,3,54.12,0.88
2025-11-22,S01,SKU006,Snacks,South,249.69,0,0,62,9,57.97,4.03
2025-11-23,S01,SKU006,Snacks,South,244.01,0,0,56,9,58.68,2.68
2025-11-24,S01,SKU006,Snacks,South,244.39,0,0,48,5,55.73,7.73
2025-11-25,S01,SKU006,Snacks,South,250.53,0,0,56,9,54.56,1.44
2025-11-26,S01,SKU006,Snacks,South,241.67,0,0,62,8,55.3,6.7
2025-11-27,S01,SKU006,Snacks,South,241.74,0,0,44,9,55.63,11.63
2025-11-28,S01,SKU006,Snacks,South,242.95,0,0,60,8,53.87,6.13
2025-11-29,S01,SKU006,Snacks,South,223.86,1,0,74,8,75.88,1.88
2025-11-30,S01,SKU006,Snacks,South,248.38,0,0,59,3,60.59,1.59
2025-12-01,S01,SKU006,Snacks,South,245.75,0,0,53,3,55.98,2.98
2025-12-02,S01,SKU006,Snacks,South,244.12,0,0,54,3,55.95,1.95
2025-12-03,S01,SKU006,Snacks,South,252.22,0,0,59,4,56.3,2.7
2025-12-04,S01,SKU006,Snacks,South,222.63,1,0,65,9,72.79,7.79
2025-12-05,S01,SKU006,Snacks,South,227.77,1,0,79,3,71.5,7.5
2025-12-06,S01,SKU006,Snacks,South,249.6,0,0,62,4,60.57,1.43
2025-12-07,S01,SKU006,Snacks,South,225.97,1,0,81,7,78.56,2.44
2025-12-08,S01,SKU006,Snacks,South,246.58,0,0,49,3,57.77,8.77
2025-12-09,S01,SKU006,Snacks,South,247.38,0,0,64,4,57.86,6.14
2025-12-10,S01,SKU006,Snacks,South,242.53,0,0,53,8,59.84,6.84
2025-12-11,S01,SKU006,Snacks,South,243.37,0,0,61,3,56.47,4.53
2025-12-12,S01,SKU006,Snacks,South,229.12,1,0,69,8,74.35,5.35
2025-12-13,S01,SKU006,Snacks,South,250.71,0,0,61,6,64.34,3.34
2025-12-14,S01,SKU006,Snacks,South,241.38,0,0,57,6,63.59,6.59
2025-12-15,S01,SKU006,Snacks,South,229.82,1,0,73,8,76.03,3.03
2025-12-16,S01,SKU006,Snacks,South,244.62,0,0,55,4,59.38,4.38
2025-12-17,S01,SKU006,Snacks,South,245.52,0,0,60,5,59.41,0.59
2025-12-18,S01,SKU006,Snacks,South,247.22,0,0,54,9,59.7,5.7
2025-12-19,S01,SKU006,Snacks,South,243.4,0,0,60,9,57.35,2.65
2025-12-20,S01,SKU006,Snacks,South,229.06,1,0,78,6,84.1,6.1
2025-12-21,S01,SKU006,Snacks,South,243.14,0,0,62,4,65.69,3.69
2025-12-22,S01,SKU006,Snacks,South,238.6,0,0,63,9,59.62,3.38
2025-12-23,S01,SKU006,Snacks,South,241.51,0,0,64,4,61.09,2.91
2025-12-24,S01,SKU006,Snacks,South,248.07,0,0,59,9,60.3,1.3
2025-12-25,S01,SKU006,Snacks,South,236.25,0,1,64,7,68.92,4.92
2025-12-26,S01,SKU006,Snacks,South,229.43,1,0,85,4,80.73,4.27
2025-12-27,S01,SKU006,Snacks,South,242.67,0,0,72,9,65.64,6.36
2025-12-28,S01,SKU006,Snacks,South,250.01,0,0,64,7,67.54,3.54
2025-12-29,S01,SKU006,Snacks,South,225.45,1,0,87,4,81.45,5.55
2025-12-30,S01,SKU006,Snacks,South,245.06,0,0,62,5,61.7,0.3
2025-12-31,S01,SKU006,Snacks,South,242.34,0,0,56,4,62.66,6.66
2025-08-13,S01,SKU007,Personal Care,South,70.98,0,0,41,7,42.01,1.01
2025-08-14,S01,SKU007,Personal Care,South,71.68,0,0,44,6,42.32,1.68
2025-08-15,S01,SKU007,Personal Care,South,65.48,1,1,67,8,57.95,9.05
2025-08-16,S01,SKU007,Personal Care,South,72.06,0,0,52,6,44.34,7.66
2025-08-17,S01,SKU007,Personal Care,South,72.82,0,0,43,2,45.12,2.12
2025-08-18,S01,SKU007,Personal Care,South,72.28,0,0,40,8,42.53,2.53
2025-08-19,S01,SKU007,Personal Care,South,71.16,0,0,38,3,42.71,4.71
2025-08-20,S01,SKU007,Personal Care,South,70.56,0,0,36,3,42.53,6.53
2025-08-21,S01,SKU007,Personal Care,South,70.78,0,0,41,4,42.01,1.01
2025-08-22,S01,SKU007,Personal Care,South,73.83,0,0,36,6,41.97,5.97
2025-08-23,S01,SKU007,Personal Care,South,73.18,0,0,51,3,43.26,7.74
2025-08-24,S01,SKU007,Personal Care,South,71.81,0,0,45,2,44.68,0.32
2025-08-25,S01,SKU007,Personal Care,South,68.72,0,0,37,7,40.33,3.33
2025-08-26,S01,SKU007,Personal Care,South,71.1,0,0,36,9,40.42,4.42
2025-08-27,S01,SKU007,Personal Care,South,71.85,0,0,44,5,40.4,3.6
2025-08-28,S01,SKU007,Personal Care,South,69.92,0,0,47,9,40.41,6.59
2025-08-29,S01,SKU007,Personal Care,South,70.61,0,0,46,7,40.78,5.22
2025-08-30,S01,SKU007,Personal Care,South,71.87,0,0,43,3,44.32,1.32
2025-08-31,S01,SKU007,Personal Care,South,72.15,0,0,45,4,43.82,1.18
2025-09-01,S01,SKU007,Personal Care,South,69.67,0,0,37,5,40.83,3.83
2025-09-02,S01,SKU007,Personal Care,South,70.59,0,0,39,5,40.42,1.42
2025-09-03,S01,SKU007,Personal Care,South,69.42,0,0,38,4,40.89,2.89
2025-09-04,S01,SKU007,Personal Care,South,71.42,0,0,43,6,40.19,2.81
2025-09-05,S01,SKU007,Personal Care,South,70.1,0,0,38,5,40.35,2.35
2025-09-06,S01,SKU007,Personal Care,South,71.07,0,0,47,8,42.97,4.03
2025-09-07,S01,SKU007,Personal Care,South,70.96,0,0,51,9,42.15,8.85
2025-09-08,S01,SKU007,Personal Care,South,71.5,0,0,43,3,40.43,2.57
2025-09-09,S01,SKU007,Personal Care,South,65.07,1,0,56,4,50.88,5.12
2025-09-10,S01,SKU007,Personal Care,South,71.23,0,0,36,7,40.72,4.72
2025-09-11,S01,SKU007,Personal Care,South,71.15,0,0,38,5,40.78,2.78
2025-09-12,S01,SKU007,Personal Care,South,72.72,0,0,44,5,41.3,2.7
2025-09-13,S01,SKU007,Personal Care,South,71.22,0,0,40,2,42.54,2.54
2025-09-14,S01,SKU007,Personal Care,South,70.54,0,0,37,9,42.35,5.35
2025-09-15,S01,SKU007,Personal Care,South,72.04,0,0,41,2,39.3,1.7
2025-09-16,S01,SKU007,Personal Care,South,69.19,0,0,36,5,38.78,2.78
2025-09-17,S01,SKU007,Personal Care,South,71.99,0,0,33,9,38.34,5.34
2025-09-18,S01,SKU007,Personal Care,South,69.89,0,0,40,6,38.48,1.52
2025-09-19,S01,SKU007,Personal Care,South,69.39,0,0,44,5,38.38,5.62
2025-09-20,S01,SKU007,Personal Care,South,74.37,0,0,45,8,41.76,3.24
2025-09-21,S01,SKU007,Personal Care,South,73.08,0,0,42,4,41.88,0.12
2025-09-22,S01,SKU007,Personal Care,South,70.48,0,0,42,3,38.5,3.5
2025-09-23,S01,SKU007,Personal Care,South,71.37,0,0,38,3,39.04,1.04
2025-09-24,S01,SKU007,Personal Care,South,70.84,0,0,41,9,38.56,2.44
2025-09-25,S01,SKU007,Personal Care,South,72.16,0,0,38,3,39.59,1.59
2025-09-26,S01,SKU007,Personal Care,South,70.32,0,0,49,3,39.42,9.58
2025-09-27,S01,SKU007,Personal Care,South,71.07,0,0,44,2,42.69,1.31
2025-09-28,S01,SKU007,Personal Care,South,70.53,0,0,46,6,42.61,3.39
2025-09-29,S01,SKU007,Personal Care,South,66.1,1,0,41,2,50.73,9.73
2025-09-30,S01,SKU007,Personal Care,South,72.93,0,0,32,7,39.53,7.53
2025-10-01,S01,SKU007,Personal Care,South,72.86,0,0,41,7,40.18,0.82
2025-10-02,S01,SKU007,Personal Care,South,64.01,1,1,58,7,53.0,5.0
2025-10-03,S01,SKU007,Personal Care,South,65.86,1,0,49,8,52.61,3.61
2025-10-04,S01,SKU007,Personal Care,South,72.01,0,0,49,2,43.83,5.17
2025-10-05,S01,SKU007,Personal Care,South,71.17,0,0,41,7,44.01,3.01
2025-10-06,S01,SKU007,Personal Care,South,70.68,0,0,48,7,40.88,7.12
2025-10-07,S01,SKU007,Personal Care,South,65.44,1,0,49,2,52.58,3.58
2025-10-08,S01,SKU007,Personal Care,South,70.91,0,0,38,9,40.87,2.87
2025-10-09,S01,SKU007,Personal Care,South,65.57,1,0,46,6,54.27,8.27
2025-10-10,S01,SKU007,Personal Care,South,72.03,0,0,45,2,41.22,3.78
2025-10-11,S01,SKU007,Personal Care,South,70.99,0,0,41,5,43.45,2.45
2025-10-12,S01,SKU007,Personal Care,South,69.71,0,0,40,9,43.61,3.61
2025-10-13,S01,SKU007,Personal Care,South,71.01,0,0,38,9,40.96,2.96
2025-10-14,S01,SKU007,Personal Care,South,70.38,0,0,41,8,40.31,0.69
2025-10-15,S01,SKU007,Personal Care,South,71.64,0,0,40,2,41.06,1.06
2025-10-16,S01,SKU007,Personal Care,South,71.34,0,0,49,7,41.37,7.63
2025-10-17,S01,SKU007,Personal Care,South,72.06,0,0,42,4,42.07,0.07
2025-10-18,S01,SKU007,Personal Care,South,71.1,0,0,33,2,45.59,12.59
2025-10-19,S01,SKU007,Personal Care,South,70.75,0,0,48,4,43.48,4.52
2025-10-20,S01,SKU007,Personal Care,South,70.26,0,0,44,3,41.16,2.84
2025-10-21,S01,SKU007,Personal Care,South,71.36,0,0,39,5,41.25,2.25
2025-10-22,S01,SKU007,Personal Care,South,70.1,0,0,48,5,41.36,6.64
2025-10-23,S01,SKU007,Personal Care,South,70.19,0,0,39,3,41.52,2.52
2025-10-24,S01,SKU007,Personal Care,South,71.18,0,0,43,3,42.12,0.88
2025-10-25,S01,SKU007,Personal Care,South,68.04,1,0,54,3,55.22,1.22
2025-10-26,S01,SKU007,Personal Care,South,72.92,0,0,46,2,45.34,0.66
2025-10-27,S01,SKU007,Personal Care,South,70.82,0,0,41,3,41.78,0.78
2025-10-28,S01,SKU007,Personal Care,South,66.41,1,0,58,2,52.06,5.94
2025-10-29,S01,SKU007,Personal Care,South,70.24,0,0,43,3,42.8,0.2
2025-10-30,S01,SKU007,Personal Care,South,71.45,0,0,43,4,43.06,0.06
2025-10-31,S01,SKU007,Personal Care,South,72.08,0,0,40,5,43.1,3.1
2025-11-01,S01,SKU007,Personal Care,South,71.92,0,0,46,5,45.97,0.03
2025-11-02,S01,SKU007,Personal Care,South,70.4,0,0,44,2,46.07,2.07
2025-11-03,S01,SKU007,Personal Care,South,70.82,0,0,43,5,42.47,0.53
2025-11-04,S01,SKU007,Personal Care,South,72.89,0,0,35,6,42.52,7.52
2025-11-05,S01,SKU007,Personal Care,South,71.07,0,0,42,7,42.03,0.03
2025-11-06,S01,SKU007,Personal Care,South,71.05,0,0,44,7,42.54,1.46
2025-11-07,S01,SKU007,Personal Care,South,73.88,0,0,41,8,42.15,1.15
2025-11-08,S01,SKU007,Personal Care,South,71.99,0,0,46,3,45.62,0.38
2025-11-09,S01,SKU007,Personal Care,South,65.47,1,0,67,4,58.01,8.99
2025-11-10,S01,SKU007,Personal Care,South,71.5,0,0,37,8,40.65,3.65
2025-11-11,S01,SKU007,Personal Care,South,73.36,0,0,31,7,43.03,12.03
2025-11-12,S01,SKU007,Personal Care,South,71.85,0,0,50,8,42.83,7.17
2025-11-13,S01,SKU007,Personal Care,South,65.93,1,0,66,2,54.14,11.86
2025-11-14,S01,SKU007,Personal Care,South,65.12,1,0,61,5,57.07,3.93
2025-11-15,S01,SKU007,Personal Care,South,70.94,0,0,45,8,46.91,1.91
2025-11-16,S01,SKU007,Personal Care,South,69.97,0,0,52,6,47.95,4.05
2025-11-17,S01,SKU007,Personal Care,South,73.54,0,0,44,6,45.98,1.98
2025-11-18,S01,SKU007,Personal Care,South,72.78,0,0,46,6,46.37,0.37
2025-11-19,S01,SKU007,Personal Care,South,72.55,0,0,55,9,45.74,9.26
2025-11-20,S01,SKU007,Personal Care,South,71.37,0,0,46,9,45.65,0.35
2025-11-21,S01,SKU007,Personal Care,South,69.07,0,0,43,9,45.33,2.33
2025-11-22,S01,SKU007,Personal Care,South,72.36,0,0,48,2,49.2,1.2
2025-11-23,S01,SKU007,Personal Care,South,72.35,0,0,50,9,48.6,1.4
2025-11-24,S01,SKU007,Personal Care,South,71.03,0,0,49,6,45.58,3.42
2025-11-25,S01,SKU007,Personal Care,South,69.61,0,0,42,6,45.68,3.68
2025-11-26,S01,SKU007,Personal Care,South,72.34,0,0,48,2,46.27,1.73
2025-11-27,S01,SKU007,Personal Care,South,72.41,0,0,36,9,45.03,9.03
2025-11-28,S01,SKU007,Personal Care,South,70.99,0,0,52,2,44.16,7.84
2025-11-29,S01,SKU007,Personal Care,South,72.08,0,0,47,8,49.14,2.14
2025-11-30,S01,SKU007,Personal Care,South,72.56,0,0,50,9,50.13,0.13
2025-12-01,S01,SKU007,Personal Care,South,71.49,0,0,35,3,45.62,10.62
2025-12-02,S01,SKU007,Personal Care,South,70.07,0,0,49,8,44.71,4.29
2025-12-03,S01,SKU007,Personal Care,South,71.62,0,0,56,8,45.68,10.32
2025-12-04,S01,SKU007,Personal Care,South,71.93,0,0,44,9,46.39,2.39
2025-12-05,S01,SKU007,Personal Care,South,71.68,0,0,47,8,46.33,0.67
2025-12-06,S01,SKU007,Personal Care,South,71.32,0,0,44,4,51.24,7.24
2025-12-07,S01,SKU007,Personal Care,South,71.84,0,0,49,7,51.28,2.28
2025-12-08,S01,SKU007,Personal Care,South,70.87,0,0,47,3,45.39,1.61
2025-12-09,S01,SKU007,Personal Care,South,70.94,0,0,44,4,45.59,1.59
2025-12-10,S01,SKU007,Personal Care,South,71.67,0,0,53,5,46.92,6.08
2025-12-11,S01,SKU007,Personal Care,South,72.98,0,0,53,6,46.17,6.83
2025-12-12,S01,SKU007,Personal Care,South,72.07,0,0,52,7,46.65,5.35
2025-12-13,S01,SKU007,Personal Care,South,70.55,0,0,53,2,50.09,2.91
2025-12-14,S01,SKU007,Personal Care,South,69.89,0,0,47,3,52.04,5.04
2025-12-15,S01,SKU007,Personal Care,South,71.53,0,0,58,8,47.2,10.8
2025-12-16,S01,SKU007,Personal Care,South,71.96,0,0,46,6,46.6,0.6
2025-12-17,S01,SKU007,Personal Care,South,71.8,0,0,43,3,47.18,4.18
2025-12-18,S01,SKU007,Personal Care,South,72.37,0,0,54,2,46.91,7.09
2025-12-19,S01,SKU007,Personal Care,South,71.76,0,0,51,7,47.08,3.92
2025-12-20,S01,SKU007,Personal Care,South,71.24,0,0,45,5,51.23,6.23
2025-12-21,S01,SKU007,Personal Care,South,72.5,0,0,48,4,52.13,4.13
2025-12-22,S01,SKU007,Personal Care,South,70.29,0,0,58,4,47.28,10.72
2025-12-23,S01,SKU007,Personal Care,South,70.01,0,0,49,7,46.78,2.22
2025-12-24,S01,SKU007,Personal Care,South,73.52,0,0,44,2,47.55,3.55
2025-12-25,S01,SKU007,Personal Care,South,73.1,0,1,60,4,58.78,1.22
2025-12-26,S01,SKU007,Personal Care,South,72.58,0,0,52,5,48.97,3.03
2025-12-27,S01,SKU007,Personal Care,South,70.75,0,0,53,6,52.93,0.07
2025-12-28,S01,SKU007,Personal Care,South,70.52,0,0,50,9,52.31,2.31
2025-12-29,S01,SKU007,Personal Care,South,71.36,0,0,54,8,47.27,6.73
2025-12-30,S01,SKU007,Personal Care,South,71.67,0,0,52,9,48.07,3.93
2025-12-31,S01,SKU007,Personal Care,South,72.52,0,0,45,3,47.98,2.98
2025-08-13,S01,SKU008,Household,South,226.77,1,0,39,9,45.27,6.27
2025-08-14,S01,SKU008,Household,South,247.68,0,0,27,3,35.55,8.55
2025-08-15,S01,SKU008,Household,South,246.13,0,1,39,2,41.85,2.85
2025-08-16,S01,SKU008,Household,South,245.89,0,0,33,3,37.17,4.17
2025-08-17,S01,SKU008,Household,South,226.24,1,0,44,8,49.66,5.66
2025-08-18,S01,SKU008,Household,South,228.58,1,0,50,8,45.07,4.93
2025-08-19,S01,SKU008,Household,South,249.38,0,0,37,8,35.11,1.89
2025-08-20,S01,SKU008,Household,South,247.89,0,0,33,5,34.99,1.99
2025-08-21,S01,SKU008,Household,South,227.78,1,0,51,2,46.01,4.99
2025-08-22,S01,SKU008,Household,South,245.38,0,0,40,7,36.1,3.9
2025-08-23,S01,SKU008,Household,South,242.73,0,0,39,5,38.99,0.01
2025-08-24,S01,SKU008,Household,South,251.88,0,0,34,6,39.97,5.97
2025-08-25,S01,SKU008,Household,South,227.14,1,0,34,3,45.34,11.34
2025-08-26,S01,SKU008,Household,South,243.71,0,0,37,9,35.51,1.49
2025-08-27,S01,SKU008,Household,South,246.75,0,0,35,9,35.41,0.41
2025-08-28,S01,SKU008,Household,South,241.68,0,0,32,8,35.37,3.37
2025-08-29,S01,SKU008,Household,South,246.62,0,0,26,5,34.99,8.99
2025-08-30,S01,SKU008,Household,South,249.27,0,0,40,9,36.2,3.8
2025-08-31,S01,SKU008,Household,South,249.69,0,0,35,2,36.87,1.87
2025-09-01,S01,SKU008,Household,South,227.99,1,0,43,9,45.43,2.43
2025-09-02,S01,SKU008,Household,South,245.31,0,0,32,3,34.29,2.29
2025-09-03,S01,SKU008,Household,South,246.86,0,0,42,4,33.83,8.17
2025-09-04,S01,SKU008,Household,South,253.47,0,0,28,8,34.67,6.67
2025-09-05,S01,SKU008,Household,South,246.0,0,0,43,8,34.0,9.0
2025-09-06,S01,SKU008,Household,South,253.16,0,0,34,5,37.1,3.1
2025-09-07,S01,SKU008,Household,South,229.68,1,0,41,2,49.68,8.68
2025-09-08,S01,SKU008,Household,South,248.36,0,0,39,4,33.99,5.01
2025-09-09,S01,SKU008,Household,South,246.37,0,0,35,6,34.52,0.48
2025-09-10,S01,SKU008,Household,South,246.11,0,0,36,8,34.55,1.45
2025-09-11,S01,SKU008,Household,South,249.7,0,0,32,3,34.53,2.53
2025-09-12,S01,SKU008,Household,South,245.11,0,0,35,3,34.4,0.6
2025-09-13,S01,SKU008,Household,South,249.8,0,0,32,8,37.26,5.26
2025-09-14,S01,SKU008,Household,South,251.39,0,0,35,5,37.5,2.5
2025-09-15,S01,SKU008,Household,South,258.19,0,0,27,4,34.48,7.48
2025-09-16,S01,SKU008,Household,South,227.68,1,0,43,9,42.61,0.39
2025-09-17,S01,SKU008,Household,South,249.29,0,0,34,6,32.54,1.46
2025-09-18,S01,SKU008,Household,South,249.62,0,0,35,6,32.93,2.07
2025-09-19,S01,SKU008,Household,South,249.08,0,0,41,3,32.53,8.47
2025-09-20,S01,SKU008,Household,South,221.37,1,0,49,6,46.19,2.81
2025-09-21,S01,SKU008,Household,South,244.01,0,0,42,9,36.14,5.86
2025-09-22,S01,SKU008,Household,South,248.15,0,0,40,7,34.06,5.94
2025-09-23,S01,SKU008,Household,South,248.79,0,0,36,3,34.33,1.67
2025-09-24,S01,SKU008,Household,South,250.54,0,0,29,8,34.22,5.22
2025-09-25,S01,SKU008,Household,South,247.29,0,0,31,6,33.99,2.99
2025-09-26,S01,SKU008,Household,South,248.9,0,0,28,3,33.27,5.27
2025-09-27,S01,SKU008,Household,South,256.28,0,0,34,7,36.81,2.81
2025-09-28,S01,SKU008,Household,South,247.85,0,0,33,4,35.86,2.86
2025-09-29,S01,SKU008,Household,South,247.56,0,0,25,2,33.08,8.08
2025-09-30,S01,SKU008,Household,South,248.87,0,0,32,8,32.93,0.93
2025-10-01,S01,SKU008,Household,South,250.96,0,0,35,8,33.88,1.12
2025-10-02,S01,SKU008,Household,South,246.97,0,1,40,3,39.2,0.8
2025-10-03,S01,SKU008,Household,South,255.52,0,0,33,7,33.26,0.26
2025-10-04,S01,SKU008,Household,South,224.07,1,0,48,5,47.42,0.58
2025-10-05,S01,SKU008,Household,South,248.96,0,0,36,2,35.62,0.38
2025-10-06,S01,SKU008,Household,South,248.76,0,0,26,8,33.97,7.97
2025-10-07,S01,SKU008,Household,South,246.29,0,0,34,7,33.45,0.55
2025-10-08,S01,SKU008,Household,South,253.03,0,0,35,7,32.78,2.22
2025-10-09,S01,SKU008,Household,South,236.46,1,0,35,8,44.15,9.15
2025-10-10,S01,SKU008,Household,South,251.03,0,0,27,4,33.3,6.3
2025-10-11,S01,SKU008,Household,South,249.86,0,0,39,7,34.81,4.19
2025-10-12,S01,SKU008,Household,South,227.72,1,0,49,4,46.14,2.86
2025-10-13,S01,SKU008,Household,South,244.12,0,0,41,6,34.12,6.88
2025-10-14,S01,SKU008,Household,South,249.68,0,0,38,6,34.07,3.93
2025-10-15,S01,SKU008,Household,South,251.02,0,0,32,3,33.41,1.41
2025-10-16,S01,SKU008,Household,South,251.56,0,0,36,8,33.78,2.22
2025-10-17,S01,SKU008,Household,South,243.47,0,0,27,4,33.99,6.99
2025-10-18,S01,SKU008,Household,South,247.27,0,0,49,2,36.66,12.34
2025-10-19,S01,SKU008,Household,South,250.46,0,0,30,4,36.86,6.86
2025-10-20,S01,SKU008,Household,South,246.66,0,0,39,4,33.63,5.37
2025-10-21,S01,SKU008,Household,South,260.92,0,0,30,3,33.23,3.23
2025-10-22,S01,SKU008,Household,South,251.91,0,0,35,3,33.12,1.88
2025-10-23,S01,SKU008,Household,South,246.9,0,0,40,9,33.11,6.89
2025-10-24,S01,SKU008,Household,South,246.35,0,0,43,3,33.99,9.01
2025-10-25,S01,SKU008,Household,South,228.86,1,0,52,2,47.81,4.19
2025-10-26,S01,SKU008,Household,South,246.88,0,0,42,6,37.8,4.2
2025-10-27,S01,SKU008,Household,South,250.75,0,0,33,7,36.08,3.08
2025-10-28,S01,SKU008,Household,South,250.23,0,0,38,5,36.04,1.96
2025-10-29,S01,SKU008,Household,South,247.87,0,0,32,6,35.83,3.83
2025-10-30,S01,SKU008,Household,South,246.06,0,0,28,2,36.32,8.32
2025-10-31,S01,SKU008,Household,South,241.98,0,0,26,2,36.14,10.14
2025-11-01,S01,SKU008,Household,South,243.77,0,0,37,6,38.82,1.82
2025-11-02,S01,SKU008,Household,South,245.92,0,0,46,7,37.08,8.92
2025-11-03,S01,SKU008,Household,South,242.3,0,0,26,7,35.28,9.28
2025-11-04,S01,SKU008,Household,South,254.6,0,0,28,8,35.0,7.0
2025-11-05,S01,SKU008,Household,South,245.04,0,0,35,3,35.08,0.08
2025-11-06,S01,SKU008,Household,South,242.86,0,0,27,5,34.78,7.78
2025-11-07,S01,SKU008,Household,South,249.93,0,0,37,5,34.52,2.48
2025-11-08,S01,SKU008,Household,South,251.44,0,0,40,8,38.01,1.99
2025-11-09,S01,SKU008,Household,South,245.29,0,0,38,5,38.43,0.43
2025-11-10,S01,SKU008,Household,South,231.78,1,0,43,4,44.68,1.68
2025-11-11,S01,SKU008,Household,South,250.42,0,0,30,3,35.24,5.24
2025-11-12,S01,SKU008,Household,South,258.74,0,0,31,4,34.95,3.95
2025-11-13,S01,SKU008,Household,South,244.92,0,0,30,9,34.75,4.75
2025-11-14,S01,SKU008,Household,South,249.54,0,0,31,3,34.79,3.79
2025-11-15,S01,SKU008,Household,South,247.67,0,0,39,7,37.36,1.64
2025-11-16,S01,SKU008,Household,South,243.52,0,0,41,9,36.71,4.29
2025-11-17,S01,SKU008,Household,South,231.56,1,0,38,4,45.89,7.89
2025-11-18,S01,SKU008,Household,South,248.54,0,0,34,6,35.08,1.08
2025-11-19,S01,SKU008,Household,South,254.88,0,0,37,4,34.88,2.12
2025-11-20,S01,SKU008,Household,South,255.86,0,0,40,3,35.57,4.43
2025-11-21,S01,SKU008,Household,South,243.18,0,0,38,6,35.57,2.43
2025-11-22,S01,SKU008,Household,South,232.16,1,0,42,7,49.36,7.36
2025-11-23,S01,SKU008,Household,South,251.19,0,0,36,7,38.04,2.04
2025-11-24,S01,SKU008,Household,South,244.82,0,0,34,7,34.54,0.54
2025-11-25,S01,SKU008,Household,South,246.81,0,0,33,7,35.21,2.21
2025-11-26,S01,SKU008,Household,South,242.88,0,0,46,4,34.26,11.74
2025-11-27,S01,SKU008,Household,South,241.17,0,0,43,6,35.09,7.91
2025-11-28,S01,SKU008,Household,South,246.06,0,0,34,7,35.13,1.13
2025-11-29,S01,SKU008,Household,South,244.64,0,0,38,3,39.23,1.23
2025-11-30,S01,SKU008,Household,South,257.02,0,0,37,4,38.9,1.9
2025-12-01,S01,SKU008,Household,South,230.18,1,0,44,4,45.01,1.01
2025-12-02,S01,SKU008,Household,South,250.48,0,0,44,3,36.11,7.89
2025-12-03,S01,SKU008,Household,South,257.34,0,0,40,9,36.97,3.03
2025-12-04,S01,SKU008,Household,South,247.9,0,0,43,3,36.76,6.24
2025-12-05,S01,SKU008,Household,South,247.46,0,0,38,2,37.14,0.86
2025-12-06,S01,SKU008,Household,South,248.3,0,0,41,5,39.88,1.12
2025-12-07,S01,SKU008,Household,South,243.12,0,0,38,6,40.02,2.02
2025-12-08,S01,SKU008,Household,South,231.35,1,0,54,3,49.47,4.53
2025-12-09,S01,SKU008,Household,South,247.34,0,0,30,4,37.53,7.53
2025-12-10,S01,SKU008,Household,South,250.11,0,0,42,4,38.07,3.93
2025-12-11,S01,SKU008,Household,South,248.67,0,0,36,7,38.07,2.07
2025-12-12,S01,SKU008,Household,South,251.07,0,0,35,8,38.53,3.53
2025-12-13,S01,SKU008,Household,South,240.24,0,0,43,9,41.76,1.24
2025-12-14,S01,SKU008,Household,South,248.93,0,0,33,4,41.74,8.74
2025-12-15,S01,SKU008,Household,South,252.17,0,0,35,9,39.05,4.05
2025-12-16,S01,SKU008,Household,South,249.06,0,0,37,5,37.81,0.81
2025-12-17,S01,SKU008,Household,South,248.49,0,0,50,2,37.94,12.06
2025-12-18,S01,SKU008,Household,South,228.53,1,0,42,2,50.29,8.29
2025-12-19,S01,SKU008,Household,South,226.76,1,0,54,3,50.34,3.66
2025-12-20,S01,SKU008,Household,South,242.81,0,0,47,3,42.79,4.21
2025-12-21,S01,SKU008,Household,South,248.56,0,0,49,5,42.5,6.5
2025-12-22,S01,SKU008,Household,South,248.26,0,0,39,4,39.9,0.9
2025-12-23,S01,SKU008,Household,South,246.21,0,0,44,7,40.16,3.84
2025-12-24,S01,SKU008,Household,South,254.34,0,0,41,9,41.31,0.31
2025-12-25,S01,SKU008,Household,South,242.29,0,1,44,3,46.88,2.88
2025-12-26,S01,SKU008,Household,South,251.64,0,0,38,9,41.32,3.32
2025-12-27,S01,SKU008,Household,South,247.03,0,0,53,6,43.89,9.11
2025-12-28,S01,SKU008,Household,South,250.0,0,0,44,4,44.41,0.41
2025-12-29,S01,SKU008,Household,South,249.41,0,0,27,6,41.34,14.34
2025-12-30,S01,SKU008,Household,South,247.69,0,0,38,9,41.95,3.95
2025-12-31,S01,SKU008,Household,South,251.54,0,0,35,2,40.36,5.36
2025-08-13,S01,SKU009,Beverages,South,370.81,0,0,20,6,22.77,2.77
2025-08-14,S01,SKU009,Beverages,South,370.1,0,0,22,5,22.64,0.64
2025-08-15,S01,SKU009,Beverages,South,374.25,0,1,23,3,25.21,2.21
2025-08-16,S01,SKU009,Beverages,South,361.01,0,0,30,9,24.0,6.0
2025-08-17,S01,SKU009,Beverages,South,338.6,1,0,24,5,30.32,6.32
2025-08-18,S01,SKU009,Beverages,South,375.2,0,0,29,5,23.09,5.91
2025-08-19,S01,SKU009,Beverages,South,363.59,0,0,25,7,23.3,1.7
2025-08-20,S01,SKU009,Beverages,South,336.91,1,0,24,3,29.63,5.63
2025-08-21,S01,SKU009,Beverages,South,366.78,0,0,23,6,22.79,0.21
2025-08-22,S01,SKU009,Beverages,South,364.13,0,0,29,7,22.6,6.4
2025-08-23,S01,SKU009,Beverages,South,345.8,1,0,23,3,30.97,7.97
2025-08-24,S01,SKU009,Beverages,South,373.27,0,0,27,3,24.65,2.35
2025-08-25,S01,SKU009,Beverages,South,365.34,0,0,30,5,22.2,7.8
2025-08-26,S01,SKU009,Beverages,South,369.82,0,0,21,5,22.62,1.62
2025-08-27,S01,SKU009,Beverages,South,370.85,0,0,22,4,22.66,0.66
2025-08-28,S01,SKU009,Beverages,South,342.1,1,0,26,7,29.83,3.83
2025-08-29,S01,SKU009,Beverages,South,341.1,1,0,31,3,29.69,1.31
2025-08-30,S01,SKU009,Beverages,South,371.04,0,0,23,3,24.44,1.44
2025-08-31,S01,SKU009,Beverages,South,365.34,0,0,28,5,24.43,3.57
2025-09-01,S01,SKU009,Beverages,South,376.24,0,0,21,5,22.57,1.57
2025-09-02,S01,SKU009,Beverages,South,370.88,0,0,19,7,22.86,3.86
2025-09-03,S01,SKU009,Beverages,South,367.0,0,0,28,4,22.09,5.91
2025-09-04,S01,SKU009,Beverages,South,339.71,1,0,27,7,30.03,3.03
2025-09-05,S01,SKU009,Beverages,South,373.61,0,0,25,3,23.16,1.84
2025-09-06,S01,SKU009,Beverages,South,379.55,0,0,20,2,24.5,4.5
2025-09-07,S01,SKU009,Beverages,South,357.5,0,0,32,8,24.95,7.05
2025-09-08,S01,SKU009,Beverages,South,361.5,0,0,18,8,23.65,5.65
2025-09-09,S01,SKU009,Beverages,South,362.06,0,0,25,7,22.37,2.63
2025-09-10,S01,SKU009,Beverages,South,366.78,0,0,25,5,22.81,2.19
2025-09-11,S01,SKU009,Beverages,South,365.9,0,0,22,3,22.84,0.84
2025-09-12,S01,SKU009,Beverages,South,370.31,0,0,18,4,22.7,4.7
2025-09-13,S01,SKU009,Beverages,South,371.03,0,0,24,2,24.04,0.04
2025-09-14,S01,SKU009,Beverages,South,368.82,0,0,21,8,24.55,3.55
2025-09-15,S01,SKU009,Beverages,South,342.76,1,0,27,5,28.28,1.28
2025-09-16,S01,SKU009,Beverages,South,370.63,0,0,30,3,22.39,7.61
2025-09-17,S01,SKU009,Beverages,South,365.57,0,0,26,9,22.7,3.3
2025-09-18,S01,SKU009,Beverages,South,360.96,0,0,21,7,22.84,1.84
2025-09-19,S01,SKU009,Beverages,South,368.75,0,0,22,4,22.47,0.47
2025-09-20,S01,SKU009,Beverages,South,346.15,1,0,24,2,31.35,7.35
2025-09-21,S01,SKU009,Beverages,South,372.62,0,0,24,7,24.73,0.73
2025-09-22,S01,SKU009,Beverages,South,334.47,1,0,26,6,30.69,4.69
2025-09-23,S01,SKU009,Beverages,South,364.67,0,0,23,8,22.66,0.34
2025-09-24,S01,SKU009,Beverages,South,371.86,0,0,17,5,22.51,5.51
2025-09-25,S01,SKU009,Beverages,South,377.35,0,0,20,7,22.36,2.36
2025-09-26,S01,SKU009,Beverages,South,367.03,0,0,24,6,22.03,1.97
2025-09-27,S01,SKU009,Beverages,South,374.53,0,0,25,8,23.36,1.64
2025-09-28,S01,SKU009,Beverages,South,365.57,0,0,21,9,23.73,2.73
2025-09-29,S01,SKU009,Beverages,South,370.58,0,0,14,7,21.63,7.63
2025-09-30,S01,SKU009,Beverages,South,369.5,0,0,24,3,20.66,3.34
2025-10-01,S01,SKU009,Beverages,South,346.27,1,0,28,6,27.49,0.51
2025-10-02,S01,SKU009,Beverages,South,335.3,1,1,39,5,30.69,8.31
2025-10-03,S01,SKU009,Beverages,South,364.14,0,0,27,5,22.11,4.89
2025-10-04,S01,SKU009,Beverages,South,373.37,0,0,24,5,23.89,0.11
2025-10-05,S01,SKU009,Beverages,South,369.09,0,0,36,8,24.76,11.24
2025-10-06,S01,SKU009,Beverages,South,353.1,0,0,24,4,22.42,1.58
2025-10-07,S01,SKU009,Beverages,South,365.48,0,0,22,6,22.39,0.39
2025-10-08,S01,SKU009,Beverages,South,369.96,0,0,29,5,22.81,6.19
2025-10-09,S01,SKU009,Beverages,South,360.71,0,0,21,8,22.05,1.05
2025-10-10,S01,SKU009,Beverages,South,340.16,1,0,32,4,29.36,2.64
2025-10-11,S01,SKU009,Beverages,South,367.88,0,0,27,9,25.52,1.48
2025-10-12,S01,SKU009,Beverages,South,361.15,0,0,26,5,24.77,1.23
2025-10-13,S01,SKU009,Beverages,South,374.96,0,0,28,5,22.7,5.3
2025-10-14,S01,SKU009,Beverages,South,373.36,0,0,21,8,23.01,2.01
2025-10-15,S01,SKU009,Beverages,South,376.68,0,0,22,5,22.87,0.87
2025-10-16,S01,SKU009,Beverages,South,366.94,0,0,21,7,23.5,2.5
2025-10-17,S01,SKU009,Beverages,South,370.06,0,0,24,2,23.18,0.82
2025-10-18,S01,SKU009,Beverages,South,370.74,0,0,22,9,25.08,3.08
2025-10-19,S01,SKU009,Beverages,South,368.76,0,0,24,4,24.54,0.54
2025-10-20,S01,SKU009,Beverages,South,372.29,0,0,24,6,22.97,1.03
2025-10-21,S01,SKU009,Beverages,South,336.73,1,0,33,2,29.29,3.71
2025-10-22,S01,SKU009,Beverages,South,361.95,0,0,28,8,22.93,5.07
2025-10-23,S01,SKU009,Beverages,South,372.13,0,0,22,4,23.97,1.97
2025-10-24,S01,SKU009,Beverages,South,375.64,0,0,24,2,24.35,0.35
2025-10-25,S01,SKU009,Beverages,South,357.64,0,0,35,9,26.21,8.79
2025-10-26,S01,SKU009,Beverages,South,363.43,0,0,28,9,27.19,0.81
2025-10-27,S01,SKU009,Beverages,South,366.25,0,0,29,5,24.71,4.29
2025-10-28,S01,SKU009,Beverages,South,360.73,0,0,29,6,25.1,3.9
2025-10-29,S01,SKU009,Beverages,South,372.58,0,0,35,6,25.41,9.59
2025-10-30,S01,SKU009,Beverages,South,369.5,0,0,26,8,26.14,0.14
2025-10-31,S01,SKU009,Beverages,South,353.08,0,0,23,5,25.64,2.64
2025-11-01,S01,SKU009,Beverages,South,368.64,0,0,20,6,27.35,7.35
2025-11-02,S01,SKU009,Beverages,South,370.52,0,0,25,3,27.72,2.72
2025-11-03,S01,SKU009,Beverages,South,377.34,0,0,24,6,24.81,0.81
2025-11-04,S01,SKU009,Beverages,South,366.61,0,0,22,5,24.57,2.57
2025-11-05,S01,SKU009,Beverages,South,372.56,0,0,24,3,24.6,0.6
2025-11-06,S01,SKU009,Beverages,South,360.95,0,0,22,4,24.37,2.37
2025-11-07,S01,SKU009,Beverages,South,349.08,1,0,37,8,31.86,5.14
2025-11-08,S01,SKU009,Beverages,South,370.62,0,0,24,6,26.4,2.4
2025-11-09,S01,SKU009,Beverages,South,367.45,0,0,35,4,26.36,8.64
2025-11-10,S01,SKU009,Beverages,South,355.4,0,0,28,9,25.58,2.42
2025-11-11,S01,SKU009,Beverages,South,363.58,0,0,21,5,25.3,4.3
2025-11-12,S01,SKU009,Beverages,South,371.99,0,0,22,4,25.36,3.36
2025-11-13,S01,SKU009,Beverages,South,365.7,0,0,37,8,25.24,11.76
2025-11-14,S01,SKU009,Beverages,South,334.55,1,0,35,4,32.77,2.23
2025-11-15,S01,SKU009,Beverages,South,357.66,0,0,19,7,28.69,9.69
2025-11-16,S01,SKU009,Beverages,South,366.55,0,0,31,7,28.13,2.87
2025-11-17,S01,SKU009,Beverages,South,366.89,0,0,21,3,25.69,4.69
2025-11-18,S01,SKU009,Beverages,South,366.65,0,0,15,9,26.28,11.28
2025-11-19,S01,SKU009,Beverages,South,373.42,0,0,28,4,25.23,2.77
2025-11-20,S01,SKU009,Beverages,South,368.38,0,0,31,8,24.76,6.24
2025-11-21,S01,SKU009,Beverages,South,352.94,0,0,29,4,25.41,3.59
2025-11-22,S01,SKU009,Beverages,South,371.27,0,0,19,3,27.8,8.8
2025-11-23,S01,SKU009,Beverages,South,372.37,0,0,28,7,27.46,0.54
2025-11-24,S01,SKU009,Beverages,South,363.88,0,0,21,3,25.83,4.83
2025-11-25,S01,SKU009,Beverages,South,371.05,0,0,23,2,25.45,2.45
2025-11-26,S01,SKU009,Beverages,South,369.83,0,0,26,8,25.04,0.96
2025-11-27,S01,SKU009,Beverages,South,370.74,0,0,15,5,25.73,10.73
2025-11-28,S01,SKU009,Beverages,South,373.2,0,0,22,7,24.28,2.28
2025-11-29,S01,SKU009,Beverages,South,356.78,0,0,22,5,25.07,3.07
2025-11-30,S01,SKU009,Beverages,South,371.08,0,0,21,4,25.1,4.1
2025-12-01,S01,SKU009,Beverages,South,346.79,1,0,25,4,29.68,4.68
2025-12-02,S01,SKU009,Beverages,South,381.24,0,0,27,8,23.97,3.03
2025-12-03,S01,SKU009,Beverages,South,371.38,0,0,29,8,25.55,3.45
2025-12-04,S01,SKU009,Beverages,South,338.41,1,0,29,3,32.83,3.83
2025-12-05,S01,SKU009,Beverages,South,365.99,0,0,26,7,26.24,0.24
2025-12-06,S01,SKU009,Beverages,South,370.56,0,0,29,8,26.61,2.39
2025-12-07,S01,SKU009,Beverages,South,375.08,0,0,34,3,27.25,6.75
2025-12-08,S01,SKU009,Beverages,South,365.53,0,0,28,8,25.23,2.77
2025-12-09,S01,SKU009,Beverages,South,369.07,0,0,24,3,25.04,1.04
2025-12-10,S01,SKU009,Beverages,South,338.4,1,0,27,3,32.91,5.91
2025-12-11,S01,SKU009,Beverages,South,333.27,1,0,31,9,33.63,2.63
2025-12-12,S01,SKU009,Beverages,South,374.81,0,0,25,8,25.03,0.03
2025-12-13,S01,SKU009,Beverages,South,369.5,0,0,35,4,25.68,9.32
2025-12-14,S01,SKU009,Beverages,South,374.73,0,0,28,9,27.32,0.68
2025-12-15,S01,SKU009,Beverages,South,338.21,1,0,35,2,32.22,2.78
2025-12-16,S01,SKU009,Beverages,South,365.49,0,0,26,6,25.49,0.51
2025-12-17,S01,SKU009,Beverages,South,345.2,1,0,30,9,33.7,3.7
2025-12-18,S01,SKU009,Beverages,South,357.49,0,0,23,6,26.94,3.94
2025-12-19,S01,SKU009,Beverages,South,369.34,0,0,24,2,25.77,1.77
2025-12-20,S01,SKU009,Beverages,South,372.86,0,0,20,6,27.82,7.82
2025-12-21,S01,SKU009,Beverages,South,370.1,0,0,22,3,27.8,5.8
2025-12-22,S01,SKU009,Beverages,South,369.46,0,0,27,2,24.78,2.22
2025-12-23,S01,SKU009,Beverages,South,366.1,0,0,25,4,25.53,0.53
2025-12-24,S01,SKU009,Beverages,South,357.11,0,0,30,4,25.96,4.04
2025-12-25,S01,SKU009,Beverages,South,372.32,0,1,37,6,30.86,6.14
2025-12-26,S01,SKU009,Beverages,South,362.46,0,0,28,2,26.05,1.95
2025-12-27,S01,SKU009,Beverages,South,369.67,0,0,24,4,28.76,4.76
2025-12-28,S01,SKU009,Beverages,South,364.02,0,0,30,2,29.09,0.91
2025-12-29,S01,SKU009,Beverages,South,367.76,0,0,34,5,27.16,6.84
2025-12-30,S01,SKU009,Beverages,South,363.91,0,0,28,2,27.24,0.76
2025-12-31,S01,SKU009,Beverages,South,372.93,0,0,24,5,27.5,3.5
2025-08-13,S01,SKU010,Snacks,South,340.45,0,0,69,8,65.87,3.13
2025-08-14,S01,SKU010,Snacks,South,310.29,1,0,90,4,84.24,5.76
2025-08-15,S01,SKU010,Snacks,South,316.78,1,1,99,3,87.6,11.4
2025-08-16,S01,SKU010,Snacks,South,335.37,0,0,61,8,70.77,9.77
2025-08-17,S01,SKU010,Snacks,South,343.2,0,0,71,4,69.51,1.49
2025-08-18,S01,SKU010,Snacks,South,315.08,1,0,80,9,84.71,4.71
2025-08-19,S01,SKU010,Snacks,South,339.08,0,0,66,7,65.32,0.68
2025-08-20,S01,SKU010,Snacks,South,341.82,0,0,63,3,65.34,2.34
2025-08-21,S01,SKU010,Snacks,South,345.34,0,0,62,9,64.16,2.16
2025-08-22,S01,SKU010,Snacks,South,312.57,1,0,85,4,84.08,0.92
2025-08-23,S01,SKU010,Snacks,South,338.31,0,0,67,2,69.49,2.49
2025-08-24,S01,SKU010,Snacks,South,330.69,0,0,69,3,71.28,2.28
2025-08-25,S01,SKU010,Snacks,South,329.74,0,0,66,4,65.18,0.82
2025-08-26,S01,SKU010,Snacks,South,339.96,0,0,63,9,65.25,2.25
2025-08-27,S01,SKU010,Snacks,South,311.7,1,0,78,2,83.59,5.59
2025-08-28,S01,SKU010,Snacks,South,331.14,0,0,68,4,64.4,3.6
2025-08-29,S01,SKU010,Snacks,South,338.21,0,0,70,5,63.97,6.03
2025-08-30,S01,SKU010,Snacks,South,339.25,0,0,66,5,70.86,4.86
2025-08-31,S01,SKU010,Snacks,South,334.16,0,0,74,5,70.31,3.69
2025-09-01,S01,SKU010,Snacks,South,348.77,0,0,65,8,65.59,0.59
2025-09-02,S01,SKU010,Snacks,South,342.07,0,0,66,9,65.77,0.23
2025-09-03,S01,SKU010,Snacks,South,314.06,1,0,80,4,83.88,3.88
2025-09-04,S01,SKU010,Snacks,South,309.5,1,0,81,6,84.27,3.27
2025-09-05,S01,SKU010,Snacks,South,343.5,0,0,58,2,65.72,7.72
2025-09-06,S01,SKU010,Snacks,South,310.94,1,0,86,3,89.77,3.77
2025-09-07,S01,SKU010,Snacks,South,340.07,0,0,69,3,71.58,2.58
2025-09-08,S01,SKU010,Snacks,South,331.14,0,0,57,4,65.98,8.98
2025-09-09,S01,SKU010,Snacks,South,341.98,0,0,67,5,65.8,1.2
2025-09-10,S01,SKU010,Snacks,South,339.38,0,0,63,2,65.63,2.63
2025-09-11,S01,SKU010,Snacks,South,343.3,0,0,61,2,65.36,4.36
2025-09-12,S01,SKU010,Snacks,South,335.18,0,0,62,3,62.5,0.5
2025-09-13,S01,SKU010,Snacks,South,343.89,0,0,64,6,66.91,2.91
2025-09-14,S01,SKU010,Snacks,South,313.54,1,0,80,3,87.23,7.23
2025-09-15,S01,SKU010,Snacks,South,335.19,0,0,63,2,63.02,0.02
2025-09-16,S01,SKU010,Snacks,South,310.65,1,0,80,6,80.72,0.72
2025-09-17,S01,SKU010,Snacks,South,338.73,0,0,62,3,63.14,1.14
2025-09-18,S01,SKU010,Snacks,South,341.3,0,0,58,3,62.83,4.83
2025-09-19,S01,SKU010,Snacks,South,339.67,0,0,68,8,62.12,5.88
2025-09-20,S01,SKU010,Snacks,South,343.45,0,0,75,9,67.73,7.27
2025-09-21,S01,SKU010,Snacks,South,308.44,1,0,86,6,88.15,2.15
2025-09-22,S01,SKU010,Snacks,South,342.85,0,0,59,2,63.34,4.34
2025-09-23,S01,SKU010,Snacks,South,345.77,0,0,55,9,63.38,8.38
2025-09-24,S01,SKU010,Snacks,South,335.12,0,0,65,5,63.92,1.08
2025-09-25,S01,SKU010,Snacks,South,345.42,0,0,57,3,63.42,6.42
2025-09-26,S01,SKU010,Snacks,South,312.77,1,0,82,8,81.42,0.58
2025-09-27,S01,SKU010,Snacks,South,343.35,0,0,62,8,67.58,5.58
2025-09-28,S01,SKU010,Snacks,South,329.73,0,0,69,9,67.61,1.39
2025-09-29,S01,SKU010,Snacks,South,336.71,0,0,59,3,63.12,4.12
2025-09-30,S01,SKU010,Snacks,South,346.34,0,0,70,9,62.03,7.97
2025-10-01,S01,SKU010,Snacks,South,332.82,0,0,62,5,63.96,1.96
2025-10-02,S01,SKU010,Snacks,South,336.16,0,1,67,7,71.43,4.43
2025-10-03,S01,SKU010,Snacks,South,314.7,1,0,77,3,79.84,2.84
2025-10-04,S01,SKU010,Snacks,South,338.72,0,0,60,2,67.88,7.88
2025-10-05,S01,SKU010,Snacks,South,336.8,0,0,70,4,66.95,3.05
2025-10-06,S01,SKU010,Snacks,South,349.94,0,0,63,9,62.07,0.93
2025-10-07,S01,SKU010,Snacks,South,337.91,0,0,56,5,61.21,5.21
2025-10-08,S01,SKU010,Snacks,South,331.11,0,0,55,3,62.63,7.63
2025-10-09,S01,SKU010,Snacks,South,335.28,0,0,62,6,61.48,0.52
2025-10-10,S01,SKU010,Snacks,South,343.71,0,0,58,5,60.81,2.81
2025-10-11,S01,SKU010,Snacks,South,335.77,0,0,68,9,65.94,2.06
2025-10-12,S01,SKU010,Snacks,South,340.11,0,0,66,2,66.93,0.93
2025-10-13,S01,SKU010,Snacks,South,342.52,0,0,58,9,61.0,3.0
2025-10-14,S01,SKU010,Snacks,South,337.19,0,0,56,8,60.7,4.7
2025-10-15,S01,SKU010,Snacks,South,333.37,0,0,63,3,59.62,3.38
2025-10-16,S01,SKU010,Snacks,South,335.33,0,0,66,2,59.53,6.47
2025-10-17,S01,SKU010,Snacks,South,328.65,0,0,61,4,60.25,0.75
2025-10-18,S01,SKU010,Snacks,South,336.44,0,0,70,7,64.62,5.38
2025-10-19,S01,SKU010,Snacks,South,306.82,1,0,86,4,85.5,0.5
2025-10-20,S01,SKU010,Snacks,South,345.53,0,0,66,3,59.77,6.23
2025-10-21,S01,SKU010,Snacks,South,334.34,0,0,57,6,59.95,2.95
2025-10-22,S01,SKU010,Snacks,South,332.03,0,0,67,4,60.45,6.55
2025-10-23,S01,SKU010,Snacks,South,336.67,0,0,63,6,61.9,1.1
2025-10-24,S01,SKU010,Snacks,South,338.43,0,0,63,7,60.55,2.45
2025-10-25,S01,SKU010,Snacks,South,340.22,0,0,75,5,65.47,9.53
2025-10-26,S01,SKU010,Snacks,South,309.72,1,0,93,2,85.91,7.09
2025-10-27,S01,SKU010,Snacks,South,330.98,0,0,62,9,61.58,0.42
2025-10-28,S01,SKU010,Snacks,South,334.57,0,0,57,7,62.08,5.08
2025-10-29,S01,SKU010,Snacks,South,340.05,0,0,63,5,62.72,0.28
2025-10-30,S01,SKU010,Snacks,South,338.76,0,0,61,4,62.63,1.63
2025-10-31,S01,SKU010,Snacks,South,346.43,0,0,63,6,62.68,0.32
2025-11-01,S01,SKU010,Snacks,South,350.26,0,0,68,6,66.47,1.53
2025-11-02,S01,SKU010,Snacks,South,350.83,0,0,75,5,65.85,9.15
2025-11-03,S01,SKU010,Snacks,South,337.83,0,0,55,3,62.07,7.07
2025-11-04,S01,SKU010,Snacks,South,341.29,0,0,55,7,61.43,6.43
2025-11-05,S01,SKU010,Snacks,South,337.84,0,0,63,2,61.15,1.85
2025-11-06,S01,SKU010,Snacks,South,333.16,0,0,67,6,61.91,5.09
2025-11-07,S01,SKU010,Snacks,South,338.76,0,0,78,3,62.06,15.94
2025-11-08,S01,SKU010,Snacks,South,337.21,0,0,74,5,68.33,5.67
2025-11-09,S01,SKU010,Snacks,South,318.95,1,0,95,8,85.01,9.99
2025-11-10,S01,SKU010,Snacks,South,341.83,0,0,61,8,66.29,5.29
2025-11-11,S01,SKU010,Snacks,South,345.23,0,0,67,5,65.78,1.22
2025-11-12,S01,SKU010,Snacks,South,344.94,0,0,57,5,66.69,9.69
2025-11-13,S01,SKU010,Snacks,South,336.52,0,0,75,4,66.38,8.62
2025-11-14,S01,SKU010,Snacks,South,309.77,1,0,89,7,83.16,5.84
2025-11-15,S01,SKU010,Snacks,South,348.21,0,0,74,8,71.38,2.62
2025-11-16,S01,SKU010,Snacks,South,340.21,0,0,74,7,72.57,1.43
2025-11-17,S01,SKU010,Snacks,South,341.0,0,0,68,9,65.58,2.42
2025-11-18,S01,SKU010,Snacks,South,313.19,1,0,84,8,84.06,0.06
2025-11-19,S01,SKU010,Snacks,South,330.26,0,0,63,8,67.41,4.41
2025-11-20,S01,SKU010,Snacks,South,339.87,0,0,73,5,67.37,5.63
2025-11-21,S01,SKU010,Snacks,South,357.27,0,0,53,9,66.82,13.82
2025-11-22,S01,SKU010,Snacks,South,341.25,0,0,72,8,72.66,0.66
2025-11-23,S01,SKU010,Snacks,South,339.05,0,0,73,6,71.8,1.2
2025-11-24,S01,SKU010,Snacks,South,343.26,0,0,68,6,67.38,0.62
2025-11-25,S01,SKU010,Snacks,South,342.74,0,0,71,2,67.2,3.8
2025-11-26,S01,SKU010,Snacks,South,341.87,0,0,69,8,66.93,2.07
2025-11-27,S01,SKU010,Snacks,South,337.14,0,0,65,2,67.06,2.06
2025-11-28,S01,SKU010,Snacks,South,341.12,0,0,75,7,66.2,8.8
2025-11-29,S01,SKU010,Snacks,South,308.78,1,0,96,3,93.65,2.35
2025-11-30,S01,SKU010,Snacks,South,342.45,0,0,81,4,75.4,5.6
2025-12-01,S01,SKU010,Snacks,South,338.7,0,0,66,4,69.02,3.02
2025-12-02,S01,SKU010,Snacks,South,337.51,0,0,65,2,69.32,4.32
2025-12-03,S01,SKU010,Snacks,South,346.35,0,0,73,4,70.49,2.51
2025-12-04,S01,SKU010,Snacks,South,337.45,0,0,74,3,70.63,3.37
2025-12-05,S01,SKU010,Snacks,South,349.31,0,0,72,4,70.06,1.94
2025-12-06,S01,SKU010,Snacks,South,310.81,1,0,99,8,97.09,1.91
2025-12-07,S01,SKU010,Snacks,South,342.28,0,0,76,8,76.03,0.03
2025-12-08,S01,SKU010,Snacks,South,311.32,1,0,95,5,90.15,4.85
2025-12-09,S01,SKU010,Snacks,South,331.2,0,0,68,3,73.09,5.09
2025-12-10,S01,SKU010,Snacks,South,336.63,0,0,69,9,72.88,3.88
2025-12-11,S01,SKU010,Snacks,South,352.1,0,0,64,9,74.54,10.54
2025-12-12,S01,SKU010,Snacks,South,340.07,0,0,68,3,73.03,5.03
2025-12-13,S01,SKU010,Snacks,South,336.77,0,0,87,5,79.59,7.41
2025-12-14,S01,SKU010,Snacks,South,339.65,0,0,79,7,77.21,1.79
2025-12-15,S01,SKU010,Snacks,South,326.14,1,0,98,5,92.28,5.72
2025-12-16,S01,SKU010,Snacks,South,333.46,0,0,74,5,74.01,0.01
2025-12-17,S01,SKU010,Snacks,South,338.58,0,0,67,2,74.52,7.52
2025-12-18,S01,SKU010,Snacks,South,345.25,0,0,62,5,74.6,12.6
2025-12-19,S01,SKU010,Snacks,South,339.2,0,0,66,9,72.6,6.6
2025-12-20,S01,SKU010,Snacks,South,338.41,0,0,72,6,79.67,7.67
2025-12-21,S01,SKU010,Snacks,South,333.37,0,0,82,7,80.46,1.54
2025-12-22,S01,SKU010,Snacks,South,348.5,0,0,71,2,73.67,2.67
2025-12-23,S01,SKU010,Snacks,South,341.92,0,0,75,9,73.71,1.29
2025-12-24,S01,SKU010,Snacks,South,341.74,0,0,72,4,73.84,1.84
2025-12-25,S01,SKU010,Snacks,South,345.01,0,1,92,6,81.66,10.34
2025-12-26,S01,SKU010,Snacks,South,353.19,0,0,70,2,75.86,5.86
2025-12-27,S01,SKU010,Snacks,South,315.7,1,0,107,5,99.77,7.23
2025-12-28,S01,SKU010,Snacks,South,314.81,1,0,117,4,105.16,11.84
2025-12-29,S01,SKU010,Snacks,South,338.08,0,0,78,3,74.51,3.49
2025-12-30,S01,SKU010,Snacks,South,341.95,0,0,72,3,73.09,1.09
2025-12-31,S01,SKU010,Snacks,South,341.05,0,0,85,8,73.72,11.28
2025-08-13,S01,SKU011,Personal Care,South,86.76,0,0,35,8,32.65,2.35
2025-08-14,S01,SKU011,Personal Care,South,81.57,1,0,58,5,45.13,12.87
2025-08-15,S01,SKU011,Personal Care,South,88.52,0,1,32,7,40.16,8.16
2025-08-16,S01,SKU011,Personal Care,South,81.1,1,0,41,9,48.7,7.7
2025-08-17,S01,SKU011,Personal Care,South,89.15,0,0,41,3,38.26,2.74
2025-08-18,S01,SKU011,Personal Care,South,88.39,0,0,37,3,35.3,1.7
2025-08-19,S01,SKU011,Personal Care,South,89.15,0,0,31,8,35.23,4.23
2025-08-20,S01,SKU011,Personal Care,South,87.7,0,0,34,2,35.24,1.24
2025-08-21,S01,SKU011,Personal Care,South,82.3,1,0,48,4,45.13,2.87
2025-08-22,S01,SKU011,Personal Care,South,80.36,1,0,41,7,45.78,4.78
2025-08-23,S01,SKU011,Personal Care,South,87.91,0,0,41,7,38.52,2.48
2025-08-24,S01,SKU011,Personal Care,South,82.27,1,0,49,6,50.2,1.2
2025-08-25,S01,SKU011,Personal Care,South,90.16,0,0,30,4,35.27,5.27
2025-08-26,S01,SKU011,Personal Care,South,87.3,0,0,27,7,35.51,8.51
2025-08-27,S01,SKU011,Personal Care,South,88.75,0,0,32,3,35.16,3.16
2025-08-28,S01,SKU011,Personal Care,South,90.99,0,0,27,5,35.42,8.42
2025-08-29,S01,SKU011,Personal Care,South,87.51,0,0,33,6,33.91,0.91
2025-08-30,S01,SKU011,Personal Care,South,89.89,0,0,35,8,36.59,1.59
2025-08-31,S01,SKU011,Personal Care,South,90.81,0,0,21,7,36.0,15.0
2025-09-01,S01,SKU011,Personal Care,South,91.13,0,0,24,4,33.05,9.05
2025-09-02,S01,SKU011,Personal Care,South,86.83,0,0,24,5,32.57,8.57
2025-09-03,S01,SKU011,Personal Care,South,90.24,0,0,30,6,32.31,2.31
2025-09-04,S01,SKU011,Personal Care,South,88.37,0,0,36,2,33.43,2.57
2025-09-05,S01,SKU011,Personal Care,South,90.07,0,0,26,3,32.25,6.25
2025-09-06,S01,SKU011,Personal Care,South,90.01,0,0,40,9,34.85,5.15
2025-09-07,S01,SKU011,Personal Care,South,89.04,0,0,37,3,35.19,1.81
2025-09-08,S01,SKU011,Personal Care,South,90.53,0,0,26,7,32.2,6.2
2025-09-09,S01,SKU011,Personal Care,South,89.46,0,0,35,7,31.66,3.34
2025-09-10,S01,SKU011,Personal Care,South,88.6,0,0,49,5,31.51,17.49
2025-09-11,S01,SKU011,Personal Care,South,88.97,0,0,31,2,31.2,0.2
2025-09-12,S01,SKU011,Personal Care,South,89.0,0,0,23,6,32.07,9.07
2025-09-13,S01,SKU011,Personal Care,South,90.97,0,0,34,3,33.57,0.43
2025-09-14,S01,SKU011,Personal Care,South,88.99,0,0,35,8,32.39,2.61
2025-09-15,S01,SKU011,Personal Care,South,88.43,0,0,29,5,30.19,1.19
2025-09-16,S01,SKU011,Personal Care,South,89.61,0,0,29,4,29.95,0.95
2025-09-17,S01,SKU011,Personal Care,South,88.28,0,0,45,8,29.89,15.11
2025-09-18,S01,SKU011,Personal Care,South,86.98,0,0,28,3,29.77,1.77
2025-09-19,S01,SKU011,Personal Care,South,82.2,1,0,37,9,39.46,2.46
2025-09-20,S01,SKU011,Personal Care,South,90.15,0,0,32,7,32.25,0.25
2025-09-21,S01,SKU011,Personal Care,South,81.09,1,0,41,3,42.67,1.67
2025-09-22,S01,SKU011,Personal Care,South,87.26,0,0,43,6,30.63,12.37
2025-09-23,S01,SKU011,Personal Care,South,89.8,0,0,34,5,30.46,3.54
2025-09-24,S01,SKU011,Personal Care,South,91.1,0,0,44,8,31.31,12.69
2025-09-25,S01,SKU011,Personal Care,South,80.87,1,0,37,5,39.18,2.18
2025-09-26,S01,SKU011,Personal Care,South,88.97,0,0,24,6,31.35,7.35
2025-09-27,S01,SKU011,Personal Care,South,87.84,0,0,32,7,34.26,2.26
2025-09-28,S01,SKU011,Personal Care,South,90.77,0,0,36,4,33.8,2.2
2025-09-29,S01,SKU011,Personal Care,South,88.08,0,0,35,3,31.66,3.34
2025-09-30,S01,SKU011,Personal Care,South,88.91,0,0,35,5,31.23,3.77
2025-10-01,S01,SKU011,Personal Care,South,88.71,0,0,29,9,32.51,3.51
2025-10-02,S01,SKU011,Personal Care,South,88.51,0,1,44,2,37.64,6.36
2025-10-03,S01,SKU011,Personal Care,South,88.15,0,0,30,2,31.87,1.87
2025-10-04,S01,SKU011,Personal Care,South,89.02,0,0,40,3,35.09,4.91
2025-10-05,S01,SKU011,Personal Care,South,89.5,0,0,37,9,35.52,1.48
2025-10-06,S01,SKU011,Personal Care,South,87.27,0,0,34,6,32.77,1.23
2025-10-07,S01,SKU011,Personal Care,South,87.59,0,0,32,4,33.12,1.12
2025-10-08,S01,SKU011,Personal Care,South,88.66,0,0,36,6,32.55,3.45
2025-10-09,S01,SKU011,Personal Care,South,81.88,1,0,40,6,43.7,3.7
2025-10-10,S01,SKU011,Personal Care,South,87.63,0,0,34,8,32.96,1.04
2025-10-11,S01,SKU011,Personal Care,South,89.9,0,0,33,6,35.81,2.81
2025-10-12,S01,SKU011,Personal Care,South,88.8,0,0,34,8,35.4,1.4
2025-10-13,S01,SKU011,Personal Care,South,89.58,0,0,30,9,32.89,2.89
2025-10-14,S01,SKU011,Personal Care,South,81.32,1,0,40,5,43.43,3.43
2025-10-15,S01,SKU011,Personal Care,South,88.01,0,0,31,5,33.51,2.51
2025-10-16,S01,SKU011,Personal Care,South,88.32,0,0,33,6,33.05,0.05
2025-10-17,S01,SKU011,Personal Care,South,87.42,0,0,24,8,32.89,8.89
2025-10-18,S01,SKU011,Personal Care,South,86.77,0,0,40,7,35.38,4.62
2025-10-19,S01,SKU011,Personal Care,South,90.58,0,0,31,4,35.6,4.6
2025-10-20,S01,SKU011,Personal Care,South,90.41,0,0,33,3,33.08,0.08
2025-10-21,S01,SKU011,Personal Care,South,82.64,1,0,45,6,43.04,1.96
2025-10-22,S01,SKU011,Personal Care,South,88.54,0,0,35,2,33.26,1.74
2025-10-23,S01,SKU011,Personal Care,South,87.7,0,0,25,4,33.09,8.09
2025-10-24,S01,SKU011,Personal Care,South,87.28,0,0,27,3,31.87,4.87
2025-10-25,S01,SKU011,Personal Care,South,88.18,0,0,20,9,34.11,14.11
2025-10-26,S01,SKU011,Personal Care,South,89.52,0,0,38,8,34.79,3.21
2025-10-27,S01,SKU011,Personal Care,South,88.09,0,0,28,7,32.93,4.93
2025-10-28,S01,SKU011,Personal Care,South,81.94,1,0,45,3,41.03,3.97
2025-10-29,S01,SKU011,Personal Care,South,86.43,0,0,32,6,32.52,0.52
2025-10-30,S01,SKU011,Personal Care,South,88.88,0,0,27,9,33.89,6.89
2025-10-31,S01,SKU011,Personal Care,South,83.49,1,0,46,6,41.99,4.01
2025-11-01,S01,SKU011,Personal Care,South,91.42,0,0,37,6,35.06,1.94
2025-11-02,S01,SKU011,Personal Care,South,82.11,1,0,50,7,45.36,4.64
2025-11-03,S01,SKU011,Personal Care,South,88.35,0,0,34,9,33.69,0.31
2025-11-04,S01,SKU011,Personal Care,South,81.75,1,0,41,9,44.51,3.51
2025-11-05,S01,SKU011,Personal Care,South,87.05,0,0,37,2,33.96,3.04
2025-11-06,S01,SKU011,Personal Care,South,81.83,1,0,44,4,43.08,0.92
2025-11-07,S01,SKU011,Personal Care,South,87.43,0,0,35,3,35.52,0.52
2025-11-08,S01,SKU011,Personal Care,South,90.17,0,0,39,9,36.34,2.66
2025-11-09,S01,SKU011,Personal Care,South,88.44,0,0,45,8,36.71,8.29
2025-11-10,S01,SKU011,Personal Care,South,89.52,0,0,35,6,34.59,0.41
2025-11-11,S01,SKU011,Personal Care,South,87.65,0,0,34,3,35.74,1.74
2025-11-12,S01,SKU011,Personal Care,South,86.69,0,0,43,5,34.66,8.34
2025-11-13,S01,SKU011,Personal Care,South,89.86,0,0,31,8,35.35,4.35
2025-11-14,S01,SKU011,Personal Care,South,88.19,0,0,37,4,34.71,2.29
2025-11-15,S01,SKU011,Personal Care,South,88.3,0,0,43,3,37.76,5.24
2025-11-16,S01,SKU011,Personal Care,South,85.35,1,0,48,2,50.76,2.76
2025-11-17,S01,SKU011,Personal Care,South,89.27,0,0,38,6,35.89,2.11
2025-11-18,S01,SKU011,Personal Care,South,90.61,0,0,41,3,36.73,4.27
2025-11-19,S01,SKU011,Personal Care,South,87.78,0,0,37,6,36.4,0.6
2025-11-20,S01,SKU011,Personal Care,South,89.2,0,0,48,7,36.07,11.93
2025-11-21,S01,SKU011,Personal Care,South,87.2,0,0,33,5,36.58,3.58
2025-11-22,S01,SKU011,Personal Care,South,88.79,0,0,32,3,39.39,7.39
2025-11-23,S01,SKU011,Personal Care,South,90.17,0,0,37,8,40.37,3.37
2025-11-24,S01,SKU011,Personal Care,South,90.91,0,0,30,4,36.58,6.58
2025-11-25,S01,SKU011,Personal Care,South,88.23,0,0,38,6,37.99,0.01
2025-11-26,S01,SKU011,Personal Care,South,91.23,0,0,28,5,37.07,9.07
2025-11-27,S01,SKU011,Personal Care,South,86.79,0,0,32,3,36.56,4.56
2025-11-28,S01,SKU011,Personal Care,South,89.33,0,0,37,7,37.57,0.57
2025-11-29,S01,SKU011,Personal Care,South,88.23,0,0,38,7,39.31,1.31
2025-11-30,S01,SKU011,Personal Care,South,89.19,0,0,29,4,39.54,10.54
2025-12-01,S01,SKU011,Personal Care,South,87.48,0,0,35,8,36.04,1.04
2025-12-02,S01,SKU011,Personal Care,South,89.0,0,0,39,2,36.7,2.3
2025-12-03,S01,SKU011,Personal Care,South,89.18,0,0,42,2,36.81,5.19
2025-12-04,S01,SKU011,Personal Care,South,85.88,0,0,32,5,37.17,5.17
2025-12-05,S01,SKU011,Personal Care,South,89.91,0,0,34,5,36.61,2.61
2025-12-06,S01,SKU011,Personal Care,South,86.94,0,0,46,6,39.6,6.4
2025-12-07,S01,SKU011,Personal Care,South,89.07,0,0,35,9,40.09,5.09
2025-12-08,S01,SKU011,Personal Care,South,81.23,1,0,57,9,48.19,8.81
2025-12-09,S01,SKU011,Personal Care,South,79.64,1,0,47,2,49.15,2.15
2025-12-10,S01,SKU011,Personal Care,South,89.37,0,0,40,7,38.38,1.62
2025-12-11,S01,SKU011,Personal Care,South,92.26,0,0,39,8,36.98,2.02
2025-12-12,S01,SKU011,Personal Care,South,86.94,0,0,33,4,38.15,5.15
2025-12-13,S01,SKU011,Personal Care,South,89.95,0,0,34,7,41.34,7.34
2025-12-14,S01,SKU011,Personal Care,South,86.54,0,0,39,3,40.02,1.02
2025-12-15,S01,SKU011,Personal Care,South,86.66,0,0,45,7,37.37,7.63
2025-12-16,S01,SKU011,Personal Care,South,81.55,1,0,44,3,49.12,5.12
2025-12-17,S01,SKU011,Personal Care,South,89.12,0,0,35,4,36.34,1.34
2025-12-18,S01,SKU011,Personal Care,South,82.1,1,0,53,5,48.48,4.52
2025-12-19,S01,SKU011,Personal Care,South,88.72,0,0,31,7,35.66,4.66
2025-12-20,S01,SKU011,Personal Care,South,92.35,0,0,45,5,38.54,6.46
2025-12-21,S01,SKU011,Personal Care,South,89.44,0,0,43,6,40.77,2.23
2025-12-22,S01,SKU011,Personal Care,South,89.26,0,0,45,6,37.38,7.62
2025-12-23,S01,SKU011,Personal Care,South,90.29,0,0,40,7,38.61,1.39
2025-12-24,S01,SKU011,Personal Care,South,91.45,0,0,42,8,38.07,3.93
2025-12-25,S01,SKU011,Personal Care,South,87.07,0,1,41,3,45.65,4.65
2025-12-26,S01,SKU011,Personal Care,South,86.94,0,0,46,7,38.83,7.17
2025-12-27,S01,SKU011,Personal Care,South,88.73,0,0,37,6,42.58,5.58
2025-12-28,S01,SKU011,Personal Care,South,90.79,0,0,35,6,41.62,6.62
2025-12-29,S01,SKU011,Personal Care,South,83.27,1,0,54,4,52.01,1.99
2025-12-30,S01,SKU011,Personal Care,South,89.9,0,0,40,6,40.8,0.8
2025-12-31,S01,SKU011,Personal Care,South,89.61,0,0,42,5,40.73,1.27
2025-08-13,S01,SKU012,Household,South,161.49,0,0,60,2,65.33,5.33
2025-08-14,S01,SKU012,Household,South,166.75,0,0,55,7,64.74,9.74
2025-08-15,S01,SKU012,Household,South,166.96,0,1,81,7,72.54,8.46
2025-08-16,S01,SKU012,Household,South,162.44,0,0,70,3,70.72,0.72
2025-08-17,S01,SKU012,Household,South,163.58,0,0,74,5,70.45,3.55
2025-08-18,S01,SKU012,Household,South,170.19,0,0,70,8,65.32,4.68
2025-08-19,S01,SKU012,Household,South,167.63,0,0,68,2,64.64,3.36
2025-08-20,S01,SKU012,Household,South,168.31,0,0,67,2,64.26,2.74
2025-08-21,S01,SKU012,Household,South,162.8,0,0,59,8,64.06,5.06
2025-08-22,S01,SKU012,Household,South,163.31,0,0,70,7,63.84,6.16
2025-08-23,S01,SKU012,Household,South,165.02,0,0,80,8,69.55,10.45
2025-08-24,S01,SKU012,Household,South,151.5,1,0,106,2,91.74,14.26
2025-08-25,S01,SKU012,Household,South,166.1,0,0,75,9,66.44,8.56
2025-08-26,S01,SKU012,Household,South,168.39,0,0,62,5,65.94,3.94
2025-08-27,S01,SKU012,Household,South,163.27,0,0,68,6,65.32,2.68
2025-08-28,S01,SKU012,Household,South,156.16,1,0,88,6,82.99,5.01
2025-08-29,S01,SKU012,Household,South,165.0,0,0,60,8,65.97,5.97
2025-08-30,S01,SKU012,Household,South,151.35,1,0,91,5,91.37,0.37
2025-08-31,S01,SKU012,Household,South,159.0,0,0,63,6,71.18,8.18
2025-09-01,S01,SKU012,Household,South,163.66,0,0,60,3,65.73,5.73
2025-09-02,S01,SKU012,Household,South,164.97,0,0,67,5,66.29,0.71
2025-09-03,S01,SKU012,Household,South,162.01,0,0,71,6,65.71,5.29
2025-09-04,S01,SKU012,Household,South,165.68,0,0,67,8,64.28,2.72
2025-09-05,S01,SKU012,Household,South,170.31,0,0,75,5,64.83,10.17
2025-09-06,S01,SKU012,Household,South,164.27,0,0,68,2,70.9,2.9
2025-09-07,S01,SKU012,Household,South,166.37,0,0,80,4,71.19,8.81
2025-09-08,S01,SKU012,Household,South,159.16,0,0,56,4,66.32,10.32
2025-09-09,S01,SKU012,Household,South,169.13,0,0,68,2,65.74,2.26
2025-09-10,S01,SKU012,Household,South,166.98,0,0,71,8,65.09,5.91
2025-09-11,S01,SKU012,Household,South,165.97,0,0,74,7,65.76,8.24
2025-09-12,S01,SKU012,Household,South,165.21,0,0,66,4,66.66,0.66
2025-09-13,S01,SKU012,Household,South,163.46,0,0,66,2,70.56,4.56
2025-09-14,S01,SKU012,Household,South,161.13,0,0,74,4,70.82,3.18
2025-09-15,S01,SKU012,Household,South,167.23,0,0,54,3,66.08,12.08
2025-09-16,S01,SKU012,Household,South,152.91,1,0,84,3,83.14,0.86
2025-09-17,S01,SKU012,Household,South,168.27,0,0,67,8,66.05,0.95
2025-09-18,S01,SKU012,Household,South,167.0,0,0,61,9,65.82,4.82
2025-09-19,S01,SKU012,Household,South,167.25,0,0,71,8,66.29,4.71
2025-09-20,S01,SKU012,Household,South,165.38,0,0,75,2,71.21,3.79
2025-09-21,S01,SKU012,Household,South,165.18,0,0,78,9,71.12,6.88
2025-09-22,S01,SKU012,Household,South,165.61,0,0,62,8,64.7,2.7
2025-09-23,S01,SKU012,Household,South,163.66,0,0,61,6,64.15,3.15
2025-09-24,S01,SKU012,Household,South,168.84,0,0,66,2,64.47,1.53
2025-09-25,S01,SKU012,Household,South,151.89,1,0,82,4,83.73,1.73
2025-09-26,S01,SKU012,Household,South,166.37,0,0,61,6,63.9,2.9
2025-09-27,S01,SKU012,Household,South,147.86,1,0,99,7,88.26,10.74
2025-09-28,S01,SKU012,Household,South,165.58,0,0,72,6,69.19,2.81
2025-09-29,S01,SKU012,Household,South,163.23,0,0,61,6,63.45,2.45
2025-09-30,S01,SKU012,Household,South,166.19,0,0,60,7,64.81,4.81
2025-10-01,S01,SKU012,Household,South,151.72,1,0,82,2,82.32,0.32
2025-10-02,S01,SKU012,Household,South,163.33,0,1,73,9,75.54,2.54
2025-10-03,S01,SKU012,Household,South,166.28,0,0,71,5,65.01,5.99
2025-10-04,S01,SKU012,Household,South,165.83,0,0,67,5,72.42,5.42
2025-10-05,S01,SKU012,Household,South,163.16,0,0,68,2,71.62,3.62
2025-10-06,S01,SKU012,Household,South,165.08,0,0,77,8,64.92,12.08
2025-10-07,S01,SKU012,Household,South,167.93,0,0,64,3,65.49,1.49
2025-10-08,S01,SKU012,Household,South,167.01,0,0,57,4,65.05,8.05
2025-10-09,S01,SKU012,Household,South,169.43,0,0,58,7,64.79,6.79
2025-10-10,S01,SKU012,Household,South,159.93,0,0,59,2,64.88,5.88
2025-10-11,S01,SKU012,Household,South,152.82,1,0,83,7,86.85,3.85
2025-10-12,S01,SKU012,Household,South,167.59,0,0,68,3,69.63,1.63
2025-10-13,S01,SKU012,Household,South,167.77,0,0,69,4,64.16,4.84
2025-10-14,S01,SKU012,Household,South,164.36,0,0,66,8,64.77,1.23
2025-10-15,S01,SKU012,Household,South,165.79,0,0,61,4,63.95,2.95
2025-10-16,S01,SKU012,Household,South,150.76,1,0,85,2,82.51,2.49
2025-10-17,S01,SKU012,Household,South,166.75,0,0,73,2,64.66,8.34
2025-10-18,S01,SKU012,Household,South,164.76,0,0,69,9,70.49,1.49
2025-10-19,S01,SKU012,Household,South,162.47,0,0,70,5,70.67,0.67
2025-10-20,S01,SKU012,Household,South,149.51,1,0,84,7,84.99,0.99
2025-10-21,S01,SKU012,Household,South,164.97,0,0,74,5,66.45,7.55
2025-10-22,S01,SKU012,Household,South,163.5,0,0,71,4,66.48,4.52
2025-10-23,S01,SKU012,Household,South,166.23,0,0,59,6,65.45,6.45
2025-10-24,S01,SKU012,Household,South,164.35,0,0,67,5,66.05,0.95
2025-10-25,S01,SKU012,Household,South,161.29,0,0,77,6,71.06,5.94
2025-10-26,S01,SKU012,Household,South,161.82,0,0,67,5,71.11,4.11
2025-10-27,S01,SKU012,Household,South,163.26,0,0,68,5,64.4,3.6
2025-10-28,S01,SKU012,Household,South,166.35,0,0,68,2,65.36,2.64
2025-10-29,S01,SKU012,Household,South,165.93,0,0,68,3,65.88,2.12
2025-10-30,S01,SKU012,Household,South,169.77,0,0,64,8,65.37,1.37
2025-10-31,S01,SKU012,Household,South,163.42,0,0,71,3,65.48,5.52
2025-11-01,S01,SKU012,Household,South,163.46,0,0,70,7,70.32,0.32
2025-11-02,S01,SKU012,Household,South,152.64,1,0,94,6,91.67,2.33
2025-11-03,S01,SKU012,Household,South,164.62,0,0,64,5,66.87,2.87
2025-11-04,S01,SKU012,Household,South,167.21,0,0,74,4,66.0,8.0
2025-11-05,S01,SKU012,Household,South,164.4,0,0,58,8,66.31,8.31
2025-11-06,S01,SKU012,Household,South,165.63,0,0,62,8,66.41,4.41
2025-11-07,S01,SKU012,Household,South,167.04,0,0,67,9,66.45,0.55
2025-11-08,S01,SKU012,Household,South,166.64,0,0,79,8,72.87,6.13
2025-11-09,S01,SKU012,Household,South,166.93,0,0,71,7,71.92,0.92
2025-11-10,S01,SKU012,Household,South,169.01,0,0,64,3,67.51,3.51
2025-11-11,S01,SKU012,Household,South,165.68,0,0,65,4,67.59,2.59
2025-11-12,S01,SKU012,Household,South,164.43,0,0,75,7,67.18,7.82
2025-11-13,S01,SKU012,Household,South,163.7,0,0,64,3,68.09,4.09
2025-11-14,S01,SKU012,Household,South,166.8,0,0,70,7,67.68,2.32
2025-11-15,S01,SKU012,Household,South,165.35,0,0,72,8,72.9,0.9
2025-11-16,S01,SKU012,Household,South,168.27,0,0,73,6,72.0,1.0
2025-11-17,S01,SKU012,Household,South,170.2,0,0,71,6,67.95,3.05
2025-11-18,S01,SKU012,Household,South,165.1,0,0,68,3,67.88,0.12
2025-11-19,S01,SKU012,Household,South,167.37,0,0,69,7,66.79,2.21
2025-11-20,S01,SKU012,Household,South,164.83,0,0,68,2,67.11,0.89
2025-11-21,S01,SKU012,Household,South,164.8,0,0,71,8,67.52,3.48
2025-11-22,S01,SKU012,Household,South,165.88,0,0,83,9,72.79,10.21
2025-11-23,S01,SKU012,Household,South,165.71,0,0,81,2,72.54,8.46
2025-11-24,S01,SKU012,Household,South,162.78,0,0,72,2,70.07,1.93
2025-11-25,S01,SKU012,Household,South,168.22,0,0,72,6,69.9,2.1
2025-11-26,S01,SKU012,Household,South,163.49,0,0,64,9,70.37,6.37
2025-11-27,S01,SKU012,Household,South,162.43,0,0,65,3,70.09,5.09
2025-11-28,S01,SKU012,Household,South,166.94,0,0,65,9,69.66,4.66
2025-11-29,S01,SKU012,Household,South,163.21,0,0,73,7,74.81,1.81
2025-11-30,S01,SKU012,Household,South,163.25,0,0,78,4,75.21,2.79
2025-12-01,S01,SKU012,Household,South,167.43,0,0,73,9,68.13,4.87
2025-12-02,S01,SKU012,Household,South,152.97,1,0,98,7,89.17,8.83
2025-12-03,S01,SKU012,Household,South,171.25,0,0,66,2,70.28,4.28
2025-12-04,S01,SKU012,Household,South,167.71,0,0,71,9,69.92,1.08
2025-12-05,S01,SKU012,Household,South,165.12,0,0,78,8,71.52,6.48
2025-12-06,S01,SKU012,Household,South,172.82,0,0,77,5,77.71,0.71
2025-12-07,S01,SKU012,Household,South,165.39,0,0,87,8,76.83,10.17
2025-12-08,S01,SKU012,Household,South,166.17,0,0,71,3,71.2,0.2
2025-12-09,S01,SKU012,Household,South,162.73,0,0,66,3,71.58,5.58
2025-12-10,S01,SKU012,Household,South,164.95,0,0,73,6,71.63,1.37
2025-12-11,S01,SKU012,Household,South,164.46,0,0,90,9,71.71,18.29
2025-12-12,S01,SKU012,Household,South,171.17,0,0,73,5,74.05,1.05
2025-12-13,S01,SKU012,Household,South,164.3,0,0,79,7,78.67,0.33
2025-12-14,S01,SKU012,Household,South,163.4,0,0,81,7,81.13,0.13
2025-12-15,S01,SKU012,Household,South,162.89,0,0,81,3,74.83,6.17
2025-12-16,S01,SKU012,Household,South,164.82,0,0,67,7,75.6,8.6
2025-12-17,S01,SKU012,Household,South,163.63,0,0,74,4,74.78,0.78
2025-12-18,S01,SKU012,Household,South,170.5,0,0,78,9,73.51,4.49
2025-12-19,S01,SKU012,Household,South,164.24,0,0,82,2,76.14,5.86
2025-12-20,S01,SKU012,Household,South,161.21,0,0,89,6,81.74,7.26
2025-12-21,S01,SKU012,Household,South,163.84,0,0,85,4,82.36,2.64
2025-12-22,S01,SKU012,Household,South,151.79,1,0,103,6,95.99,7.01
2025-12-23,S01,SKU012,Household,South,165.53,0,0,76,7,75.55,0.45
2025-12-24,S01,SKU012,Household,South,164.54,0,0,79,5,70.03,8.97
2025-12-25,S01,SKU012,Household,South,163.94,0,1,95,8,76.87,18.13
2025-12-26,S01,SKU012,Household,South,166.18,0,0,68,8,69.62,1.62
2025-12-27,S01,SKU012,Household,South,166.11,0,0,82,4,78.79,3.21
2025-12-28,S01,SKU012,Household,South,164.04,0,0,87,5,79.81,7.19
2025-12-29,S01,SKU012,Household,South,149.77,1,0,113,3,99.5,13.5
2025-12-30,S01,SKU012,Household,South,163.58,0,0,82,4,76.43,5.57
2025-12-31,S01,SKU012,Household,South,164.39,0,0,85,5,74.96,10.04
2025-08-13,S01,SKU013,Beverages,South,81.72,0,0,53,7,48.22,4.78
2025-08-14,S01,SKU013,Beverages,South,78.81,0,0,55,8,49.98,5.02
2025-08-15,S01,SKU013,Beverages,South,82.48,0,1,56,6,56.76,0.76
2025-08-16,S01,SKU013,Beverages,South,82.51,0,0,52,8,52.51,0.51
2025-08-17,S01,SKU013,Beverages,South,81.74,0,0,61,4,53.25,7.75
2025-08-18,S01,SKU013,Beverages,South,80.55,0,0,51,9,49.59,1.41
2025-08-19,S01,SKU013,Beverages,South,80.36,0,0,59,4,50.15,8.85
2025-08-20,S01,SKU013,Beverages,South,79.71,0,0,54,4,49.2,4.8
2025-08-21,S01,SKU013,Beverages,South,80.33,0,0,46,5,49.99,3.99
2025-08-22,S01,SKU013,Beverages,South,80.16,0,0,45,7,48.92,3.92
2025-08-23,S01,SKU013,Beverages,South,80.95,0,0,54,9,51.58,2.42
2025-08-24,S01,SKU013,Beverages,South,76.16,1,0,63,9,68.98,5.98
2025-08-25,S01,SKU013,Beverages,South,83.12,0,0,54,3,49.62,4.38
2025-08-26,S01,SKU013,Beverages,South,81.29,0,0,51,5,50.05,0.95
2025-08-27,S01,SKU013,Beverages,South,82.98,0,0,54,8,49.9,4.1
2025-08-28,S01,SKU013,Beverages,South,80.93,0,0,48,8,49.5,1.5
2025-08-29,S01,SKU013,Beverages,South,80.01,0,0,49,2,50.22,1.22
2025-08-30,S01,SKU013,Beverages,South,81.42,0,0,51,9,53.43,2.43
2025-08-31,S01,SKU013,Beverages,South,82.12,0,0,61,5,52.73,8.27
2025-09-01,S01,SKU013,Beverages,South,81.5,0,0,47,9,49.19,2.19
2025-09-02,S01,SKU013,Beverages,South,79.8,0,0,47,9,48.76,1.76
2025-09-03,S01,SKU013,Beverages,South,80.45,0,0,45,8,48.73,3.73
2025-09-04,S01,SKU013,Beverages,South,79.93,0,0,51,3,47.78,3.22
2025-09-05,S01,SKU013,Beverages,South,81.81,0,0,45,7,47.81,2.81
2025-09-06,S01,SKU013,Beverages,South,80.79,0,0,41,8,51.45,10.45
2025-09-07,S01,SKU013,Beverages,South,82.32,0,0,53,7,50.19,2.81
2025-09-08,S01,SKU013,Beverages,South,83.9,0,0,50,9,46.83,3.17
2025-09-09,S01,SKU013,Beverages,South,73.4,1,0,52,6,62.71,10.71
2025-09-10,S01,SKU013,Beverages,South,81.98,0,0,37,9,47.72,10.72
2025-09-11,S01,SKU013,Beverages,South,80.18,0,0,43,8,46.66,3.66
2025-09-12,S01,SKU013,Beverages,South,83.86,0,0,46,9,46.07,0.07
2025-09-13,S01,SKU013,Beverages,South,80.56,0,0,39,5,49.72,10.72
2025-09-14,S01,SKU013,Beverages,South,81.15,0,0,54,7,48.49,5.51
2025-09-15,S01,SKU013,Beverages,South,82.35,0,0,53,4,45.26,7.74
2025-09-16,S01,SKU013,Beverages,South,81.58,0,0,46,3,45.3,0.7
2025-09-17,S01,SKU013,Beverages,South,82.67,0,0,44,7,44.88,0.88
2025-09-18,S01,SKU013,Beverages,South,80.58,0,0,39,6,45.4,6.4
2025-09-19,S01,SKU013,Beverages,South,73.95,1,0,66,9,58.92,7.08
2025-09-20,S01,SKU013,Beverages,South,79.37,0,0,57,5,48.98,8.02
2025-09-21,S01,SKU013,Beverages,South,82.32,0,0,44,6,50.0,6.0
2025-09-22,S01,SKU013,Beverages,South,82.5,0,0,55,4,45.83,9.17
2025-09-23,S01,SKU013,Beverages,South,83.29,0,0,42,7,46.1,4.1
2025-09-24,S01,SKU013,Beverages,South,80.72,0,0,47,8,45.44,1.56
2025-09-25,S01,SKU013,Beverages,South,74.04,1,0,64,5,59.24,4.76
2025-09-26,S01,SKU013,Beverages,South,82.31,0,0,41,4,44.88,3.88
2025-09-27,S01,SKU013,Beverages,South,75.71,1,0,58,5,63.29,5.29
2025-09-28,S01,SKU013,Beverages,South,80.25,0,0,54,7,50.27,3.73
2025-09-29,S01,SKU013,Beverages,South,80.44,0,0,47,7,46.13,0.87
2025-09-30,S01,SKU013,Beverages,South,82.39,0,0,46,3,45.86,0.14
2025-10-01,S01,SKU013,Beverages,South,79.79,0,0,42,3,46.02,4.02
2025-10-02,S01,SKU013,Beverages,South,81.71,0,1,52,4,54.24,2.24
2025-10-03,S01,SKU013,Beverages,South,80.39,0,0,43,9,45.14,2.14
2025-10-04,S01,SKU013,Beverages,South,82.06,0,0,56,2,49.76,6.24
2025-10-05,S01,SKU013,Beverages,South,82.09,0,0,50,8,49.62,0.38
2025-10-06,S01,SKU013,Beverages,South,74.55,1,0,63,9,61.82,1.18
2025-10-07,S01,SKU013,Beverages,South,75.26,1,0,61,8,62.49,1.49
2025-10-08,S01,SKU013,Beverages,South,73.99,1,0,58,4,60.97,2.97
2025-10-09,S01,SKU013,Beverages,South,82.48,0,0,43,6,47.02,4.02
2025-10-10,S01,SKU013,Beverages,South,81.57,0,0,44,8,47.14,3.14
2025-10-11,S01,SKU013,Beverages,South,81.24,0,0,49,6,51.23,2.23
2025-10-12,S01,SKU013,Beverages,South,79.38,0,0,46,9,51.8,5.8
2025-10-13,S01,SKU013,Beverages,South,80.33,0,0,44,4,47.82,3.82
2025-10-14,S01,SKU013,Beverages,South,82.06,0,0,51,2,47.08,3.92
2025-10-15,S01,SKU013,Beverages,South,79.1,0,0,45,4,47.83,2.83
2025-10-16,S01,SKU013,Beverages,South,79.51,0,0,49,7,47.61,1.39
2025-10-17,S01,SKU013,Beverages,South,80.22,0,0,43,6,47.58,4.58
2025-10-18,S01,SKU013,Beverages,South,80.86,0,0,53,4,50.36,2.64
2025-10-19,S01,SKU013,Beverages,South,83.19,0,0,51,6,50.56,0.44
2025-10-20,S01,SKU013,Beverages,South,74.14,1,0,63,8,62.65,0.35
2025-10-21,S01,SKU013,Beverages,South,80.76,0,0,48,3,47.08,0.92
2025-10-22,S01,SKU013,Beverages,South,74.1,1,0,62,7,63.96,1.96
2025-10-23,S01,SKU013,Beverages,South,74.74,1,0,59,3,62.71,3.71
2025-10-24,S01,SKU013,Beverages,South,82.52,0,0,44,7,47.5,3.5
2025-10-25,S01,SKU013,Beverages,South,80.24,0,0,57,8,52.13,4.87
2025-10-26,S01,SKU013,Beverages,South,83.65,0,0,51,9,52.1,1.1
2025-10-27,S01,SKU013,Beverages,South,81.57,0,0,46,4,48.19,2.19
2025-10-28,S01,SKU013,Beverages,South,81.66,0,0,52,8,48.36,3.64
2025-10-29,S01,SKU013,Beverages,South,81.97,0,0,45,4,48.4,3.4
2025-10-30,S01,SKU013,Beverages,South,83.51,0,0,51,3,48.75,2.25
2025-10-31,S01,SKU013,Beverages,South,82.63,0,0,46,6,48.63,2.63
2025-11-01,S01,SKU013,Beverages,South,81.67,0,0,50,5,54.02,4.02
2025-11-02,S01,SKU013,Beverages,South,82.59,0,0,59,2,53.33,5.67
2025-11-03,S01,SKU013,Beverages,South,79.64,0,0,56,3,49.69,6.31
2025-11-04,S01,SKU013,Beverages,South,83.43,0,0,49,7,49.14,0.14
2025-11-05,S01,SKU013,Beverages,South,79.64,0,0,42,2,49.4,7.4
2025-11-06,S01,SKU013,Beverages,South,80.54,0,0,48,8,48.44,0.44
2025-11-07,S01,SKU013,Beverages,South,80.58,0,0,45,3,49.38,4.38
2025-11-08,S01,SKU013,Beverages,South,81.16,0,0,53,6,53.08,0.08
2025-11-09,S01,SKU013,Beverages,South,84.71,0,0,54,6,53.32,0.68
2025-11-10,S01,SKU013,Beverages,South,81.69,0,0,49,4,49.46,0.46
2025-11-11,S01,SKU013,Beverages,South,74.3,1,0,65,2,64.12,0.88
2025-11-12,S01,SKU013,Beverages,South,79.71,0,0,57,8,49.76,7.24
2025-11-13,S01,SKU013,Beverages,South,82.13,0,0,46,9,49.91,3.91
2025-11-14,S01,SKU013,Beverages,South,80.99,0,0,58,9,50.07,7.93
2025-11-15,S01,SKU013,Beverages,South,81.52,0,0,55,4,55.06,0.06
2025-11-16,S01,SKU013,Beverages,South,79.7,0,0,57,6,55.66,1.34
2025-11-17,S01,SKU013,Beverages,South,81.11,0,0,43,5,50.54,7.54
2025-11-18,S01,SKU013,Beverages,South,82.37,0,0,55,8,49.1,5.9
2025-11-19,S01,SKU013,Beverages,South,81.62,0,0,42,3,50.01,8.01
2025-11-20,S01,SKU013,Beverages,South,81.16,0,0,56,2,48.92,7.08
2025-11-21,S01,SKU013,Beverages,South,81.54,0,0,49,8,49.19,0.19
2025-11-22,S01,SKU013,Beverages,South,79.66,0,0,59,3,54.69,4.31
2025-11-23,S01,SKU013,Beverages,South,79.92,0,0,55,6,55.09,0.09
2025-11-24,S01,SKU013,Beverages,South,75.03,1,0,64,9,66.58,2.58
2025-11-25,S01,SKU013,Beverages,South,83.34,0,0,50,2,51.33,1.33
2025-11-26,S01,SKU013,Beverages,South,81.14,0,0,53,5,50.13,2.87
2025-11-27,S01,SKU013,Beverages,South,81.62,0,0,55,3,51.03,3.97
2025-11-28,S01,SKU013,Beverages,South,75.68,1,0,64,5,68.83,4.83
2025-11-29,S01,SKU013,Beverages,South,80.67,0,0,53,8,57.47,4.47
2025-11-30,S01,SKU013,Beverages,South,81.8,0,0,61,9,57.56,3.44
2025-12-01,S01,SKU013,Beverages,South,82.4,0,0,49,4,51.56,2.56
2025-12-02,S01,SKU013,Beverages,South,81.76,0,0,51,4,51.82,0.82
2025-12-03,S01,SKU013,Beverages,South,79.67,0,0,51,8,51.52,0.52
2025-12-04,S01,SKU013,Beverages,South,82.26,0,0,57,7,52.01,4.99
2025-12-05,S01,SKU013,Beverages,South,79.16,0,0,51,7,51.89,0.89
2025-12-06,S01,SKU013,Beverages,South,80.6,0,0,52,3,58.06,6.06
2025-12-07,S01,SKU013,Beverages,South,80.58,0,0,47,8,57.71,10.71
2025-12-08,S01,SKU013,Beverages,South,81.12,0,0,51,2,51.92,0.92
2025-12-09,S01,SKU013,Beverages,South,80.54,0,0,50,2,51.84,1.84
2025-12-10,S01,SKU013,Beverages,South,78.29,1,0,67,7,70.3,3.3
2025-12-11,S01,SKU013,Beverages,South,80.86,0,0,52,9,51.77,0.23
2025-12-12,S01,SKU013,Beverages,South,79.1,0,0,49,2,52.97,3.97
2025-12-13,S01,SKU013,Beverages,South,80.61,0,0,50,3,56.83,6.83
2025-12-14,S01,SKU013,Beverages,South,81.4,0,0,62,6,56.64,5.36
2025-12-15,S01,SKU013,Beverages,South,81.07,0,0,61,2,51.5,9.5
2025-12-16,S01,SKU013,Beverages,South,80.34,0,0,62,3,53.56,8.44
2025-12-17,S01,SKU013,Beverages,South,83.16,0,0,60,6,52.98,7.02
2025-12-18,S01,SKU013,Beverages,South,81.02,0,0,50,2,54.27,4.27
2025-12-19,S01,SKU013,Beverages,South,81.9,0,0,46,6,53.28,7.28
2025-12-20,S01,SKU013,Beverages,South,76.39,1,0,81,9,75.82,5.18
2025-12-21,S01,SKU013,Beverages,South,79.96,0,0,58,7,58.12,0.12
2025-12-22,S01,SKU013,Beverages,South,82.53,0,0,52,8,54.53,2.53
2025-12-23,S01,SKU013,Beverages,South,80.1,0,0,55,3,54.13,0.87
2025-12-24,S01,SKU013,Beverages,South,83.32,0,0,62,7,54.17,7.83
2025-12-25,S01,SKU013,Beverages,South,79.36,0,1,56,5,62.44,6.44
2025-12-26,S01,SKU013,Beverages,South,82.03,0,0,54,8,54.44,0.44
2025-12-27,S01,SKU013,Beverages,South,80.77,0,0,66,3,55.36,10.64
2025-12-28,S01,SKU013,Beverages,South,80.24,0,0,55,6,60.66,5.66
2025-12-29,S01,SKU013,Beverages,South,81.75,0,0,55,6,55.62,0.62
2025-12-30,S01,SKU013,Beverages,South,79.19,0,0,60,5,56.08,3.92
2025-12-31,S01,SKU013,Beverages,South,74.1,1,0,66,6,73.32,7.32
2025-08-13,S01,SKU014,Snacks,South,355.55,1,0,66,2,65.69,0.31
2025-08-14,S01,SKU014,Snacks,South,395.88,0,0,49,7,49.5,0.5
2025-08-15,S01,SKU014,Snacks,South,391.28,0,1,55,3,55.26,0.26
2025-08-16,S01,SKU014,Snacks,South,388.98,0,0,49,3,52.78,3.78
2025-08-17,S01,SKU014,Snacks,South,387.75,0,0,49,9,52.4,3.4
2025-08-18,S01,SKU014,Snacks,South,384.33,0,0,54,8,48.71,5.29
2025-08-19,S01,SKU014,Snacks,South,396.83,0,0,50,5,48.11,1.89
2025-08-20,S01,SKU014,Snacks,South,384.41,0,0,50,4,47.65,2.35
2025-08-21,S01,SKU014,Snacks,South,397.47,0,0,47,4,48.04,1.04
2025-08-22,S01,SKU014,Snacks,South,390.73,0,0,36,2,48.06,12.06
2025-08-23,S01,SKU014,Snacks,South,366.13,1,0,67,9,64.54,2.46
2025-08-24,S01,SKU014,Snacks,South,388.16,0,0,60,3,50.23,9.77
2025-08-25,S01,SKU014,Snacks,South,382.7,0,0,39,8,47.08,8.08
2025-08-26,S01,SKU014,Snacks,South,392.4,0,0,44,5,46.49,2.49
2025-08-27,S01,SKU014,Snacks,South,396.28,0,0,46,9,46.92,0.92
2025-08-28,S01,SKU014,Snacks,South,389.45,0,0,46,4,47.01,1.01
2025-08-29,S01,SKU014,Snacks,South,398.15,0,0,48,9,45.92,2.08
2025-08-30,S01,SKU014,Snacks,South,388.27,0,0,43,3,50.0,7.0
2025-08-31,S01,SKU014,Snacks,South,398.77,0,0,50,6,48.79,1.21
2025-09-01,S01,SKU014,Snacks,South,388.77,0,0,44,9,45.7,1.7
2025-09-02,S01,SKU014,Snacks,South,393.5,0,0,47,3,44.66,2.34
2025-09-03,S01,SKU014,Snacks,South,395.4,0,0,36,3,44.57,8.57
2025-09-04,S01,SKU014,Snacks,South,385.62,0,0,39,6,44.93,5.93
2025-09-05,S01,SKU014,Snacks,South,394.67,0,0,45,4,43.5,1.5
2025-09-06,S01,SKU014,Snacks,South,380.3,0,0,49,2,46.9,2.1
2025-09-07,S01,SKU014,Snacks,South,395.49,0,0,47,8,46.76,0.24
2025-09-08,S01,SKU014,Snacks,South,353.1,1,0,54,3,56.18,2.18
2025-09-09,S01,SKU014,Snacks,South,399.07,0,0,52,4,43.62,8.38
2025-09-10,S01,SKU014,Snacks,South,396.51,0,0,60,3,44.14,15.86
2025-09-11,S01,SKU014,Snacks,South,384.54,0,0,53,3,45.0,8.0
2025-09-12,S01,SKU014,Snacks,South,376.11,0,0,46,7,45.31,0.69
2025-09-13,S01,SKU014,Snacks,South,367.08,1,0,61,6,62.65,1.65
2025-09-14,S01,SKU014,Snacks,South,392.35,0,0,53,3,48.95,4.05
2025-09-15,S01,SKU014,Snacks,South,387.8,0,0,43,4,45.44,2.44
2025-09-16,S01,SKU014,Snacks,South,369.35,1,0,61,9,60.33,0.67
2025-09-17,S01,SKU014,Snacks,South,393.17,0,0,43,9,44.87,1.87
2025-09-18,S01,SKU014,Snacks,South,393.81,0,0,46,7,44.69,1.31
2025-09-19,S01,SKU014,Snacks,South,400.32,0,0,42,4,44.88,2.88
2025-09-20,S01,SKU014,Snacks,South,394.84,0,0,50,7,49.05,0.95
2025-09-21,S01,SKU014,Snacks,South,390.68,0,0,47,6,47.87,0.87
2025-09-22,S01,SKU014,Snacks,South,361.88,1,0,55,2,58.8,3.8
2025-09-23,S01,SKU014,Snacks,South,390.88,0,0,48,7,44.85,3.15
2025-09-24,S01,SKU014,Snacks,South,387.63,0,0,35,9,45.12,10.12
2025-09-25,S01,SKU014,Snacks,South,387.6,0,0,41,5,44.98,3.98
2025-09-26,S01,SKU014,Snacks,South,350.39,1,0,62,7,57.65,4.35
2025-09-27,S01,SKU014,Snacks,South,393.76,0,0,46,8,47.36,1.36
2025-09-28,S01,SKU014,Snacks,South,396.42,0,0,57,7,48.96,8.04
2025-09-29,S01,SKU014,Snacks,South,383.06,0,0,51,8,45.52,5.48
2025-09-30,S01,SKU014,Snacks,South,387.24,0,0,41,5,45.98,4.98
2025-10-01,S01,SKU014,Snacks,South,386.4,0,0,45,6,44.75,0.25
2025-10-02,S01,SKU014,Snacks,South,396.27,0,1,50,8,51.52,1.52
2025-10-03,S01,SKU014,Snacks,South,395.81,0,0,54,5,45.82,8.18
2025-10-04,S01,SKU014,Snacks,South,360.75,1,0,59,3,66.06,7.06
2025-10-05,S01,SKU014,Snacks,South,384.7,0,0,53,9,51.37,1.63
2025-10-06,S01,SKU014,Snacks,South,350.89,1,0,54,3,63.06,9.06
2025-10-07,S01,SKU014,Snacks,South,386.49,0,0,43,4,47.66,4.66
2025-10-08,S01,SKU014,Snacks,South,389.05,0,0,45,2,46.18,1.18
2025-10-09,S01,SKU014,Snacks,South,395.63,0,0,40,4,46.17,6.17
2025-10-10,S01,SKU014,Snacks,South,404.14,0,0,39,7,46.32,7.32
2025-10-11,S01,SKU014,Snacks,South,390.49,0,0,50,4,49.43,0.57
2025-10-12,S01,SKU014,Snacks,South,395.75,0,0,63,5,49.33,13.67
2025-10-13,S01,SKU014,Snacks,South,381.34,0,0,57,5,45.74,11.26
2025-10-14,S01,SKU014,Snacks,South,392.71,0,0,40,5,46.56,6.56
2025-10-15,S01,SKU014,Snacks,South,391.14,0,0,52,2,46.04,5.96
2025-10-16,S01,SKU014,Snacks,South,392.73,0,0,55,9,46.63,8.37
2025-10-17,S01,SKU014,Snacks,South,388.48,0,0,43,8,47.14,4.14
2025-10-18,S01,SKU014,Snacks,South,383.79,0,0,52,7,50.78,1.22
2025-10-19,S01,SKU014,Snacks,South,384.25,0,0,46,2,50.5,4.5
2025-10-20,S01,SKU014,Snacks,South,356.63,1,0,52,9,62.59,10.59
2025-10-21,S01,SKU014,Snacks,South,398.17,0,0,51,3,46.68,4.32
2025-10-22,S01,SKU014,Snacks,South,390.82,0,0,54,6,47.25,6.75
2025-10-23,S01,SKU014,Snacks,South,363.6,1,0,66,2,61.34,4.66
2025-10-24,S01,SKU014,Snacks,South,401.62,0,0,51,9,46.86,4.14
2025-10-25,S01,SKU014,Snacks,South,388.49,0,0,59,2,52.39,6.61
2025-10-26,S01,SKU014,Snacks,South,392.85,0,0,51,4,52.11,1.11
2025-10-27,S01,SKU014,Snacks,South,386.71,0,0,53,6,48.67,4.33
2025-10-28,S01,SKU014,Snacks,South,393.0,0,0,51,8,48.45,2.55
2025-10-29,S01,SKU014,Snacks,South,399.88,0,0,50,9,48.75,1.25
2025-10-30,S01,SKU014,Snacks,South,386.04,0,0,47,7,48.54,1.54
2025-10-31,S01,SKU014,Snacks,South,395.59,0,0,55,7,48.71,6.29
2025-11-01,S01,SKU014,Snacks,South,359.58,1,0,76,5,68.11,7.89
2025-11-02,S01,SKU014,Snacks,South,393.93,0,0,52,2,54.47,2.47
2025-11-03,S01,SKU014,Snacks,South,384.2,0,0,49,6,49.99,0.99
2025-11-04,S01,SKU014,Snacks,South,392.69,0,0,53,8,49.74,3.26
2025-11-05,S01,SKU014,Snacks,South,390.38,0,0,50,4,50.3,0.3
2025-11-06,S01,SKU014,Snacks,South,397.86,0,0,48,8,49.48,1.48
2025-11-07,S01,SKU014,Snacks,South,397.86,0,0,55,9,50.29,4.71
2025-11-08,S01,SKU014,Snacks,South,393.96,0,0,52,7,54.2,2.2
2025-11-09,S01,SKU014,Snacks,South,378.48,0,0,57,5,55.26,1.74
2025-11-10,S01,SKU014,Snacks,South,398.8,0,0,44,7,51.15,7.15
2025-11-11,S01,SKU014,Snacks,South,349.93,1,0,62,5,67.19,5.19
2025-11-12,S01,SKU014,Snacks,South,393.57,0,0,41,8,51.77,10.77
2025-11-13,S01,SKU014,Snacks,South,396.13,0,0,63,7,50.95,12.05
2025-11-14,S01,SKU014,Snacks,South,385.55,0,0,46,3,51.75,5.75
2025-11-15,S01,SKU014,Snacks,South,398.05,0,0,55,2,55.93,0.93
2025-11-16,S01,SKU014,Snacks,South,381.71,0,0,59,3,56.84,2.16
2025-11-17,S01,SKU014,Snacks,South,390.69,0,0,42,7,51.82,9.82
2025-11-18,S01,SKU014,Snacks,South,384.5,0,0,47,2,51.39,4.39
2025-11-19,S01,SKU014,Snacks,South,391.5,0,0,46,3,51.43,5.43
2025-11-20,S01,SKU014,Snacks,South,387.7,0,0,40,9,50.88,10.88
2025-11-21,S01,SKU014,Snacks,South,392.06,0,0,43,9,50.53,7.53
2025-11-22,S01,SKU014,Snacks,South,395.54,0,0,55,8,54.22,0.78
2025-11-23,S01,SKU014,Snacks,South,361.7,1,0,69,4,69.06,0.06
2025-11-24,S01,SKU014,Snacks,South,393.04,0,0,51,3,50.42,0.58
2025-11-25,S01,SKU014,Snacks,South,389.92,0,0,60,8,51.2,8.8
2025-11-26,S01,SKU014,Snacks,South,361.01,1,0,69,9,67.52,1.48
2025-11-27,S01,SKU014,Snacks,South,362.76,1,0,70,9,67.74,2.26
2025-11-28,S01,SKU014,Snacks,South,395.97,0,0,55,9,50.59,4.41
2025-11-29,S01,SKU014,Snacks,South,384.22,0,0,51,8,57.14,6.14
2025-11-30,S01,SKU014,Snacks,South,399.96,0,0,59,3,56.25,2.75
2025-12-01,S01,SKU014,Snacks,South,389.0,0,0,46,4,51.19,5.19
2025-12-02,S01,SKU014,Snacks,South,399.2,0,0,48,9,52.38,4.38
2025-12-03,S01,SKU014,Snacks,South,396.14,0,0,37,6,51.83,14.83
2025-12-04,S01,SKU014,Snacks,South,383.58,0,0,57,8,49.77,7.23
2025-12-05,S01,SKU014,Snacks,South,363.62,1,0,75,8,69.99,5.01
2025-12-06,S01,SKU014,Snacks,South,405.68,0,0,51,4,56.66,5.66
2025-12-07,S01,SKU014,Snacks,South,389.55,0,0,59,6,58.15,0.85
2025-12-08,S01,SKU014,Snacks,South,394.94,0,0,56,3,51.84,4.16
2025-12-09,S01,SKU014,Snacks,South,393.59,0,0,56,9,53.16,2.84
2025-12-10,S01,SKU014,Snacks,South,390.37,0,0,43,4,51.79,8.79
2025-12-11,S01,SKU014,Snacks,South,391.27,0,0,50,9,52.55,2.55
2025-12-12,S01,SKU014,Snacks,South,394.27,0,0,54,2,51.57,2.43
2025-12-13,S01,SKU014,Snacks,South,388.85,0,0,52,6,57.39,5.39
2025-12-14,S01,SKU014,Snacks,South,398.89,0,0,68,4,57.6,10.4
2025-12-15,S01,SKU014,Snacks,South,394.17,0,0,57,5,51.4,5.6
2025-12-16,S01,SKU014,Snacks,South,395.24,0,0,65,3,53.22,11.78
2025-12-17,S01,SKU014,Snacks,South,392.77,0,0,54,5,53.23,0.77
2025-12-18,S01,SKU014,Snacks,South,390.53,0,0,61,6,54.65,6.35
2025-12-19,S01,SKU014,Snacks,South,391.47,0,0,57,5,55.56,1.44
2025-12-20,S01,SKU014,Snacks,South,392.78,0,0,65,5,60.81,4.19
2025-12-21,S01,SKU014,Snacks,South,403.33,0,0,66,2,60.12,5.88
2025-12-22,S01,SKU014,Snacks,South,396.56,0,0,52,4,56.58,4.58
2025-12-23,S01,SKU014,Snacks,South,384.92,0,0,61,9,56.21,4.79
2025-12-24,S01,SKU014,Snacks,South,394.16,0,0,60,3,55.23,4.77
2025-12-25,S01,SKU014,Snacks,South,379.17,0,1,67,3,65.19,1.81
2025-12-26,S01,SKU014,Snacks,South,360.06,1,0,76,7,73.18,2.82
2025-12-27,S01,SKU014,Snacks,South,387.23,0,0,54,5,59.17,5.17
2025-12-28,S01,SKU014,Snacks,South,354.78,1,0,74,3,78.35,4.35
2025-12-29,S01,SKU014,Snacks,South,380.66,0,0,56,5,56.42,0.42
2025-12-30,S01,SKU014,Snacks,South,400.18,0,0,57,4,57.81,0.81
2025-12-31,S01,SKU014,Snacks,South,392.11,0,0,56,3,55.65,0.35
2025-08-13,S01,SKU015,Personal Care,South,73.86,0,0,27,8,23.59,3.41
2025-08-14,S01,SKU015,Personal Care,South,72.3,0,0,25,8,23.77,1.23
2025-08-15,S01,SKU015,Personal Care,South,73.96,0,1,29,9,28.95,0.05
2025-08-16,S01,SKU015,Personal Care,South,73.62,0,0,22,4,25.41,3.41
2025-08-17,S01,SKU015,Personal Care,South,67.84,1,0,28,4,32.09,4.09
2025-08-18,S01,SKU015,Personal Care,South,72.0,0,0,20,2,23.93,3.93
2025-08-19,S01,SKU015,Personal Care,South,71.63,0,0,25,5,24.14,0.86
2025-08-20,S01,SKU015,Personal Care,South,71.8,0,0,28,9,24.25,3.75
2025-08-21,S01,SKU015,Personal Care,South,67.73,1,0,23,9,29.85,6.85
2025-08-22,S01,SKU015,Personal Care,South,73.36,0,0,26,4,23.55,2.45
2025-08-23,S01,SKU015,Personal Care,South,73.62,0,0,22,5,25.48,3.48
2025-08-24,S01,SKU015,Personal Care,South,74.47,0,0,19,2,25.19,6.19
2025-08-25,S01,SKU015,Personal Care,South,72.03,0,0,29,8,23.3,5.7
2025-08-26,S01,SKU015,Personal Care,South,72.86,0,0,21,9,23.61,2.61
2025-08-27,S01,SKU015,Personal Care,South,72.44,0,0,27,9,22.92,4.08
2025-08-28,S01,SKU015,Personal Care,South,70.32,0,0,25,2,22.47,2.53
2025-08-29,S01,SKU015,Personal Care,South,72.66,0,0,24,6,22.43,1.57
2025-08-30,S01,SKU015,Personal Care,South,73.15,0,0,33,9,24.07,8.93
2025-08-31,S01,SKU015,Personal Care,South,74.72,0,0,37,8,24.5,12.5
2025-09-01,S01,SKU015,Personal Care,South,74.2,0,0,27,7,22.95,4.05
2025-09-02,S01,SKU015,Personal Care,South,73.11,0,0,12,5,23.37,11.37
2025-09-03,S01,SKU015,Personal Care,South,68.36,1,0,22,3,28.35,6.35
2025-09-04,S01,SKU015,Personal Care,South,72.73,0,0,29,4,23.05,5.95
2025-09-05,S01,SKU015,Personal Care,South,74.38,0,0,20,2,23.23,3.23
2025-09-06,S01,SKU015,Personal Care,South,72.1,0,0,28,9,23.73,4.27
2025-09-07,S01,SKU015,Personal Care,South,71.76,0,0,20,7,23.75,3.75
2025-09-08,S01,SKU015,Personal Care,South,72.11,0,0,21,4,22.04,1.04
2025-09-09,S01,SKU015,Personal Care,South,72.06,0,0,18,6,22.12,4.12
2025-09-10,S01,SKU015,Personal Care,South,71.78,0,0,14,6,22.44,8.44
2025-09-11,S01,SKU015,Personal Care,South,72.9,0,0,13,8,20.91,7.91
2025-09-12,S01,SKU015,Personal Care,South,71.16,0,0,22,5,21.41,0.59
2025-09-13,S01,SKU015,Personal Care,South,71.98,0,0,20,5,22.44,2.44
2025-09-14,S01,SKU015,Personal Care,South,73.1,0,0,21,5,23.01,2.01
2025-09-15,S01,SKU015,Personal Care,South,71.99,0,0,20,7,20.95,0.95
2025-09-16,S01,SKU015,Personal Care,South,72.22,0,0,29,3,20.72,8.28
2025-09-17,S01,SKU015,Personal Care,South,70.24,0,0,32,2,21.06,10.94
2025-09-18,S01,SKU015,Personal Care,South,73.02,0,0,28,9,21.56,6.44
2025-09-19,S01,SKU015,Personal Care,South,71.35,0,0,32,2,22.09,9.91
2025-09-20,S01,SKU015,Personal Care,South,72.29,0,0,24,8,23.47,0.53
2025-09-21,S01,SKU015,Personal Care,South,73.21,0,0,21,9,24.35,3.35
2025-09-22,S01,SKU015,Personal Care,South,73.3,0,0,19,2,22.19,3.19
2025-09-23,S01,SKU015,Personal Care,South,74.45,0,0,15,9,21.9,6.9
2025-09-24,S01,SKU015,Personal Care,South,71.74,0,0,19,3,21.79,2.79
2025-09-25,S01,SKU015,Personal Care,South,75.54,0,0,24,9,21.13,2.87
2025-09-26,S01,SKU015,Personal Care,South,73.27,0,0,21,4,20.91,0.09
2025-09-27,S01,SKU015,Personal Care,South,73.15,0,0,25,8,21.99,3.01
2025-09-28,S01,SKU015,Personal Care,South,73.84,0,0,15,5,21.72,6.72
2025-09-29,S01,SKU015,Personal Care,South,71.24,0,0,18,5,19.78,1.78
2025-09-30,S01,SKU015,Personal Care,South,72.45,0,0,24,7,20.82,3.18
2025-10-01,S01,SKU015,Personal Care,South,68.48,1,0,27,8,26.88,0.12
2025-10-02,S01,SKU015,Personal Care,South,72.33,0,1,26,3,22.52,3.48
2025-10-03,S01,SKU015,Personal Care,South,72.6,0,0,16,3,20.54,4.54
2025-10-04,S01,SKU015,Personal Care,South,73.54,0,0,28,3,21.69,6.31
2025-10-05,S01,SKU015,Personal Care,South,72.85,0,0,26,8,21.67,4.33
2025-10-06,S01,SKU015,Personal Care,South,72.09,0,0,22,8,20.07,1.93
2025-10-07,S01,SKU015,Personal Care,South,74.16,0,0,30,6,20.72,9.28
2025-10-08,S01,SKU015,Personal Care,South,74.69,0,0,27,5,21.25,5.75
2025-10-09,S01,SKU015,Personal Care,South,71.21,0,0,34,6,21.88,12.12
2025-10-10,S01,SKU015,Personal Care,South,73.68,0,0,29,8,21.71,7.29
2025-10-11,S01,SKU015,Personal Care,South,71.67,0,0,26,8,24.59,1.41
2025-10-12,S01,SKU015,Personal Care,South,72.51,0,0,25,7,24.35,0.65
2025-10-13,S01,SKU015,Personal Care,South,72.3,0,0,26,6,22.77,3.23
2025-10-14,S01,SKU015,Personal Care,South,71.45,0,0,23,6,23.53,0.53
2025-10-15,S01,SKU015,Personal Care,South,73.72,0,0,19,3,22.7,3.7
2025-10-16,S01,SKU015,Personal Care,South,66.52,1,0,41,3,28.17,12.83
2025-10-17,S01,SKU015,Personal Care,South,74.67,0,0,18,6,22.78,4.78
2025-10-18,S01,SKU015,Personal Care,South,71.63,0,0,14,4,24.07,10.07
2025-10-19,S01,SKU015,Personal Care,South,72.15,0,0,23,2,23.61,0.61
2025-10-20,S01,SKU015,Personal Care,South,71.4,0,0,24,2,21.49,2.51
2025-10-21,S01,SKU015,Personal Care,South,72.42,0,0,27,3,22.66,4.34
2025-10-22,S01,SKU015,Personal Care,South,72.33,0,0,25,8,22.68,2.32
2025-10-23,S01,SKU015,Personal Care,South,73.62,0,0,18,4,22.64,4.64
2025-10-24,S01,SKU015,Personal Care,South,73.86,0,0,25,8,21.94,3.06
2025-10-25,S01,SKU015,Personal Care,South,71.44,0,0,27,2,24.38,2.62
2025-10-26,S01,SKU015,Personal Care,South,72.98,0,0,22,8,24.71,2.71
2025-10-27,S01,SKU015,Personal Care,South,71.34,0,0,23,7,23.07,0.07
2025-10-28,S01,SKU015,Personal Care,South,71.56,0,0,24,2,23.22,0.78
2025-10-29,S01,SKU015,Personal Care,South,71.49,0,0,14,2,23.24,9.24
2025-10-30,S01,SKU015,Personal Care,South,70.64,0,0,28,3,23.04,4.96
2025-10-31,S01,SKU015,Personal Care,South,71.66,0,0,25,4,22.9,2.1
2025-11-01,S01,SKU015,Personal Care,South,72.52,0,0,26,9,24.75,1.25
2025-11-02,S01,SKU015,Personal Care,South,73.5,0,0,30,4,24.59,5.41
2025-11-03,S01,SKU015,Personal Care,South,73.41,0,0,21,2,23.07,2.07
2025-11-04,S01,SKU015,Personal Care,South,71.7,0,0,24,4,23.66,0.34
2025-11-05,S01,SKU015,Personal Care,South,73.03,0,0,27,5,23.2,3.8
2025-11-06,S01,SKU015,Personal Care,South,74.03,0,0,15,2,23.48,8.48
2025-11-07,S01,SKU015,Personal Care,South,74.17,0,0,23,8,22.76,0.24
2025-11-08,S01,SKU015,Personal Care,South,72.03,0,0,26,9,24.17,1.83
2025-11-09,S01,SKU015,Personal Care,South,71.04,0,0,26,7,24.11,1.89
2025-11-10,S01,SKU015,Personal Care,South,72.26,0,0,17,9,22.84,5.84
2025-11-11,S01,SKU015,Personal Care,South,72.69,0,0,21,3,22.6,1.6
2025-11-12,S01,SKU015,Personal Care,South,73.6,0,0,23,3,22.27,0.73
2025-11-13,S01,SKU015,Personal Care,South,65.69,1,0,36,9,29.92,6.08
2025-11-14,S01,SKU015,Personal Care,South,74.81,0,0,27,2,22.72,4.28
2025-11-15,S01,SKU015,Personal Care,South,74.28,0,0,26,9,25.21,0.79
2025-11-16,S01,SKU015,Personal Care,South,73.7,0,0,25,5,25.5,0.5
2025-11-17,S01,SKU015,Personal Care,South,73.06,0,0,17,3,23.43,6.43
2025-11-18,S01,SKU015,Personal Care,South,72.65,0,0,21,8,23.24,2.24
2025-11-19,S01,SKU015,Personal Care,South,73.2,0,0,21,7,23.24,2.24
2025-11-20,S01,SKU015,Personal Care,South,73.98,0,0,24,2,22.01,1.99
2025-11-21,S01,SKU015,Personal Care,South,71.89,0,0,36,2,22.62,13.38
2025-11-22,S01,SKU015,Personal Care,South,73.94,0,0,28,3,24.33,3.67
2025-11-23,S01,SKU015,Personal Care,South,69.82,0,0,21,2,24.99,3.99
2025-11-24,S01,SKU015,Personal Care,South,67.09,1,0,24,9,29.93,5.93
2025-11-25,S01,SKU015,Personal Care,South,72.4,0,0,28,6,23.49,4.51
2025-11-26,S01,SKU015,Personal Care,South,73.67,0,0,34,9,24.75,9.25
2025-11-27,S01,SKU015,Personal Care,South,71.62,0,0,30,9,25.3,4.7
2025-11-28,S01,SKU015,Personal Care,South,73.0,0,0,35,2,23.18,11.82
2025-11-29,S01,SKU015,Personal Care,South,72.3,0,0,27,8,26.11,0.89
2025-11-30,S01,SKU015,Personal Care,South,73.58,0,0,28,7,26.69,1.31
2025-12-01,S01,SKU015,Personal Care,South,72.55,0,0,33,3,24.86,8.14
2025-12-02,S01,SKU015,Personal Care,South,74.52,0,0,14,7,25.58,11.58
2025-12-03,S01,SKU015,Personal Care,South,66.82,1,0,33,7,32.36,0.64
2025-12-04,S01,SKU015,Personal Care,South,73.75,0,0,32,9,24.41,7.59
2025-12-05,S01,SKU015,Personal Care,South,71.69,0,0,17,6,26.29,9.29
2025-12-06,S01,SKU015,Personal Care,South,64.07,1,0,24,7,33.96,9.96
2025-12-07,S01,SKU015,Personal Care,South,73.0,0,0,25,6,26.34,1.34
2025-12-08,S01,SKU015,Personal Care,South,72.74,0,0,21,5,24.39,3.39
2025-12-09,S01,SKU015,Personal Care,South,71.97,0,0,22,7,25.72,3.72
2025-12-10,S01,SKU015,Personal Care,South,73.58,0,0,24,9,25.44,1.44
2025-12-11,S01,SKU015,Personal Care,South,74.08,0,0,31,5,25.17,5.83
2025-12-12,S01,SKU015,Personal Care,South,72.77,0,0,20,4,25.59,5.59
2025-12-13,S01,SKU015,Personal Care,South,73.33,0,0,35,4,26.21,8.79
2025-12-14,S01,SKU015,Personal Care,South,71.84,0,0,28,9,27.27,0.73
2025-12-15,S01,SKU015,Personal Care,South,73.12,0,0,36,3,24.44,11.56
2025-12-16,S01,SKU015,Personal Care,South,66.29,1,0,34,2,30.98,3.02
2025-12-17,S01,SKU015,Personal Care,South,72.86,0,0,14,5,27.24,13.24
2025-12-18,S01,SKU015,Personal Care,South,71.44,0,0,25,9,27.22,2.22
2025-12-19,S01,SKU015,Personal Care,South,74.01,0,0,24,8,26.17,2.17
2025-12-20,S01,SKU015,Personal Care,South,66.59,1,0,39,6,34.11,4.89
2025-12-21,S01,SKU015,Personal Care,South,74.01,0,0,30,8,28.52,1.48
2025-12-22,S01,SKU015,Personal Care,South,72.34,0,0,29,2,26.1,2.9
2025-12-23,S01,SKU015,Personal Care,South,68.89,1,0,32,5,35.0,3.0
2025-12-24,S01,SKU015,Personal Care,South,67.46,1,0,44,2,34.79,9.21
2025-12-25,S01,SKU015,Personal Care,South,72.64,0,1,27,2,33.33,6.33
2025-12-26,S01,SKU015,Personal Care,South,72.19,0,0,25,8,27.48,2.48
2025-12-27,S01,SKU015,Personal Care,South,71.32,0,0,31,5,29.66,1.34
2025-12-28,S01,SKU015,Personal Care,South,71.27,0,0,27,6,30.23,3.23
2025-12-29,S01,SKU015,Personal Care,South,72.38,0,0,34,6,27.4,6.6
2025-12-30,S01,SKU015,Personal Care,South,72.18,0,0,32,7,26.43,5.57
2025-12-31,S01,SKU015,Personal Care,South,72.73,0,0,25,3,28.08,3.08
2025-08-13,S01,SKU016,Household,South,345.02,1,0,38,4,33.28,4.72
2025-08-14,S01,SKU016,Household,South,389.04,0,0,32,3,24.93,7.07
2025-08-15,S01,SKU016,Household,South,353.19,1,1,34,2,37.7,3.7
2025-08-16,S01,SKU016,Household,South,383.85,0,0,16,7,27.91,11.91
2025-08-17,S01,SKU016,Household,South,357.08,1,0,39,9,36.39,2.61
2025-08-18,S01,SKU016,Household,South,379.93,0,0,19,9,26.04,7.04
2025-08-19,S01,SKU016,Household,South,373.84,0,0,27,6,25.55,1.45
2025-08-20,S01,SKU016,Household,South,391.9,0,0,28,8,24.87,3.13
2025-08-21,S01,SKU016,Household,South,379.74,0,0,31,3,24.95,6.05
2025-08-22,S01,SKU016,Household,South,387.92,0,0,21,2,24.88,3.88
2025-08-23,S01,SKU016,Household,South,389.87,0,0,20,9,27.06,7.06
2025-08-24,S01,SKU016,Household,South,397.52,0,0,27,6,26.82,0.18
2025-08-25,S01,SKU016,Household,South,388.06,0,0,29,3,24.7,4.3
2025-08-26,S01,SKU016,Household,South,389.6,0,0,30,8,24.66,5.34
2025-08-27,S01,SKU016,Household,South,377.83,0,0,33,4,25.08,7.92
2025-08-28,S01,SKU016,Household,South,384.97,0,0,20,2,25.26,5.26
2025-08-29,S01,SKU016,Household,South,393.11,0,0,28,6,24.89,3.11
2025-08-30,S01,SKU016,Household,South,357.04,1,0,34,3,35.15,1.15
2025-08-31,S01,SKU016,Household,South,392.05,0,0,25,6,27.91,2.91
2025-09-01,S01,SKU016,Household,South,385.69,0,0,25,8,25.26,0.26
2025-09-02,S01,SKU016,Household,South,380.05,0,0,30,2,24.78,5.22
2025-09-03,S01,SKU016,Household,South,385.85,0,0,18,4,24.66,6.66
2025-09-04,S01,SKU016,Household,South,384.61,0,0,27,8,24.95,2.05
2025-09-05,S01,SKU016,Household,South,395.78,0,0,27,3,24.66,2.34
2025-09-06,S01,SKU016,Household,South,355.72,1,0,37,9,35.27,1.73
2025-09-07,S01,SKU016,Household,South,388.14,0,0,19,6,27.73,8.73
2025-09-08,S01,SKU016,Household,South,386.2,0,0,12,7,24.74,12.74
2025-09-09,S01,SKU016,Household,South,387.72,0,0,11,6,23.82,12.82
2025-09-10,S01,SKU016,Household,South,391.02,0,0,22,5,22.65,0.65
2025-09-11,S01,SKU016,Household,South,385.68,0,0,16,7,23.7,7.7
2025-09-12,S01,SKU016,Household,South,388.45,0,0,21,7,22.8,1.8
2025-09-13,S01,SKU016,Household,South,391.96,0,0,31,6,23.88,7.12
2025-09-14,S01,SKU016,Household,South,386.77,0,0,29,3,24.33,4.67
2025-09-15,S01,SKU016,Household,South,387.45,0,0,31,4,21.8,9.2
2025-09-16,S01,SKU016,Household,South,387.23,0,0,28,5,24.03,3.97
2025-09-17,S01,SKU016,Household,South,379.35,0,0,31,9,23.8,7.2
2025-09-18,S01,SKU016,Household,South,379.23,0,0,25,2,23.78,1.22
2025-09-19,S01,SKU016,Household,South,386.44,0,0,20,8,22.96,2.96
2025-09-20,S01,SKU016,Household,South,391.49,0,0,34,8,24.92,9.08
2025-09-21,S01,SKU016,Household,South,384.82,0,0,30,2,26.11,3.89
2025-09-22,S01,SKU016,Household,South,389.46,0,0,20,7,24.4,4.4
2025-09-23,S01,SKU016,Household,South,378.74,0,0,27,5,23.87,3.13
2025-09-24,S01,SKU016,Household,South,383.23,0,0,21,7,23.9,2.9
2025-09-25,S01,SKU016,Household,South,378.28,0,0,32,4,22.78,9.22
2025-09-26,S01,SKU016,Household,South,382.17,0,0,23,2,23.58,0.58
2025-09-27,S01,SKU016,Household,South,379.31,0,0,23,4,24.34,1.34
2025-09-28,S01,SKU016,Household,South,359.02,1,0,41,2,32.16,8.84
2025-09-29,S01,SKU016,Household,South,392.73,0,0,30,6,23.64,6.36
2025-09-30,S01,SKU016,Household,South,381.04,0,0,33,7,24.3,8.7
2025-10-01,S01,SKU016,Household,South,387.7,0,0,27,3,24.2,2.8
2025-10-02,S01,SKU016,Household,South,385.64,0,1,26,2,31.44,5.44
2025-10-03,S01,SKU016,Household,South,393.08,0,0,19,8,24.58,5.58
2025-10-04,S01,SKU016,Household,South,357.66,1,0,37,2,33.86,3.14
2025-10-05,S01,SKU016,Household,South,389.73,0,0,26,9,27.17,1.17
2025-10-06,S01,SKU016,Household,South,377.19,0,0,22,8,23.7,1.7
2025-10-07,S01,SKU016,Household,South,385.84,0,0,23,7,23.27,0.27
2025-10-08,S01,SKU016,Household,South,391.66,0,0,19,7,24.23,5.23
2025-10-09,S01,SKU016,Household,South,390.26,0,0,24,6,24.59,0.59
2025-10-10,S01,SKU016,Household,South,376.75,0,0,32,4,25.0,7.0
2025-10-11,S01,SKU016,Household,South,352.37,1,0,26,7,36.05,10.05
2025-10-12,S01,SKU016,Household,South,395.39,0,0,26,2,27.32,1.32
2025-10-13,S01,SKU016,Household,South,386.7,0,0,35,2,25.59,9.41
2025-10-14,S01,SKU016,Household,South,382.17,0,0,20,6,25.23,5.23
2025-10-15,S01,SKU016,Household,South,383.98,0,0,26,5,24.85,1.15
2025-10-16,S01,SKU016,Household,South,381.02,0,0,20,6,24.67,4.67
2025-10-17,S01,SKU016,Household,South,351.78,1,0,29,7,32.5,3.5
2025-10-18,S01,SKU016,Household,South,385.04,0,0,22,3,27.17,5.17
2025-10-19,S01,SKU016,Household,South,381.31,0,0,22,4,26.94,4.94
2025-10-20,S01,SKU016,Household,South,376.11,0,0,19,2,24.13,5.13
2025-10-21,S01,SKU016,Household,South,359.75,1,0,38,7,31.19,6.81
2025-10-22,S01,SKU016,Household,South,360.6,1,0,33,8,32.45,0.55
2025-10-23,S01,SKU016,Household,South,380.85,0,0,23,9,25.56,2.56
2025-10-24,S01,SKU016,Household,South,384.46,0,0,22,7,24.79,2.79
2025-10-25,S01,SKU016,Household,South,383.82,0,0,25,9,26.91,1.91
2025-10-26,S01,SKU016,Household,South,376.61,0,0,21,8,27.05,6.05
2025-10-27,S01,SKU016,Household,South,374.95,0,0,26,4,24.45,1.55
2025-10-28,S01,SKU016,Household,South,386.59,0,0,33,9,25.19,7.81
2025-10-29,S01,SKU016,Household,South,392.24,0,0,29,9,24.58,4.42
2025-10-30,S01,SKU016,Household,South,386.77,0,0,22,6,24.74,2.74
2025-10-31,S01,SKU016,Household,South,385.71,0,0,14,4,24.4,10.4
2025-11-01,S01,SKU016,Household,South,346.55,1,0,30,4,34.27,4.27
2025-11-02,S01,SKU016,Household,South,392.22,0,0,23,6,26.26,3.26
2025-11-03,S01,SKU016,Household,South,391.26,0,0,22,2,23.43,1.43
2025-11-04,S01,SKU016,Household,South,360.83,1,0,27,9,32.58,5.58
2025-11-05,S01,SKU016,Household,South,393.26,0,0,18,2,24.41,6.41
2025-11-06,S01,SKU016,Household,South,387.89,0,0,28,6,24.24,3.76
2025-11-07,S01,SKU016,Household,South,354.4,1,0,25,9,31.42,6.42
2025-11-08,S01,SKU016,Household,South,393.02,0,0,20,8,25.02,5.02
2025-11-09,S01,SKU016,Household,South,351.94,1,0,44,7,31.71,12.29
2025-11-10,S01,SKU016,Household,South,377.95,0,0,29,5,25.71,3.29
2025-11-11,S01,SKU016,Household,South,383.34,0,0,27,6,24.76,2.24
2025-11-12,S01,SKU016,Household,South,387.1,0,0,26,8,24.93,1.07
2025-11-13,S01,SKU016,Household,South,385.72,0,0,29,7,24.49,4.51
2025-11-14,S01,SKU016,Household,South,391.25,0,0,22,5,25.26,3.26
2025-11-15,S01,SKU016,Household,South,358.7,1,0,37,7,34.36,2.64
2025-11-16,S01,SKU016,Household,South,384.31,0,0,21,8,28.31,7.31
2025-11-17,S01,SKU016,Household,South,384.7,0,0,22,6,25.26,3.26
2025-11-18,S01,SKU016,Household,South,384.29,0,0,19,2,25.49,6.49
2025-11-19,S01,SKU016,Household,South,378.5,0,0,21,4,25.26,4.26
2025-11-20,S01,SKU016,Household,South,381.92,0,0,26,2,23.52,2.48
2025-11-21,S01,SKU016,Household,South,388.82,0,0,22,8,24.96,2.96
2025-11-22,S01,SKU016,Household,South,395.56,0,0,20,9,26.22,6.22
2025-11-23,S01,SKU016,Household,South,380.53,0,0,24,8,26.14,2.14
2025-11-24,S01,SKU016,Household,South,380.5,0,0,26,5,23.59,2.41
2025-11-25,S01,SKU016,Household,South,389.83,0,0,33,4,23.46,9.54
2025-11-26,S01,SKU016,Household,South,387.5,0,0,23,7,23.89,0.89
2025-11-27,S01,SKU016,Household,South,389.07,0,0,27,8,24.57,2.43
2025-11-28,S01,SKU016,Household,South,381.31,0,0,29,2,24.23,4.77
2025-11-29,S01,SKU016,Household,South,392.22,0,0,35,2,27.27,7.73
2025-11-30,S01,SKU016,Household,South,388.62,0,0,25,8,26.92,1.92
2025-12-01,S01,SKU016,Household,South,394.59,0,0,23,8,25.38,2.38
2025-12-02,S01,SKU016,Household,South,376.14,0,0,29,5,25.45,3.55
2025-12-03,S01,SKU016,Household,South,376.37,0,0,27,5,25.5,1.5
2025-12-04,S01,SKU016,Household,South,381.9,0,0,30,4,25.57,4.43
2025-12-05,S01,SKU016,Household,South,383.77,0,0,24,4,25.75,1.75
2025-12-06,S01,SKU016,Household,South,380.94,0,0,23,6,28.05,5.05
2025-12-07,S01,SKU016,Household,South,387.42,0,0,34,2,27.95,6.05
2025-12-08,S01,SKU016,Household,South,384.71,0,0,24,3,25.47,1.47
2025-12-09,S01,SKU016,Household,South,391.33,0,0,25,5,25.64,0.64
2025-12-10,S01,SKU016,Household,South,391.59,0,0,27,9,25.69,1.31
2025-12-11,S01,SKU016,Household,South,379.9,0,0,29,3,25.3,3.7
2025-12-12,S01,SKU016,Household,South,382.86,0,0,34,3,25.21,8.79
2025-12-13,S01,SKU016,Household,South,378.07,0,0,23,4,28.28,5.28
2025-12-14,S01,SKU016,Household,South,371.85,0,0,29,8,27.32,1.68
2025-12-15,S01,SKU016,Household,South,384.27,0,0,30,5,25.54,4.46
2025-12-16,S01,SKU016,Household,South,389.55,0,0,30,2,25.22,4.78
2025-12-17,S01,SKU016,Household,South,383.95,0,0,38,3,26.08,11.92
2025-12-18,S01,SKU016,Household,South,393.3,0,0,19,7,27.69,8.69
2025-12-19,S01,SKU016,Household,South,389.95,0,0,28,6,26.46,1.54
2025-12-20,S01,SKU016,Household,South,382.55,0,0,30,6,29.02,0.98
2025-12-21,S01,SKU016,Household,South,378.01,0,0,28,9,30.5,2.5
2025-12-22,S01,SKU016,Household,South,387.78,0,0,22,2,27.38,5.38
2025-12-23,S01,SKU016,Household,South,386.85,0,0,31,9,27.06,3.94
2025-12-24,S01,SKU016,Household,South,385.17,0,0,29,9,26.88,2.12
2025-12-25,S01,SKU016,Household,South,378.75,0,1,37,2,30.51,6.49
2025-12-26,S01,SKU016,Household,South,372.9,0,0,26,4,27.79,1.79
2025-12-27,S01,SKU016,Household,South,381.41,0,0,24,5,29.61,5.61
2025-12-28,S01,SKU016,Household,South,377.76,0,0,33,5,29.77,3.23
2025-12-29,S01,SKU016,Household,South,380.08,0,0,37,6,26.95,10.05
2025-12-30,S01,SKU016,Household,South,349.99,1,0,37,3,37.07,0.07
2025-12-31,S01,SKU016,Household,South,358.65,1,0,42,9,36.67,5.33
2025-08-13,S01,SKU017,Beverages,South,179.82,0,0,18,6,23.84,5.84
2025-08-14,S01,SKU017,Beverages,South,175.45,0,0,26,5,23.47,2.53
2025-08-15,S01,SKU017,Beverages,South,178.06,0,1,19,4,29.54,10.54
2025-08-16,S01,SKU017,Beverages,South,178.98,0,0,24,6,24.65,0.65
2025-08-17,S01,SKU017,Beverages,South,177.16,0,0,16,9,25.32,9.32
2025-08-18,S01,SKU017,Beverages,South,164.25,1,0,26,7,29.1,3.1
2025-08-19,S01,SKU017,Beverages,South,173.07,0,0,24,3,21.97,2.03
2025-08-20,S01,SKU017,Beverages,South,174.96,0,0,18,9,22.31,4.31
2025-08-21,S01,SKU017,Beverages,South,180.06,0,0,21,5,21.66,0.66
2025-08-22,S01,SKU017,Beverages,South,173.69,0,0,19,7,21.41,2.41
2025-08-23,S01,SKU017,Beverages,South,175.96,0,0,21,2,23.14,2.14
2025-08-24,S01,SKU017,Beverages,South,157.64,1,0,24,4,29.51,5.51
2025-08-25,S01,SKU017,Beverages,South,178.31,0,0,35,3,21.64,13.36
2025-08-26,S01,SKU017,Beverages,South,176.46,0,0,26,4,22.19,3.81
2025-08-27,S01,SKU017,Beverages,South,179.0,0,0,25,8,21.94,3.06
2025-08-28,S01,SKU017,Beverages,South,173.4,0,0,12,2,22.58,10.58
2025-08-29,S01,SKU017,Beverages,South,176.41,0,0,25,4,20.83,4.17
2025-08-30,S01,SKU017,Beverages,South,179.59,0,0,16,3,23.05,7.05
2025-08-31,S01,SKU017,Beverages,South,175.07,0,0,25,9,22.13,2.87
2025-09-01,S01,SKU017,Beverages,South,179.3,0,0,24,8,20.0,4.0
2025-09-02,S01,SKU017,Beverages,South,173.79,0,0,22,6,20.29,1.71
2025-09-03,S01,SKU017,Beverages,South,175.83,0,0,13,9,20.44,7.44
2025-09-04,S01,SKU017,Beverages,South,178.19,0,0,25,3,19.85,5.15
2025-09-05,S01,SKU017,Beverages,South,174.93,0,0,17,4,20.46,3.46
2025-09-06,S01,SKU017,Beverages,South,162.36,1,0,23,8,28.62,5.62
2025-09-07,S01,SKU017,Beverages,South,177.19,0,0,24,2,21.51,2.49
2025-09-08,S01,SKU017,Beverages,South,174.05,0,0,25,9,19.05,5.95
2025-09-09,S01,SKU017,Beverages,South,179.72,0,0,17,7,19.43,2.43
2025-09-10,S01,SKU017,Beverages,South,180.13,0,0,27,8,19.44,7.56
2025-09-11,S01,SKU017,Beverages,South,174.12,0,0,20,5,20.38,0.38
2025-09-12,S01,SKU017,Beverages,South,179.96,0,0,22,6,19.64,2.36
2025-09-13,S01,SKU017,Beverages,South,174.22,0,0,16,2,21.57,5.57
2025-09-14,S01,SKU017,Beverages,South,178.92,0,0,21,4,20.95,0.05
2025-09-15,S01,SKU017,Beverages,South,176.76,0,0,21,2,19.73,1.27
2025-09-16,S01,SKU017,Beverages,South,177.84,0,0,21,3,19.47,1.53
2025-09-17,S01,SKU017,Beverages,South,170.62,0,0,19,3,19.96,0.96
2025-09-18,S01,SKU017,Beverages,South,177.94,0,0,21,7,19.28,1.72
2025-09-19,S01,SKU017,Beverages,South,177.93,0,0,23,9,19.55,3.45
2025-09-20,S01,SKU017,Beverages,South,176.61,0,0,29,8,20.89,8.11
2025-09-21,S01,SKU017,Beverages,South,177.17,0,0,27,6,21.42,5.58
2025-09-22,S01,SKU017,Beverages,South,177.8,0,0,23,8,20.37,2.63
2025-09-23,S01,SKU017,Beverages,South,172.1,0,0,19,8,19.5,0.5
2025-09-24,S01,SKU017,Beverages,South,174.75,0,0,21,3,19.81,1.19
2025-09-25,S01,SKU017,Beverages,South,174.33,0,0,28,8,20.12,7.88
2025-09-26,S01,SKU017,Beverages,South,175.95,0,0,12,7,19.75,7.75
2025-09-27,S01,SKU017,Beverages,South,178.34,0,0,21,4,20.83,0.17
2025-09-28,S01,SKU017,Beverages,South,161.24,1,0,28,2,28.07,0.07
2025-09-29,S01,SKU017,Beverages,South,180.94,0,0,23,6,19.37,3.63
2025-09-30,S01,SKU017,Beverages,South,176.72,0,0,21,3,19.73,1.27
2025-10-01,S01,SKU017,Beverages,South,176.04,0,0,31,7,19.64,11.36
2025-10-02,S01,SKU017,Beverages,South,178.65,0,1,25,7,22.99,2.01
2025-10-03,S01,SKU017,Beverages,South,180.13,0,0,24,9,20.12,3.88
2025-10-04,S01,SKU017,Beverages,South,178.89,0,0,25,3,22.45,2.55
2025-10-05,S01,SKU017,Beverages,South,180.61,0,0,24,8,22.43,1.57
2025-10-06,S01,SKU017,Beverages,South,181.31,0,0,16,9,20.73,4.73
2025-10-07,S01,SKU017,Beverages,South,175.13,0,0,22,7,20.21,1.79
2025-10-08,S01,SKU017,Beverages,South,178.77,0,0,9,8,20.61,11.61
2025-10-09,S01,SKU017,Beverages,South,165.4,1,0,31,6,26.64,4.36
2025-10-10,S01,SKU017,Beverages,South,175.91,0,0,16,4,20.03,4.03
2025-10-11,S01,SKU017,Beverages,South,159.03,1,0,39,4,27.6,11.4
2025-10-12,S01,SKU017,Beverages,South,182.08,0,0,21,4,21.68,0.68
2025-10-13,S01,SKU017,Beverages,South,175.85,0,0,27,8,20.92,6.08
2025-10-14,S01,SKU017,Beverages,South,178.02,0,0,29,5,21.07,7.93
2025-10-15,S01,SKU017,Beverages,South,178.7,0,0,19,8,21.53,2.53
2025-10-16,S01,SKU017,Beverages,South,178.38,0,0,19,8,21.55,2.55
2025-10-17,S01,SKU017,Beverages,South,179.48,0,0,22,3,21.58,0.42
2025-10-18,S01,SKU017,Beverages,South,176.11,0,0,22,9,23.21,1.21
2025-10-19,S01,SKU017,Beverages,South,173.84,0,0,24,4,22.48,1.52
2025-10-20,S01,SKU017,Beverages,South,178.56,0,0,20,3,21.21,1.21
2025-10-21,S01,SKU017,Beverages,South,160.4,1,0,30,2,27.79,2.21
2025-10-22,S01,SKU017,Beverages,South,174.6,0,0,22,7,20.82,1.18
2025-10-23,S01,SKU017,Beverages,South,176.35,0,0,27,3,21.78,5.22
2025-10-24,S01,SKU017,Beverages,South,179.91,0,0,30,7,21.65,8.35
2025-10-25,S01,SKU017,Beverages,South,176.42,0,0,23,9,24.11,1.11
2025-10-26,S01,SKU017,Beverages,South,176.26,0,0,31,8,23.43,7.57
2025-10-27,S01,SKU017,Beverages,South,161.55,1,0,28,2,30.41,2.41
2025-10-28,S01,SKU017,Beverages,South,174.6,0,0,27,9,23.24,3.76
2025-10-29,S01,SKU017,Beverages,South,179.73,0,0,27,5,23.75,3.25
2025-10-30,S01,SKU017,Beverages,South,174.85,0,0,22,4,23.06,1.06
2025-10-31,S01,SKU017,Beverages,South,176.51,0,0,21,8,23.28,2.28
2025-11-01,S01,SKU017,Beverages,South,173.96,0,0,21,9,24.72,3.72
2025-11-02,S01,SKU017,Beverages,South,174.77,0,0,15,6,24.14,9.14
2025-11-03,S01,SKU017,Beverages,South,176.82,0,0,24,5,22.05,1.95
2025-11-04,S01,SKU017,Beverages,South,180.51,0,0,23,2,22.37,0.63
2025-11-05,S01,SKU017,Beverages,South,178.0,0,0,26,7,21.84,4.16
2025-11-06,S01,SKU017,Beverages,South,179.09,0,0,19,4,22.91,3.91
2025-11-07,S01,SKU017,Beverages,South,175.33,0,0,10,6,22.58,12.58
2025-11-08,S01,SKU017,Beverages,South,163.0,1,0,37,9,30.76,6.24
2025-11-09,S01,SKU017,Beverages,South,181.85,0,0,22,5,23.48,1.48
2025-11-10,S01,SKU017,Beverages,South,175.09,0,0,18,4,22.46,4.46
2025-11-11,S01,SKU017,Beverages,South,174.46,0,0,20,6,22.68,2.68
2025-11-12,S01,SKU017,Beverages,South,175.83,0,0,31,5,22.14,8.86
2025-11-13,S01,SKU017,Beverages,South,173.28,0,0,17,7,22.63,5.63
2025-11-14,S01,SKU017,Beverages,South,173.43,0,0,21,5,21.38,0.38
2025-11-15,S01,SKU017,Beverages,South,179.95,0,0,28,7,23.02,4.98
2025-11-16,S01,SKU017,Beverages,South,177.56,0,0,34,2,24.11,9.89
2025-11-17,S01,SKU017,Beverages,South,175.31,0,0,23,9,23.53,0.53
2025-11-18,S01,SKU017,Beverages,South,174.51,0,0,26,6,24.06,1.94
2025-11-19,S01,SKU017,Beverages,South,177.44,0,0,18,5,23.54,5.54
2025-11-20,S01,SKU017,Beverages,South,176.34,0,0,20,7,22.9,2.9
2025-11-21,S01,SKU017,Beverages,South,177.03,0,0,15,6,21.45,6.45
2025-11-22,S01,SKU017,Beverages,South,176.06,0,0,24,7,23.1,0.9
2025-11-23,S01,SKU017,Beverages,South,176.13,0,0,20,8,22.32,2.32
2025-11-24,S01,SKU017,Beverages,South,167.36,1,0,35,3,28.49,6.51
2025-11-25,S01,SKU017,Beverages,South,175.93,0,0,24,5,22.3,1.7
2025-11-26,S01,SKU017,Beverages,South,178.08,0,0,33,5,22.33,10.67
2025-11-27,S01,SKU017,Beverages,South,181.64,0,0,32,3,22.47,9.53
2025-11-28,S01,SKU017,Beverages,South,177.45,0,0,16,8,23.38,7.38
2025-11-29,S01,SKU017,Beverages,South,178.03,0,0,25,3,24.21,0.79
2025-11-30,S01,SKU017,Beverages,South,177.61,0,0,35,5,25.91,9.09
2025-12-01,S01,SKU017,Beverages,South,180.16,0,0,30,2,22.86,7.14
2025-12-02,S01,SKU017,Beverages,South,175.4,0,0,20,7,23.65,3.65
2025-12-03,S01,SKU017,Beverages,South,176.65,0,0,27,4,23.53,3.47
2025-12-04,S01,SKU017,Beverages,South,161.41,1,0,39,8,32.48,6.52
2025-12-05,S01,SKU017,Beverages,South,180.06,0,0,29,8,23.42,5.58
2025-12-06,S01,SKU017,Beverages,South,179.58,0,0,29,3,27.0,2.0
2025-12-07,S01,SKU017,Beverages,South,178.65,0,0,27,5,27.69,0.69
2025-12-08,S01,SKU017,Beverages,South,176.45,0,0,21,9,25.35,4.35
2025-12-09,S01,SKU017,Beverages,South,171.97,0,0,27,4,24.66,2.34
2025-12-10,S01,SKU017,Beverages,South,177.87,0,0,23,8,25.03,2.03
2025-12-11,S01,SKU017,Beverages,South,175.85,0,0,27,3,24.24,2.76
2025-12-12,S01,SKU017,Beverages,South,175.91,0,0,27,3,24.89,2.11
2025-12-13,S01,SKU017,Beverages,South,176.06,0,0,29,7,27.11,1.89
2025-12-14,S01,SKU017,Beverages,South,178.09,0,0,22,6,27.61,5.61
2025-12-15,S01,SKU017,Beverages,South,175.12,0,0,29,7,25.05,3.95
2025-12-16,S01,SKU017,Beverages,South,173.81,0,0,23,3,24.65,1.65
2025-12-17,S01,SKU017,Beverages,South,160.79,1,0,31,6,32.51,1.51
2025-12-18,S01,SKU017,Beverages,South,176.22,0,0,21,5,25.73,4.73
2025-12-19,S01,SKU017,Beverages,South,174.44,0,0,23,7,25.38,2.38
2025-12-20,S01,SKU017,Beverages,South,165.9,1,0,43,6,34.58,8.42
2025-12-21,S01,SKU017,Beverages,South,174.95,0,0,37,7,27.47,9.53
2025-12-22,S01,SKU017,Beverages,South,161.37,1,0,36,5,35.49,0.51
2025-12-23,S01,SKU017,Beverages,South,176.92,0,0,29,2,27.71,1.29
2025-12-24,S01,SKU017,Beverages,South,176.06,0,0,23,3,28.08,5.08
2025-12-25,S01,SKU017,Beverages,South,174.56,0,1,23,6,33.56,10.56
2025-12-26,S01,SKU017,Beverages,South,176.22,0,0,16,3,26.48,10.48
2025-12-27,S01,SKU017,Beverages,South,177.88,0,0,20,8,28.66,8.66
2025-12-28,S01,SKU017,Beverages,South,174.17,0,0,29,2,27.1,1.9
2025-12-29,S01,SKU017,Beverages,South,177.98,0,0,21,2,24.97,3.97
2025-12-30,S01,SKU017,Beverages,South,175.94,0,0,29,4,24.57,4.43
2025-12-31,S01,SKU017,Beverages,South,177.74,0,0,14,2,25.27,11.27
2025-08-13,S01,SKU018,Snacks,South,275.57,0,0,37,6,44.61,7.61
2025-08-14,S01,SKU018,Snacks,South,289.09,0,0,45,3,44.03,0.97
2025-08-15,S01,SKU018,Snacks,South,286.55,0,1,48,7,51.81,3.81
2025-08-16,S01,SKU018,Snacks,South,263.6,1,0,76,5,62.0,14.0
2025-08-17,S01,SKU018,Snacks,South,284.9,0,0,46,5,48.34,2.34
2025-08-18,S01,SKU018,Snacks,South,293.53,0,0,47,5,44.57,2.43
2025-08-19,S01,SKU018,Snacks,South,286.63,0,0,57,3,45.08,11.92
2025-08-20,S01,SKU018,Snacks,South,281.43,0,0,52,9,45.5,6.5
2025-08-21,S01,SKU018,Snacks,South,287.34,0,0,50,7,45.63,4.37
2025-08-22,S01,SKU018,Snacks,South,284.34,0,0,46,5,45.22,0.78
2025-08-23,S01,SKU018,Snacks,South,285.77,0,0,47,6,47.77,0.77
2025-08-24,S01,SKU018,Snacks,South,285.42,0,0,40,6,48.69,8.69
2025-08-25,S01,SKU018,Snacks,South,282.81,0,0,48,3,45.44,2.56
2025-08-26,S01,SKU018,Snacks,South,283.26,0,0,47,4,45.59,1.41
2025-08-27,S01,SKU018,Snacks,South,282.11,0,0,43,8,43.94,0.94
2025-08-28,S01,SKU018,Snacks,South,287.16,0,0,50,4,44.11,5.89
2025-08-29,S01,SKU018,Snacks,South,294.05,0,0,38,9,44.19,6.19
2025-08-30,S01,SKU018,Snacks,South,289.44,0,0,61,3,46.29,14.71
2025-08-31,S01,SKU018,Snacks,South,286.11,0,0,52,8,47.12,4.88
2025-09-01,S01,SKU018,Snacks,South,286.96,0,0,48,2,45.03,2.97
2025-09-02,S01,SKU018,Snacks,South,287.37,0,0,42,8,44.63,2.63
2025-09-03,S01,SKU018,Snacks,South,256.92,1,0,58,8,59.14,1.14
2025-09-04,S01,SKU018,Snacks,South,280.78,0,0,44,8,45.04,1.04
2025-09-05,S01,SKU018,Snacks,South,282.88,0,0,40,2,45.24,5.24
2025-09-06,S01,SKU018,Snacks,South,287.25,0,0,45,2,48.47,3.47
2025-09-07,S01,SKU018,Snacks,South,284.01,0,0,47,2,47.31,0.31
2025-09-08,S01,SKU018,Snacks,South,290.79,0,0,45,2,44.27,0.73
2025-09-09,S01,SKU018,Snacks,South,289.78,0,0,42,5,43.92,1.92
2025-09-10,S01,SKU018,Snacks,South,288.68,0,0,49,2,43.41,5.59
2025-09-11,S01,SKU018,Snacks,South,286.04,0,0,43,2,44.09,1.09
2025-09-12,S01,SKU018,Snacks,South,285.11,0,0,43,4,43.59,0.59
2025-09-13,S01,SKU018,Snacks,South,288.82,0,0,40,2,47.14,7.14
2025-09-14,S01,SKU018,Snacks,South,281.8,0,0,44,9,46.49,2.49
2025-09-15,S01,SKU018,Snacks,South,275.77,0,0,45,6,43.07,1.93
2025-09-16,S01,SKU018,Snacks,South,286.21,0,0,38,5,42.23,4.23
2025-09-17,S01,SKU018,Snacks,South,280.08,0,0,54,2,42.17,11.83
2025-09-18,S01,SKU018,Snacks,South,281.34,0,0,42,5,42.22,0.22
2025-09-19,S01,SKU018,Snacks,South,286.47,0,0,46,2,42.49,3.51
2025-09-20,S01,SKU018,Snacks,South,284.7,0,0,49,7,45.37,3.63
2025-09-21,S01,SKU018,Snacks,South,280.88,0,0,56,5,45.95,10.05
2025-09-22,S01,SKU018,Snacks,South,284.26,0,0,56,5,43.24,12.76
2025-09-23,S01,SKU018,Snacks,South,290.34,0,0,44,5,43.41,0.59
2025-09-24,S01,SKU018,Snacks,South,260.66,1,0,62,4,58.94,3.06
2025-09-25,S01,SKU018,Snacks,South,288.99,0,0,48,8,44.32,3.68
2025-09-26,S01,SKU018,Snacks,South,278.96,0,0,42,9,44.04,2.04
2025-09-27,S01,SKU018,Snacks,South,262.65,1,0,68,5,62.39,5.61
2025-09-28,S01,SKU018,Snacks,South,295.84,0,0,45,2,48.87,3.87
2025-09-29,S01,SKU018,Snacks,South,280.75,0,0,36,9,44.74,8.74
2025-09-30,S01,SKU018,Snacks,South,288.61,0,0,39,5,43.78,4.78
2025-10-01,S01,SKU018,Snacks,South,288.88,0,0,33,2,44.35,11.35
2025-10-02,S01,SKU018,Snacks,South,288.9,0,1,56,4,51.56,4.44
2025-10-03,S01,SKU018,Snacks,South,284.5,0,0,50,9,43.94,6.06
2025-10-04,S01,SKU018,Snacks,South,291.63,0,0,50,3,47.06,2.94
2025-10-05,S01,SKU018,Snacks,South,287.9,0,0,39,3,47.38,8.38
2025-10-06,S01,SKU018,Snacks,South,286.08,0,0,49,4,43.32,5.68
2025-10-07,S01,SKU018,Snacks,South,286.06,0,0,53,2,43.94,9.06
2025-10-08,S01,SKU018,Snacks,South,291.05,0,0,48,4,43.93,4.07
2025-10-09,S01,SKU018,Snacks,South,286.9,0,0,40,4,44.86,4.86
2025-10-10,S01,SKU018,Snacks,South,281.65,0,0,43,7,44.4,1.4
2025-10-11,S01,SKU018,Snacks,South,288.23,0,0,55,5,46.51,8.49
2025-10-12,S01,SKU018,Snacks,South,281.76,0,0,47,6,48.65,1.65
2025-10-13,S01,SKU018,Snacks,South,285.04,0,0,49,6,45.64,3.36
2025-10-14,S01,SKU018,Snacks,South,286.16,0,0,38,6,45.42,7.42
2025-10-15,S01,SKU018,Snacks,South,284.15,0,0,48,4,45.43,2.57
2025-10-16,S01,SKU018,Snacks,South,294.89,0,0,40,5,45.14,5.14
2025-10-17,S01,SKU018,Snacks,South,288.77,0,0,45,3,45.64,0.64
2025-10-18,S01,SKU018,Snacks,South,288.57,0,0,53,3,49.72,3.28
2025-10-19,S01,SKU018,Snacks,South,280.27,0,0,49,4,48.8,0.2
2025-10-20,S01,SKU018,Snacks,South,261.78,1,0,59,3,59.8,0.8
2025-10-21,S01,SKU018,Snacks,South,283.64,0,0,47,8,45.14,1.86
2025-10-22,S01,SKU018,Snacks,South,280.29,0,0,45,5,45.82,0.82
2025-10-23,S01,SKU018,Snacks,South,287.33,0,0,50,6,44.8,5.2
2025-10-24,S01,SKU018,Snacks,South,273.72,0,0,52,3,45.05,6.95
2025-10-25,S01,SKU018,Snacks,South,284.5,0,0,37,7,48.31,11.31
2025-10-26,S01,SKU018,Snacks,South,287.68,0,0,58,6,47.64,10.36
2025-10-27,S01,SKU018,Snacks,South,294.6,0,0,35,4,43.45,8.45
2025-10-28,S01,SKU018,Snacks,South,289.05,0,0,39,8,44.6,5.6
2025-10-29,S01,SKU018,Snacks,South,288.84,0,0,46,8,44.32,1.68
2025-10-30,S01,SKU018,Snacks,South,288.47,0,0,43,3,44.47,1.47
2025-10-31,S01,SKU018,Snacks,South,292.28,0,0,44,6,44.71,0.71
2025-11-01,S01,SKU018,Snacks,South,288.42,0,0,43,4,47.99,4.99
2025-11-02,S01,SKU018,Snacks,South,282.88,0,0,56,3,48.69,7.31
2025-11-03,S01,SKU018,Snacks,South,285.54,0,0,44,5,44.1,0.1
2025-11-04,S01,SKU018,Snacks,South,280.53,0,0,37,4,45.22,8.22
2025-11-05,S01,SKU018,Snacks,South,282.1,0,0,47,8,44.89,2.11
2025-11-06,S01,SKU018,Snacks,South,292.26,0,0,46,4,44.81,1.19
2025-11-07,S01,SKU018,Snacks,South,286.75,0,0,49,4,44.97,4.03
2025-11-08,S01,SKU018,Snacks,South,263.2,1,0,62,4,62.67,0.67
2025-11-09,S01,SKU018,Snacks,South,286.77,0,0,40,6,49.46,9.46
2025-11-10,S01,SKU018,Snacks,South,281.44,0,0,53,7,45.48,7.52
2025-11-11,S01,SKU018,Snacks,South,287.37,0,0,42,4,44.65,2.65
2025-11-12,S01,SKU018,Snacks,South,288.6,0,0,44,5,46.03,2.03
2025-11-13,S01,SKU018,Snacks,South,284.97,0,0,41,7,45.59,4.59
2025-11-14,S01,SKU018,Snacks,South,282.9,0,0,46,7,45.78,0.22
2025-11-15,S01,SKU018,Snacks,South,285.57,0,0,52,4,48.07,3.93
2025-11-16,S01,SKU018,Snacks,South,284.6,0,0,54,7,48.88,5.12
2025-11-17,S01,SKU018,Snacks,South,282.99,0,0,48,6,45.48,2.52
2025-11-18,S01,SKU018,Snacks,South,287.78,0,0,51,9,45.29,5.71
2025-11-19,S01,SKU018,Snacks,South,279.95,0,0,50,6,45.95,4.05
2025-11-20,S01,SKU018,Snacks,South,281.99,0,0,39,9,46.68,7.68
2025-11-21,S01,SKU018,Snacks,South,279.08,0,0,49,8,46.21,2.79
2025-11-22,S01,SKU018,Snacks,South,287.12,0,0,44,8,48.07,4.07
2025-11-23,S01,SKU018,Snacks,South,284.85,0,0,53,9,48.9,4.1
2025-11-24,S01,SKU018,Snacks,South,283.78,0,0,45,4,45.62,0.62
2025-11-25,S01,SKU018,Snacks,South,283.05,0,0,52,2,45.84,6.16
2025-11-26,S01,SKU018,Snacks,South,284.7,0,0,41,7,45.96,4.96
2025-11-27,S01,SKU018,Snacks,South,282.62,0,0,52,3,45.85,6.15
2025-11-28,S01,SKU018,Snacks,South,282.93,0,0,48,9,46.54,1.46
2025-11-29,S01,SKU018,Snacks,South,275.81,0,0,49,2,52.13,3.13
2025-11-30,S01,SKU018,Snacks,South,264.35,1,0,70,9,67.22,2.78
2025-12-01,S01,SKU018,Snacks,South,294.06,0,0,49,3,47.55,1.45
2025-12-02,S01,SKU018,Snacks,South,261.97,1,0,61,9,65.55,4.55
2025-12-03,S01,SKU018,Snacks,South,274.77,0,0,49,9,49.0,0.0
2025-12-04,S01,SKU018,Snacks,South,264.15,1,0,67,5,65.04,1.96
2025-12-05,S01,SKU018,Snacks,South,289.75,0,0,50,8,48.82,1.18
2025-12-06,S01,SKU018,Snacks,South,287.33,0,0,48,5,54.21,6.21
2025-12-07,S01,SKU018,Snacks,South,290.12,0,0,50,7,51.67,1.67
2025-12-08,S01,SKU018,Snacks,South,281.67,0,0,51,2,49.21,1.79
2025-12-09,S01,SKU018,Snacks,South,283.44,0,0,52,6,48.37,3.63
2025-12-10,S01,SKU018,Snacks,South,264.9,1,0,69,6,66.32,2.68
2025-12-11,S01,SKU018,Snacks,South,284.76,0,0,48,4,47.18,0.82
2025-12-12,S01,SKU018,Snacks,South,282.87,0,0,54,2,50.95,3.05
2025-12-13,S01,SKU018,Snacks,South,288.67,0,0,47,8,55.42,8.42
2025-12-14,S01,SKU018,Snacks,South,282.12,0,0,55,5,56.38,1.38
2025-12-15,S01,SKU018,Snacks,South,262.63,1,0,68,8,67.7,0.3
2025-12-16,S01,SKU018,Snacks,South,287.89,0,0,45,2,51.16,6.16
2025-12-17,S01,SKU018,Snacks,South,273.47,0,0,62,4,49.29,12.71
2025-12-18,S01,SKU018,Snacks,South,283.51,0,0,43,9,48.15,5.15
2025-12-19,S01,SKU018,Snacks,South,263.55,1,0,62,6,70.23,8.23
2025-12-20,S01,SKU018,Snacks,South,287.01,0,0,57,6,56.35,0.65
2025-12-21,S01,SKU018,Snacks,South,284.96,0,0,63,7,57.81,5.19
2025-12-22,S01,SKU018,Snacks,South,288.41,0,0,56,7,52.0,4.0
2025-12-23,S01,SKU018,Snacks,South,260.08,1,0,64,7,71.47,7.47
2025-12-24,S01,SKU018,Snacks,South,286.12,0,0,45,5,53.09,8.09
2025-12-25,S01,SKU018,Snacks,South,289.88,0,1,58,6,59.65,1.65
2025-12-26,S01,SKU018,Snacks,South,287.09,0,0,53,7,54.46,1.46
2025-12-27,S01,SKU018,Snacks,South,284.53,0,0,54,5,59.08,5.08
2025-12-28,S01,SKU018,Snacks,South,279.34,0,0,52,9,57.78,5.78
2025-12-29,S01,SKU018,Snacks,South,281.76,0,0,70,2,54.25,15.75
2025-12-30,S01,SKU018,Snacks,South,288.08,0,0,50,4,55.35,5.35
2025-12-31,S01,SKU018,Snacks,South,284.21,0,0,45,7,53.78,8.78
2025-08-13,S01,SKU019,Personal Care,South,353.44,0,0,56,6,48.9,7.1
2025-08-14,S01,SKU019,Personal Care,South,333.92,1,0,55,6,65.51,10.51
2025-08-15,S01,SKU019,Personal Care,South,357.64,0,1,48,2,56.04,8.04
2025-08-16,S01,SKU019,Personal Care,South,346.33,0,0,51,7,52.39,1.39
2025-08-17,S01,SKU019,Personal Care,South,359.01,0,0,50,4,52.74,2.74
2025-08-18,S01,SKU019,Personal Care,South,357.89,0,0,46,6,47.36,1.36
2025-08-19,S01,SKU019,Personal Care,South,354.48,0,0,42,7,47.49,5.49
2025-08-20,S01,SKU019,Personal Care,South,353.12,0,0,46,8,47.29,1.29
2025-08-21,S01,SKU019,Personal Care,South,356.61,0,0,47,8,46.37,0.63
2025-08-22,S01,SKU019,Personal Care,South,366.62,0,0,44,6,45.79,1.79
2025-08-23,S01,SKU019,Personal Care,South,368.94,0,0,44,7,49.61,5.61
2025-08-24,S01,SKU019,Personal Care,South,357.88,0,0,49,2,49.22,0.22
2025-08-25,S01,SKU019,Personal Care,South,363.57,0,0,47,5,45.93,1.07
2025-08-26,S01,SKU019,Personal Care,South,362.57,0,0,37,2,46.1,9.1
2025-08-27,S01,SKU019,Personal Care,South,357.5,0,0,42,6,45.55,3.55
2025-08-28,S01,SKU019,Personal Care,South,359.38,0,0,45,2,45.48,0.48
2025-08-29,S01,SKU019,Personal Care,South,357.89,0,0,39,4,45.07,6.07
2025-08-30,S01,SKU019,Personal Care,South,351.36,0,0,49,5,48.22,0.78
2025-08-31,S01,SKU019,Personal Care,South,359.25,0,0,41,4,47.97,6.97
2025-09-01,S01,SKU019,Personal Care,South,358.8,0,0,47,5,44.32,2.68
2025-09-02,S01,SKU019,Personal Care,South,352.41,0,0,46,6,44.22,1.78
2025-09-03,S01,SKU019,Personal Care,South,358.32,0,0,46,7,44.62,1.38
2025-09-04,S01,SKU019,Personal Care,South,354.56,0,0,47,8,44.36,2.64
2025-09-05,S01,SKU019,Personal Care,South,348.31,0,0,42,8,44.47,2.47
2025-09-06,S01,SKU019,Personal Care,South,364.17,0,0,39,9,46.67,7.67
2025-09-07,S01,SKU019,Personal Care,South,330.71,1,0,69,8,60.36,8.64
2025-09-08,S01,SKU019,Personal Care,South,360.82,0,0,40,2,44.24,4.24
2025-09-09,S01,SKU019,Personal Care,South,358.04,0,0,48,2,42.72,5.28
2025-09-10,S01,SKU019,Personal Care,South,362.13,0,0,44,2,42.6,1.4
2025-09-11,S01,SKU019,Personal Care,South,360.39,0,0,41,3,42.75,1.75
2025-09-12,S01,SKU019,Personal Care,South,362.41,0,0,50,5,42.55,7.45
2025-09-13,S01,SKU019,Personal Care,South,352.63,0,0,50,6,45.76,4.24
2025-09-14,S01,SKU019,Personal Care,South,363.12,0,0,38,2,45.89,7.89
2025-09-15,S01,SKU019,Personal Care,South,344.88,0,0,45,8,41.79,3.21
2025-09-16,S01,SKU019,Personal Care,South,350.15,0,0,43,5,41.92,1.08
2025-09-17,S01,SKU019,Personal Care,South,355.77,0,0,46,5,41.74,4.26
2025-09-18,S01,SKU019,Personal Care,South,323.84,1,0,61,8,55.45,5.55
2025-09-19,S01,SKU019,Personal Care,South,365.03,0,0,47,6,42.49,4.51
2025-09-20,S01,SKU019,Personal Care,South,358.08,0,0,50,2,45.28,4.72
2025-09-21,S01,SKU019,Personal Care,South,353.56,0,0,44,2,46.14,2.14
2025-09-22,S01,SKU019,Personal Care,South,368.84,0,0,54,3,43.19,10.81
2025-09-23,S01,SKU019,Personal Care,South,346.2,0,0,40,5,43.97,3.97
2025-09-24,S01,SKU019,Personal Care,South,355.36,0,0,42,5,44.26,2.26
2025-09-25,S01,SKU019,Personal Care,South,353.82,0,0,52,6,42.93,9.07
2025-09-26,S01,SKU019,Personal Care,South,362.49,0,0,42,7,43.56,1.56
2025-09-27,S01,SKU019,Personal Care,South,365.6,0,0,51,6,47.0,4.0
2025-09-28,S01,SKU019,Personal Care,South,354.89,0,0,54,4,45.99,8.01
2025-09-29,S01,SKU019,Personal Care,South,359.23,0,0,39,9,44.48,5.48
2025-09-30,S01,SKU019,Personal Care,South,352.77,0,0,47,8,43.82,3.18
2025-10-01,S01,SKU019,Personal Care,South,367.82,0,0,46,6,44.31,1.69
2025-10-02,S01,SKU019,Personal Care,South,359.7,0,1,47,7,52.51,5.51
2025-10-03,S01,SKU019,Personal Care,South,356.63,0,0,46,8,44.37,1.63
2025-10-04,S01,SKU019,Personal Care,South,355.53,0,0,51,2,48.0,3.0
2025-10-05,S01,SKU019,Personal Care,South,350.44,0,0,56,3,48.27,7.73
2025-10-06,S01,SKU019,Personal Care,South,325.31,1,0,49,8,60.18,11.18
2025-10-07,S01,SKU019,Personal Care,South,369.76,0,0,52,5,44.81,7.19
2025-10-08,S01,SKU019,Personal Care,South,354.89,0,0,44,8,45.56,1.56
2025-10-09,S01,SKU019,Personal Care,South,353.93,0,0,38,6,45.54,7.54
2025-10-10,S01,SKU019,Personal Care,South,357.91,0,0,47,5,44.65,2.35
2025-10-11,S01,SKU019,Personal Care,South,363.31,0,0,49,2,48.2,0.8
2025-10-12,S01,SKU019,Personal Care,South,359.25,0,0,49,4,48.54,0.46
2025-10-13,S01,SKU019,Personal Care,South,328.24,1,0,53,2,58.52,5.52
2025-10-14,S01,SKU019,Personal Care,South,361.75,0,0,48,4,45.66,2.34
2025-10-15,S01,SKU019,Personal Care,South,361.49,0,0,46,8,45.66,0.34
2025-10-16,S01,SKU019,Personal Care,South,354.64,0,0,49,9,45.7,3.3
2025-10-17,S01,SKU019,Personal Care,South,360.71,0,0,44,4,45.9,1.9
2025-10-18,S01,SKU019,Personal Care,South,356.87,0,0,45,3,49.67,4.67
2025-10-19,S01,SKU019,Personal Care,South,354.83,0,0,49,8,48.44,0.56
2025-10-20,S01,SKU019,Personal Care,South,357.75,0,0,46,7,45.98,0.02
2025-10-21,S01,SKU019,Personal Care,South,353.36,0,0,56,2,44.75,11.25
2025-10-22,S01,SKU019,Personal Care,South,362.78,0,0,45,7,45.72,0.72
2025-10-23,S01,SKU019,Personal Care,South,364.85,0,0,45,6,45.53,0.53
2025-10-24,S01,SKU019,Personal Care,South,327.07,1,0,60,7,60.41,0.41
2025-10-25,S01,SKU019,Personal Care,South,347.69,0,0,49,4,50.27,1.27
2025-10-26,S01,SKU019,Personal Care,South,357.09,0,0,47,9,50.31,3.31
2025-10-27,S01,SKU019,Personal Care,South,333.88,1,0,61,9,61.95,0.95
2025-10-28,S01,SKU019,Personal Care,South,358.28,0,0,36,5,47.21,11.21
2025-10-29,S01,SKU019,Personal Care,South,330.3,1,0,57,6,61.1,4.1
2025-10-30,S01,SKU019,Personal Care,South,354.46,0,0,46,4,47.23,1.23
2025-10-31,S01,SKU019,Personal Care,South,330.32,1,0,61,5,60.8,0.2
2025-11-01,S01,SKU019,Personal Care,South,354.02,0,0,54,9,52.09,1.91
2025-11-02,S01,SKU019,Personal Care,South,326.0,1,0,68,5,67.47,0.53
2025-11-03,S01,SKU019,Personal Care,South,322.8,1,0,57,7,62.95,5.95
2025-11-04,S01,SKU019,Personal Care,South,357.62,0,0,37,7,48.09,11.09
2025-11-05,S01,SKU019,Personal Care,South,365.45,0,0,42,9,48.21,6.21
2025-11-06,S01,SKU019,Personal Care,South,358.29,0,0,46,6,47.95,1.95
2025-11-07,S01,SKU019,Personal Care,South,353.25,0,0,42,4,48.13,6.13
2025-11-08,S01,SKU019,Personal Care,South,357.62,0,0,51,5,52.67,1.67
2025-11-09,S01,SKU019,Personal Care,South,361.29,0,0,49,6,51.76,2.76
2025-11-10,S01,SKU019,Personal Care,South,356.91,0,0,37,5,48.14,11.14
2025-11-11,S01,SKU019,Personal Care,South,327.92,1,0,64,6,60.45,3.55
2025-11-12,S01,SKU019,Personal Care,South,355.46,0,0,52,3,47.58,4.42
2025-11-13,S01,SKU019,Personal Care,South,362.38,0,0,40,9,48.69,8.69
2025-11-14,S01,SKU019,Personal Care,South,326.7,1,0,76,7,62.49,13.51
2025-11-15,S01,SKU019,Personal Care,South,355.72,0,0,46,9,53.79,7.79
2025-11-16,S01,SKU019,Personal Care,South,353.78,0,0,60,7,53.82,6.18
2025-11-17,S01,SKU019,Personal Care,South,324.43,1,0,67,3,63.43,3.57
2025-11-18,S01,SKU019,Personal Care,South,353.87,0,0,42,7,50.93,8.93
2025-11-19,S01,SKU019,Personal Care,South,353.02,0,0,55,7,50.08,4.92
2025-11-20,S01,SKU019,Personal Care,South,355.03,0,0,57,5,49.76,7.24
2025-11-21,S01,SKU019,Personal Care,South,355.02,0,0,53,6,50.79,2.21
2025-11-22,S01,SKU019,Personal Care,South,357.75,0,0,44,8,55.48,11.48
2025-11-23,S01,SKU019,Personal Care,South,359.41,0,0,55,9,54.95,0.05
2025-11-24,S01,SKU019,Personal Care,South,359.05,0,0,55,5,50.45,4.55
2025-11-25,S01,SKU019,Personal Care,South,354.73,0,0,54,7,49.96,4.04
2025-11-26,S01,SKU019,Personal Care,South,362.0,0,0,49,2,51.67,2.67
2025-11-27,S01,SKU019,Personal Care,South,356.89,0,0,55,2,51.24,3.76
2025-11-28,S01,SKU019,Personal Care,South,366.51,0,0,48,2,51.94,3.94
2025-11-29,S01,SKU019,Personal Care,South,337.5,1,0,68,7,71.08,3.08
2025-11-30,S01,SKU019,Personal Care,South,357.93,0,0,56,8,57.06,1.06
2025-12-01,S01,SKU019,Personal Care,South,365.51,0,0,46,9,51.42,5.42
2025-12-02,S01,SKU019,Personal Care,South,364.4,0,0,46,9,50.21,4.21
2025-12-03,S01,SKU019,Personal Care,South,370.72,0,0,43,2,51.4,8.4
2025-12-04,S01,SKU019,Personal Care,South,357.0,0,0,51,7,51.12,0.12
2025-12-05,S01,SKU019,Personal Care,South,366.6,0,0,43,6,50.89,7.89
2025-12-06,S01,SKU019,Personal Care,South,349.32,0,0,50,7,54.83,4.83
2025-12-07,S01,SKU019,Personal Care,South,353.89,0,0,52,8,56.48,4.48
2025-12-08,S01,SKU019,Personal Care,South,352.72,0,0,53,3,50.71,2.29
2025-12-09,S01,SKU019,Personal Care,South,343.42,0,0,52,7,51.92,0.08
2025-12-10,S01,SKU019,Personal Care,South,350.96,0,0,56,5,51.12,4.88
2025-12-11,S01,SKU019,Personal Care,South,327.52,1,0,67,8,70.29,3.29
2025-12-12,S01,SKU019,Personal Care,South,359.0,0,0,57,8,54.0,3.0
2025-12-13,S01,SKU019,Personal Care,South,366.2,0,0,41,4,57.16,16.16
2025-12-14,S01,SKU019,Personal Care,South,359.76,0,0,64,8,56.88,7.12
2025-12-15,S01,SKU019,Personal Care,South,359.72,0,0,57,3,52.0,5.0
2025-12-16,S01,SKU019,Personal Care,South,359.18,0,0,52,9,51.38,0.62
2025-12-17,S01,SKU019,Personal Care,South,364.37,0,0,59,3,52.52,6.48
2025-12-18,S01,SKU019,Personal Care,South,349.33,0,0,45,4,52.35,7.35
2025-12-19,S01,SKU019,Personal Care,South,328.84,1,0,66,2,69.37,3.37
2025-12-20,S01,SKU019,Personal Care,South,363.7,0,0,60,2,56.09,3.91
2025-12-21,S01,SKU019,Personal Care,South,362.56,0,0,54,4,57.93,3.93
2025-12-22,S01,SKU019,Personal Care,South,364.83,0,0,57,2,53.15,3.85
2025-12-23,S01,SKU019,Personal Care,South,355.65,0,0,70,6,52.92,17.08
2025-12-24,S01,SKU019,Personal Care,South,325.79,1,0,65,8,72.48,7.48
2025-12-25,S01,SKU019,Personal Care,South,357.14,0,1,65,2,60.87,4.13
2025-12-26,S01,SKU019,Personal Care,South,353.41,0,0,49,7,54.31,5.31
2025-12-27,S01,SKU019,Personal Care,South,353.62,0,0,52,7,57.55,5.55
2025-12-28,S01,SKU019,Personal Care,South,359.0,0,0,55,3,59.5,4.5
2025-12-29,S01,SKU019,Personal Care,South,363.61,0,0,54,2,54.75,0.75
2025-12-30,S01,SKU019,Personal Care,South,361.57,0,0,55,5,53.81,1.19
2025-12-31,S01,SKU019,Personal Care,South,354.97,0,0,59,2,55.27,3.73
2025-08-13,S01,SKU020,Household,South,325.2,0,0,68,2,64.85,3.15
2025-08-14,S01,SKU020,Household,South,325.08,0,0,76,9,66.2,9.8
2025-08-15,S01,SKU020,Household,South,324.23,0,1,78,3,76.26,1.74
2025-08-16,S01,SKU020,Household,South,320.15,0,0,77,5,70.48,6.52
2025-08-17,S01,SKU020,Household,South,325.97,0,0,73,2,70.88,2.12
2025-08-18,S01,SKU020,Household,South,319.34,0,0,70,4,65.11,4.89
2025-08-19,S01,SKU020,Household,South,331.84,0,0,63,8,65.82,2.82
2025-08-20,S01,SKU020,Household,South,322.7,0,0,61,3,65.41,4.41
2025-08-21,S01,SKU020,Household,South,326.48,0,0,67,4,63.82,3.18
2025-08-22,S01,SKU020,Household,South,326.54,0,0,63,5,62.83,0.17
2025-08-23,S01,SKU020,Household,South,323.94,0,0,72,5,68.4,3.6
2025-08-24,S01,SKU020,Household,South,321.14,0,0,67,4,68.68,1.68
2025-08-25,S01,SKU020,Household,South,302.71,1,0,79,8,81.51,2.51
2025-08-26,S01,SKU020,Household,South,301.37,1,0,84,2,83.26,0.74
2025-08-27,S01,SKU020,Household,South,325.66,0,0,63,9,64.11,1.11
2025-08-28,S01,SKU020,Household,South,322.45,0,0,64,9,65.27,1.27
2025-08-29,S01,SKU020,Household,South,322.66,0,0,64,6,64.14,0.14
2025-08-30,S01,SKU020,Household,South,324.7,0,0,61,7,69.46,8.46
2025-08-31,S01,SKU020,Household,South,321.77,0,0,72,9,68.4,3.6
2025-09-01,S01,SKU020,Household,South,327.16,0,0,67,8,62.55,4.45
2025-09-02,S01,SKU020,Household,South,324.96,0,0,62,6,62.46,0.46
2025-09-03,S01,SKU020,Household,South,313.62,0,0,66,7,62.62,3.38
2025-09-04,S01,SKU020,Household,South,319.35,0,0,66,9,62.61,3.39
2025-09-05,S01,SKU020,Household,South,329.05,0,0,69,9,62.59,6.41
2025-09-06,S01,SKU020,Household,South,329.37,0,0,70,3,68.06,1.94
2025-09-07,S01,SKU020,Household,South,329.26,0,0,65,5,67.99,2.99
2025-09-08,S01,SKU020,Household,South,325.4,0,0,66,4,62.51,3.49
2025-09-09,S01,SKU020,Household,South,325.95,0,0,64,5,62.81,1.19
2025-09-10,S01,SKU020,Household,South,316.95,0,0,64,7,63.21,0.79
2025-09-11,S01,SKU020,Household,South,324.69,0,0,62,3,63.29,1.29
2025-09-12,S01,SKU020,Household,South,302.26,1,0,79,3,81.12,2.12
2025-09-13,S01,SKU020,Household,South,320.76,0,0,71,2,67.24,3.76
2025-09-14,S01,SKU020,Household,South,320.71,0,0,72,2,67.76,4.24
2025-09-15,S01,SKU020,Household,South,299.03,1,0,80,4,80.98,0.98
2025-09-16,S01,SKU020,Household,South,300.75,1,0,83,5,81.02,1.98
2025-09-17,S01,SKU020,Household,South,322.74,0,0,59,2,63.33,4.33
2025-09-18,S01,SKU020,Household,South,325.5,0,0,61,5,63.3,2.3
2025-09-19,S01,SKU020,Household,South,329.31,0,0,64,8,62.94,1.06
2025-09-20,S01,SKU020,Household,South,327.18,0,0,74,9,68.62,5.38
2025-09-21,S01,SKU020,Household,South,325.3,0,0,70,9,68.46,1.54
2025-09-22,S01,SKU020,Household,South,326.32,0,0,75,8,63.95,11.05
2025-09-23,S01,SKU020,Household,South,292.5,1,0,82,8,81.68,0.32
2025-09-24,S01,SKU020,Household,South,319.0,0,0,57,7,63.48,6.48
2025-09-25,S01,SKU020,Household,South,331.58,0,0,61,8,63.3,2.3
2025-09-26,S01,SKU020,Household,South,321.87,0,0,66,5,63.09,2.91
2025-09-27,S01,SKU020,Household,South,331.86,0,0,71,9,67.73,3.27
2025-09-28,S01,SKU020,Household,South,326.16,0,0,73,7,69.09,3.91
2025-09-29,S01,SKU020,Household,South,293.95,1,0,78,9,82.61,4.61
2025-09-30,S01,SKU020,Household,South,322.96,0,0,61,2,62.53,1.53
2025-10-01,S01,SKU020,Household,South,321.51,0,0,61,5,63.65,2.65
2025-10-02,S01,SKU020,Household,South,317.8,0,1,67,5,72.57,5.57
2025-10-03,S01,SKU020,Household,South,323.6,0,0,70,5,64.21,5.79
2025-10-04,S01,SKU020,Household,South,333.04,0,0,69,4,69.04,0.04
2025-10-05,S01,SKU020,Household,South,320.97,0,0,61,8,69.16,8.16
2025-10-06,S01,SKU020,Household,South,336.3,0,0,63,7,62.86,0.14
2025-10-07,S01,SKU020,Household,South,302.16,1,0,79,7,80.15,1.15
2025-10-08,S01,SKU020,Household,South,293.69,1,0,91,9,82.07,8.93
2025-10-09,S01,SKU020,Household,South,325.46,0,0,73,6,64.78,8.22
2025-10-10,S01,SKU020,Household,South,299.09,1,0,80,8,85.14,5.14
2025-10-11,S01,SKU020,Household,South,306.92,1,0,95,9,90.59,4.41
2025-10-12,S01,SKU020,Household,South,301.01,1,0,88,2,91.0,3.0
2025-10-13,S01,SKU020,Household,South,329.64,0,0,69,8,67.34,1.66
2025-10-14,S01,SKU020,Household,South,326.11,0,0,72,4,67.48,4.52
2025-10-15,S01,SKU020,Household,South,319.67,0,0,71,8,66.54,4.46
2025-10-16,S01,SKU020,Household,South,295.73,1,0,71,7,86.94,15.94
2025-10-17,S01,SKU020,Household,South,334.3,0,0,66,6,68.28,2.28
2025-10-18,S01,SKU020,Household,South,324.82,0,0,69,3,72.39,3.39
2025-10-19,S01,SKU020,Household,South,325.55,0,0,77,9,72.15,4.85
2025-10-20,S01,SKU020,Household,South,326.74,0,0,71,2,67.76,3.24
2025-10-21,S01,SKU020,Household,South,316.96,0,0,65,3,68.09,3.09
2025-10-22,S01,SKU020,Household,South,327.0,0,0,75,3,65.96,9.04
2025-10-23,S01,SKU020,Household,South,322.64,0,0,67,5,67.53,0.53
2025-10-24,S01,SKU020,Household,South,322.87,0,0,64,3,68.14,4.14
2025-10-25,S01,SKU020,Household,South,326.73,0,0,65,6,73.51,8.51
2025-10-26,S01,SKU020,Household,South,322.16,0,0,71,6,72.44,1.44
2025-10-27,S01,SKU020,Household,South,322.45,0,0,66,4,67.86,1.86
2025-10-28,S01,SKU020,Household,South,332.51,0,0,62,4,66.76,4.76
2025-10-29,S01,SKU020,Household,South,321.28,0,0,67,2,65.94,1.06
2025-10-30,S01,SKU020,Household,South,321.61,0,0,68,9,66.97,1.03
2025-10-31,S01,SKU020,Household,South,324.44,0,0,62,7,67.04,5.04
2025-11-01,S01,SKU020,Household,South,320.54,0,0,67,4,72.3,5.3
2025-11-02,S01,SKU020,Household,South,322.31,0,0,73,2,72.05,0.95
2025-11-03,S01,SKU020,Household,South,319.86,0,0,69,7,67.06,1.94
2025-11-04,S01,SKU020,Household,South,293.25,1,0,89,2,85.91,3.09
2025-11-05,S01,SKU020,Household,South,320.61,0,0,70,3,67.85,2.15
2025-11-06,S01,SKU020,Household,South,324.08,0,0,77,6,67.89,9.11
2025-11-07,S01,SKU020,Household,South,335.99,0,0,58,6,67.52,9.52
2025-11-08,S01,SKU020,Household,South,326.26,0,0,74,7,72.51,1.49
2025-11-09,S01,SKU020,Household,South,293.14,1,0,106,2,90.9,15.1
2025-11-10,S01,SKU020,Household,South,317.15,0,0,62,4,67.72,5.72
2025-11-11,S01,SKU020,Household,South,323.97,0,0,70,4,66.6,3.4
2025-11-12,S01,SKU020,Household,South,328.35,0,0,66,4,68.25,2.25
2025-11-13,S01,SKU020,Household,South,318.11,0,0,65,6,67.94,2.94
2025-11-14,S01,SKU020,Household,South,299.28,1,0,96,4,83.74,12.26
2025-11-15,S01,SKU020,Household,South,325.25,0,0,73,5,73.4,0.4
2025-11-16,S01,SKU020,Household,South,304.62,1,0,95,8,96.02,1.02
2025-11-17,S01,SKU020,Household,South,329.87,0,0,64,4,68.45,4.45
2025-11-18,S01,SKU020,Household,South,328.52,0,0,64,4,68.57,4.57
2025-11-19,S01,SKU020,Household,South,318.45,0,0,69,2,69.09,0.09
2025-11-20,S01,SKU020,Household,South,324.45,0,0,70,4,68.89,1.11
2025-11-21,S01,SKU020,Household,South,309.02,0,0,79,4,69.12,9.88
2025-11-22,S01,SKU020,Household,South,321.59,0,0,76,5,74.57,1.43
2025-11-23,S01,SKU020,Household,South,324.45,0,0,86,2,75.24,10.76
2025-11-24,S01,SKU020,Household,South,326.26,0,0,64,3,69.59,5.59
2025-11-25,S01,SKU020,Household,South,320.41,0,0,63,3,70.06,7.06
2025-11-26,S01,SKU020,Household,South,324.65,0,0,76,7,70.6,5.4
2025-11-27,S01,SKU020,Household,South,321.33,0,0,67,4,71.61,4.61
2025-11-28,S01,SKU020,Household,South,319.16,0,0,73,9,71.3,1.7
2025-11-29,S01,SKU020,Household,South,325.23,0,0,70,5,76.24,6.24
2025-11-30,S01,SKU020,Household,South,298.78,1,0,101,9,95.35,5.65
2025-12-01,S01,SKU020,Household,South,298.09,1,0,94,2,90.61,3.39
2025-12-02,S01,SKU020,Household,South,331.4,0,0,68,9,74.52,6.52
2025-12-03,S01,SKU020,Household,South,322.09,0,0,73,9,74.1,1.1
2025-12-04,S01,SKU020,Household,South,314.12,0,0,73,4,73.57,0.57
2025-12-05,S01,SKU020,Household,South,327.64,0,0,64,8,74.01,10.01
2025-12-06,S01,SKU020,Household,South,317.97,0,0,83,4,80.54,2.46
2025-12-07,S01,SKU020,Household,South,320.88,0,0,79,7,78.54,0.46
2025-12-08,S01,SKU020,Household,South,322.57,0,0,68,3,73.24,5.24
2025-12-09,S01,SKU020,Household,South,320.61,0,0,73,4,73.8,0.8
2025-12-10,S01,SKU020,Household,South,320.42,0,0,79,9,74.93,4.07
2025-12-11,S01,SKU020,Household,South,326.46,0,0,70,7,74.14,4.14
2025-12-12,S01,SKU020,Household,South,323.64,0,0,79,4,74.81,4.19
2025-12-13,S01,SKU020,Household,South,313.51,0,0,78,7,79.51,1.51
2025-12-14,S01,SKU020,Household,South,316.94,0,0,83,6,80.21,2.79
2025-12-15,S01,SKU020,Household,South,326.98,0,0,76,7,74.19,1.81
2025-12-16,S01,SKU020,Household,South,320.06,0,0,70,2,74.84,4.84
2025-12-17,S01,SKU020,Household,South,314.04,0,0,77,7,73.62,3.38
2025-12-18,S01,SKU020,Household,South,326.64,0,0,83,5,74.51,8.49
2025-12-19,S01,SKU020,Household,South,326.95,0,0,89,8,75.54,13.46
2025-12-20,S01,SKU020,Household,South,322.21,0,0,87,8,81.68,5.32
2025-12-21,S01,SKU020,Household,South,323.43,0,0,80,9,81.33,1.33
2025-12-22,S01,SKU020,Household,South,318.21,0,0,82,7,75.11,6.89
2025-12-23,S01,SKU020,Household,South,321.56,0,0,72,4,75.6,3.6
2025-12-24,S01,SKU020,Household,South,323.7,0,0,70,9,77.53,7.53
2025-12-25,S01,SKU020,Household,South,291.42,1,1,118,8,100.83,17.17
2025-12-26,S01,SKU020,Household,South,320.28,0,0,74,7,73.03,0.97
2025-12-27,S01,SKU020,Household,South,320.33,0,0,90,4,83.6,6.4
2025-12-28,S01,SKU020,Household,South,330.24,0,0,84,4,79.2,4.8
2025-12-29,S01,SKU020,Household,South,326.38,0,0,80,7,75.53,4.47
2025-12-30,S01,SKU020,Household,South,326.27,0,0,69,6,74.54,5.54
2025-12-31,S01,SKU020,Household,South,326.01,0,0,83,9,75.97,7.03
2025-08-13,S02,SKU001,Beverages,West,213.99,0,0,39,3,44.57,5.57
2025-08-14,S02,SKU001,Beverages,West,220.86,0,0,45,9,44.25,0.75
2025-08-15,S02,SKU001,Beverages,West,213.06,0,1,50,4,52.4,2.4
2025-08-16,S02,SKU001,Beverages,West,222.54,0,0,51,2,47.9,3.1
2025-08-17,S02,SKU001,Beverages,West,197.18,1,0,75,2,62.43,12.57
2025-08-18,S02,SKU001,Beverages,West,224.06,0,0,41,8,44.59,3.59
2025-08-19,S02,SKU001,Beverages,West,218.89,0,0,53,6,45.32,7.68
2025-08-20,S02,SKU001,Beverages,West,227.09,0,0,46,5,45.43,0.57
2025-08-21,S02,SKU001,Beverages,West,215.26,0,0,47,2,44.88,2.12
2025-08-22,S02,SKU001,Beverages,West,220.99,0,0,51,5,45.26,5.74
2025-08-23,S02,SKU001,Beverages,West,217.73,0,0,43,8,48.29,5.29
2025-08-24,S02,SKU001,Beverages,West,223.49,0,0,48,7,47.05,0.95
2025-08-25,S02,SKU001,Beverages,West,221.05,0,0,48,8,43.77,4.23
2025-08-26,S02,SKU001,Beverages,West,219.28,0,0,44,6,44.6,0.6
2025-08-27,S02,SKU001,Beverages,West,224.24,0,0,43,7,43.76,0.76
2025-08-28,S02,SKU001,Beverages,West,219.11,0,0,46,2,43.72,2.28
2025-08-29,S02,SKU001,Beverages,West,222.05,0,0,39,2,43.9,4.9
2025-08-30,S02,SKU001,Beverages,West,216.13,0,0,48,5,47.18,0.82
2025-08-31,S02,SKU001,Beverages,West,219.25,0,0,46,9,46.73,0.73
2025-09-01,S02,SKU001,Beverages,West,219.98,0,0,42,9,42.51,0.51
2025-09-02,S02,SKU001,Beverages,West,221.4,0,0,37,5,42.88,5.88
2025-09-03,S02,SKU001,Beverages,West,221.24,0,0,38,9,42.27,4.27
2025-09-04,S02,SKU001,Beverages,West,219.2,0,0,39,8,42.1,3.1
2025-09-05,S02,SKU001,Beverages,West,221.53,0,0,50,8,42.22,7.78
2025-09-06,S02,SKU001,Beverages,West,217.87,0,0,43,4,44.8,1.8
2025-09-07,S02,SKU001,Beverages,West,202.7,1,0,58,8,60.01,2.01
2025-09-08,S02,SKU001,Beverages,West,219.78,0,0,34,9,42.13,8.13
2025-09-09,S02,SKU001,Beverages,West,221.71,0,0,45,2,42.38,2.62
2025-09-10,S02,SKU001,Beverages,West,205.27,1,0,55,2,54.94,0.06
2025-09-11,S02,SKU001,Beverages,West,214.33,0,0,56,9,42.66,13.34
2025-09-12,S02,SKU001,Beverages,West,206.25,1,0,67,7,57.47,9.53
2025-09-13,S02,SKU001,Beverages,West,214.62,0,0,44,7,47.53,3.53
2025-09-14,S02,SKU001,Beverages,West,218.77,0,0,51,3,46.64,4.36
2025-09-15,S02,SKU001,Beverages,West,216.04,0,0,42,7,43.41,1.41
2025-09-16,S02,SKU001,Beverages,West,208.13,1,0,55,8,57.56,2.56
2025-09-17,S02,SKU001,Beverages,West,219.21,0,0,44,3,43.69,0.31
2025-09-18,S02,SKU001,Beverages,West,200.88,1,0,51,4,57.35,6.35
2025-09-19,S02,SKU001,Beverages,West,214.96,0,0,45,5,43.57,1.43
2025-09-20,S02,SKU001,Beverages,West,217.45,0,0,41,7,45.05,4.05
2025-09-21,S02,SKU001,Beverages,West,223.27,0,0,51,8,46.07,4.93
2025-09-22,S02,SKU001,Beverages,West,221.27,0,0,41,6,43.26,2.26
2025-09-23,S02,SKU001,Beverages,West,217.04,0,0,38,9,43.01,5.01
2025-09-24,S02,SKU001,Beverages,West,218.78,0,0,41,8,42.96,1.96
2025-09-25,S02,SKU001,Beverages,West,225.08,0,0,41,7,42.9,1.9
2025-09-26,S02,SKU001,Beverages,West,221.27,0,0,41,9,40.24,0.76
2025-09-27,S02,SKU001,Beverages,West,226.36,0,0,42,3,45.68,3.68
2025-09-28,S02,SKU001,Beverages,West,218.53,0,0,43,5,46.12,3.12
2025-09-29,S02,SKU001,Beverages,West,216.81,0,0,41,2,41.88,0.88
2025-09-30,S02,SKU001,Beverages,West,221.1,0,0,42,2,41.81,0.19
2025-10-01,S02,SKU001,Beverages,West,222.34,0,0,43,2,43.3,0.3
2025-10-02,S02,SKU001,Beverages,West,226.42,0,1,49,7,50.84,1.84
2025-10-03,S02,SKU001,Beverages,West,221.58,0,0,50,3,43.68,6.32
2025-10-04,S02,SKU001,Beverages,West,218.91,0,0,43,4,46.29,3.29
2025-10-05,S02,SKU001,Beverages,West,218.67,0,0,35,3,46.91,11.91
2025-10-06,S02,SKU001,Beverages,West,206.52,1,0,59,9,56.53,2.47
2025-10-07,S02,SKU001,Beverages,West,222.74,0,0,31,8,43.69,12.69
2025-10-08,S02,SKU001,Beverages,West,213.86,0,0,50,9,43.42,6.58
2025-10-09,S02,SKU001,Beverages,West,218.65,0,0,43,3,43.36,0.36
2025-10-10,S02,SKU001,Beverages,West,219.76,0,0,44,2,42.46,1.54
2025-10-11,S02,SKU001,Beverages,West,219.49,0,0,50,9,44.48,5.52
2025-10-12,S02,SKU001,Beverages,West,216.41,0,0,39,5,45.02,6.02
2025-10-13,S02,SKU001,Beverages,West,205.54,1,0,53,7,54.08,1.08
2025-10-14,S02,SKU001,Beverages,West,218.39,0,0,34,3,42.37,8.37
2025-10-15,S02,SKU001,Beverages,West,222.38,0,0,40,3,42.01,2.01
2025-10-16,S02,SKU001,Beverages,West,218.22,0,0,41,7,41.86,0.86
2025-10-17,S02,SKU001,Beverages,West,218.69,0,0,41,2,42.01,1.01
2025-10-18,S02,SKU001,Beverages,West,217.5,0,0,39,6,44.77,5.77
2025-10-19,S02,SKU001,Beverages,West,221.69,0,0,44,7,43.09,0.91
2025-10-20,S02,SKU001,Beverages,West,223.98,0,0,38,7,40.74,2.74
2025-10-21,S02,SKU001,Beverages,West,199.5,1,0,49,5,52.71,3.71
2025-10-22,S02,SKU001,Beverages,West,221.27,0,0,42,7,41.13,0.87
2025-10-23,S02,SKU001,Beverages,West,217.17,0,0,34,4,41.21,7.21
2025-10-24,S02,SKU001,Beverages,West,219.97,0,0,38,7,40.44,2.44
2025-10-25,S02,SKU001,Beverages,West,217.82,0,0,59,6,43.52,15.48
2025-10-26,S02,SKU001,Beverages,West,219.32,0,0,39,6,45.01,6.01
2025-10-27,S02,SKU001,Beverages,West,222.41,0,0,39,6,41.33,2.33
2025-10-28,S02,SKU001,Beverages,West,220.04,0,0,47,3,41.16,5.84
2025-10-29,S02,SKU001,Beverages,West,222.42,0,0,48,9,41.76,6.24
2025-10-30,S02,SKU001,Beverages,West,220.82,0,0,45,3,41.88,3.12
2025-10-31,S02,SKU001,Beverages,West,204.52,1,0,53,7,54.43,1.43
2025-11-01,S02,SKU001,Beverages,West,221.38,0,0,45,6,45.9,0.9
2025-11-02,S02,SKU001,Beverages,West,202.32,1,0,62,5,57.62,4.38
2025-11-03,S02,SKU001,Beverages,West,214.66,0,0,52,6,42.97,9.03
2025-11-04,S02,SKU001,Beverages,West,219.74,0,0,48,6,43.55,4.45
2025-11-05,S02,SKU001,Beverages,West,218.88,0,0,42,5,44.27,2.27
2025-11-06,S02,SKU001,Beverages,West,219.79,0,0,41,5,44.21,3.21
2025-11-07,S02,SKU001,Beverages,West,223.47,0,0,39,4,43.91,4.91
2025-11-08,S02,SKU001,Beverages,West,220.61,0,0,46,7,46.55,0.55
2025-11-09,S02,SKU001,Beverages,West,222.09,0,0,39,9,45.87,6.87
2025-11-10,S02,SKU001,Beverages,West,222.43,0,0,39,5,43.43,4.43
2025-11-11,S02,SKU001,Beverages,West,221.66,0,0,43,6,42.49,0.51
2025-11-12,S02,SKU001,Beverages,West,225.86,0,0,46,3,43.04,2.96
2025-11-13,S02,SKU001,Beverages,West,221.45,0,0,49,3,43.24,5.76
2025-11-14,S02,SKU001,Beverages,West,224.19,0,0,36,7,43.14,7.14
2025-11-15,S02,SKU001,Beverages,West,219.19,0,0,46,2,46.94,0.94
2025-11-16,S02,SKU001,Beverages,West,218.9,0,0,43,9,45.77,2.77
2025-11-17,S02,SKU001,Beverages,West,222.46,0,0,44,6,43.41,0.59
2025-11-18,S02,SKU001,Beverages,West,217.02,0,0,42,6,43.91,1.91
2025-11-19,S02,SKU001,Beverages,West,213.52,0,0,44,5,43.47,0.53
2025-11-20,S02,SKU001,Beverages,West,216.19,0,0,47,9,43.19,3.81
2025-11-21,S02,SKU001,Beverages,West,219.57,0,0,48,9,43.37,4.63
2025-11-22,S02,SKU001,Beverages,West,220.02,0,0,46,8,47.76,1.76
2025-11-23,S02,SKU001,Beverages,West,225.11,0,0,48,6,46.61,1.39
2025-11-24,S02,SKU001,Beverages,West,221.13,0,0,43,4,44.67,1.67
2025-11-25,S02,SKU001,Beverages,West,222.99,0,0,38,3,45.21,7.21
2025-11-26,S02,SKU001,Beverages,West,213.27,0,0,46,4,44.39,1.61
2025-11-27,S02,SKU001,Beverages,West,198.26,1,0,74,9,59.93,14.07
2025-11-28,S02,SKU001,Beverages,West,219.73,0,0,40,2,45.2,5.2
2025-11-29,S02,SKU001,Beverages,West,218.73,0,0,40,3,48.93,8.93
2025-11-30,S02,SKU001,Beverages,West,199.78,1,0,67,3,64.17,2.83
2025-12-01,S02,SKU001,Beverages,West,199.46,1,0,69,5,63.0,6.0
2025-12-02,S02,SKU001,Beverages,West,220.24,0,0,46,7,45.17,0.83
2025-12-03,S02,SKU001,Beverages,West,227.39,0,0,43,2,46.28,3.28
2025-12-04,S02,SKU001,Beverages,West,215.66,0,0,52,8,45.02,6.98
2025-12-05,S02,SKU001,Beverages,West,220.33,0,0,49,2,46.42,2.58
2025-12-06,S02,SKU001,Beverages,West,222.04,0,0,54,5,50.2,3.8
2025-12-07,S02,SKU001,Beverages,West,218.75,0,0,51,6,50.21,0.79
2025-12-08,S02,SKU001,Beverages,West,217.8,0,0,53,8,46.28,6.72
2025-12-09,S02,SKU001,Beverages,West,217.73,0,0,56,4,47.03,8.97
2025-12-10,S02,SKU001,Beverages,West,222.28,0,0,48,9,47.5,0.5
2025-12-11,S02,SKU001,Beverages,West,222.83,0,0,44,4,47.88,3.88
2025-12-12,S02,SKU001,Beverages,West,223.28,0,0,51,7,47.17,3.83
2025-12-13,S02,SKU001,Beverages,West,221.5,0,0,53,8,52.56,0.44
2025-12-14,S02,SKU001,Beverages,West,215.78,0,0,55,2,53.27,1.73
2025-12-15,S02,SKU001,Beverages,West,222.8,0,0,45,7,49.09,4.09
2025-12-16,S02,SKU001,Beverages,West,226.56,0,0,64,3,48.78,15.22
2025-12-17,S02,SKU001,Beverages,West,214.82,0,0,43,7,48.74,5.74
2025-12-18,S02,SKU001,Beverages,West,226.85,0,0,53,5,49.37,3.63
2025-12-19,S02,SKU001,Beverages,West,216.85,0,0,48,5,49.62,1.62
2025-12-20,S02,SKU001,Beverages,West,218.25,0,0,56,2,54.13,1.87
2025-12-21,S02,SKU001,Beverages,West,220.23,0,0,52,3,54.81,2.81
2025-12-22,S02,SKU001,Beverages,West,217.32,0,0,55,4,49.54,5.45
2025-12-23,S02,SKU001,Beverages,West,220.46,0,0,50,2,49.69,0.31
2025-12-24,S02,SKU001,Beverages,West,223.66,0,0,50,8,50.18,0.18
2025-12-25,S02,SKU001,Beverages,West,225.62,0,1,64,8,58.84,5.16
2025-12-26,S02,SKU001,Beverages,West,216.38,0,0,50,4,48.91,1.09
2025-12-27,S02,SKU001,Beverages,West,224.95,0,0,51,3,55.77,4.77
2025-12-28,S02,SKU001,Beverages,West,219.6,0,0,49,6,56.76,7.76
2025-12-29,S02,SKU001,Beverages,West,215.69,0,0,57,6,50.84,6.16
2025-12-30,S02,SKU001,Beverages,West,198.46,1,0,68,7,68.79,0.79
2025-12-31,S02,SKU001,Beverages,West,201.67,1,0,68,9,69.47,1.47
2025-08-13,S02,SKU002,Snacks,West,114.81,0,0,43,5,45.84,2.84
2025-08-14,S02,SKU002,Snacks,West,113.31,1,0,64,3,62.98,1.02
2025-08-15,S02,SKU002,Snacks,West,117.59,0,1,65,9,53.37,11.63
2025-08-16,S02,SKU002,Snacks,West,118.37,0,0,58,5,51.47,6.53
2025-08-17,S02,SKU002,Snacks,West,117.89,0,0,44,8,51.25,7.25
2025-08-18,S02,SKU002,Snacks,West,115.95,0,0,49,7,48.28,0.72
2025-08-19,S02,SKU002,Snacks,West,108.17,1,0,61,7,63.66,2.66
2025-08-20,S02,SKU002,Snacks,West,115.43,0,0,39,6,48.33,9.33
2025-08-21,S02,SKU002,Snacks,West,118.16,0,0,49,6,46.56,2.44
2025-08-22,S02,SKU002,Snacks,West,110.55,1,0,58,6,64.29,6.29
2025-08-23,S02,SKU002,Snacks,West,119.39,0,0,45,9,50.86,5.86
2025-08-24,S02,SKU002,Snacks,West,118.78,0,0,51,9,51.44,0.44
2025-08-25,S02,SKU002,Snacks,West,117.62,0,0,45,9,47.09,2.09
2025-08-26,S02,SKU002,Snacks,West,116.32,0,0,46,9,46.67,0.67
2025-08-27,S02,SKU002,Snacks,West,119.2,0,0,36,2,46.01,10.01
2025-08-28,S02,SKU002,Snacks,West,118.42,0,0,44,5,44.8,0.8
2025-08-29,S02,SKU002,Snacks,West,117.49,0,0,47,7,43.6,3.4
2025-08-30,S02,SKU002,Snacks,West,116.32,0,0,50,3,48.04,1.96
2025-08-31,S02,SKU002,Snacks,West,105.49,1,0,61,9,61.77,0.77
2025-09-01,S02,SKU002,Snacks,West,121.42,0,0,43,9,45.09,2.09
2025-09-02,S02,SKU002,Snacks,West,117.05,0,0,46,4,43.81,2.19
2025-09-03,S02,SKU002,Snacks,West,115.16,0,0,46,3,44.91,1.09
2025-09-04,S02,SKU002,Snacks,West,117.67,0,0,38,7,46.1,8.1
2025-09-05,S02,SKU002,Snacks,West,117.15,0,0,47,9,45.01,1.99
2025-09-06,S02,SKU002,Snacks,West,120.96,0,0,49,6,47.73,1.27
2025-09-07,S02,SKU002,Snacks,West,119.0,0,0,51,6,48.6,2.4
2025-09-08,S02,SKU002,Snacks,West,108.7,1,0,55,7,58.8,3.8
2025-09-09,S02,SKU002,Snacks,West,117.45,0,0,44,3,44.7,0.7
2025-09-10,S02,SKU002,Snacks,West,116.13,0,0,44,5,45.0,1.0
2025-09-11,S02,SKU002,Snacks,West,118.24,0,0,47,5,44.82,2.18
2025-09-12,S02,SKU002,Snacks,West,119.45,0,0,37,2,44.97,7.97
2025-09-13,S02,SKU002,Snacks,West,115.95,0,0,53,5,47.88,5.12
2025-09-14,S02,SKU002,Snacks,West,119.26,0,0,55,4,46.26,8.74
2025-09-15,S02,SKU002,Snacks,West,117.3,0,0,38,5,43.82,5.82
2025-09-16,S02,SKU002,Snacks,West,117.79,0,0,38,2,43.33,5.33
2025-09-17,S02,SKU002,Snacks,West,120.24,0,0,52,8,42.52,9.48
2025-09-18,S02,SKU002,Snacks,West,118.37,0,0,43,9,43.18,0.18
2025-09-19,S02,SKU002,Snacks,West,116.41,0,0,38,9,43.15,5.15
2025-09-20,S02,SKU002,Snacks,West,115.17,0,0,41,9,46.35,5.35
2025-09-21,S02,SKU002,Snacks,West,117.44,0,0,48,2,46.39,1.61
2025-09-22,S02,SKU002,Snacks,West,108.63,1,0,64,6,56.03,7.97
2025-09-23,S02,SKU002,Snacks,West,117.66,0,0,47,2,42.36,4.64
2025-09-24,S02,SKU002,Snacks,West,118.6,0,0,46,9,42.99,3.01
2025-09-25,S02,SKU002,Snacks,West,118.67,0,0,43,5,43.65,0.65
2025-09-26,S02,SKU002,Snacks,West,116.9,0,0,35,7,43.3,8.3
2025-09-27,S02,SKU002,Snacks,West,109.62,1,0,52,2,61.77,9.77
2025-09-28,S02,SKU002,Snacks,West,117.67,0,0,46,5,46.8,0.8
2025-09-29,S02,SKU002,Snacks,West,117.73,0,0,45,9,43.63,1.37
2025-09-30,S02,SKU002,Snacks,West,115.55,0,0,37,9,43.35,6.35
2025-10-01,S02,SKU002,Snacks,West,118.89,0,0,43,4,43.82,0.82
2025-10-02,S02,SKU002,Snacks,West,118.49,0,1,54,8,49.79,4.21
2025-10-03,S02,SKU002,Snacks,West,120.46,0,0,50,6,43.7,6.3
2025-10-04,S02,SKU002,Snacks,West,118.8,0,0,48,8,46.24,1.76
2025-10-05,S02,SKU002,Snacks,West,116.86,0,0,46,6,47.26,1.26
2025-10-06,S02,SKU002,Snacks,West,118.81,0,0,52,5,43.98,8.02
2025-10-07,S02,SKU002,Snacks,West,115.45,0,0,50,6,44.19,5.81
2025-10-08,S02,SKU002,Snacks,West,120.59,0,0,49,3,44.66,4.34
2025-10-09,S02,SKU002,Snacks,West,118.69,0,0,43,5,44.38,1.38
2025-10-10,S02,SKU002,Snacks,West,117.24,0,0,45,9,44.22,0.78
2025-10-11,S02,SKU002,Snacks,West,119.89,0,0,41,5,47.49,6.49
2025-10-12,S02,SKU002,Snacks,West,107.93,1,0,57,8,62.76,5.76
2025-10-13,S02,SKU002,Snacks,West,110.98,1,0,64,7,58.85,5.15
2025-10-14,S02,SKU002,Snacks,West,118.02,0,0,51,6,42.56,8.44
2025-10-15,S02,SKU002,Snacks,West,117.53,0,0,44,6,45.92,1.92
2025-10-16,S02,SKU002,Snacks,West,120.9,0,0,50,9,45.24,4.76
2025-10-17,S02,SKU002,Snacks,West,116.57,0,0,40,9,45.84,5.84
2025-10-18,S02,SKU002,Snacks,West,117.09,0,0,50,9,49.68,0.32
2025-10-19,S02,SKU002,Snacks,West,118.36,0,0,51,8,49.8,1.2
2025-10-20,S02,SKU002,Snacks,West,116.73,0,0,48,2,45.47,2.53
2025-10-21,S02,SKU002,Snacks,West,120.59,0,0,42,4,45.65,3.65
2025-10-22,S02,SKU002,Snacks,West,120.72,0,0,46,8,44.56,1.44
2025-10-23,S02,SKU002,Snacks,West,114.61,0,0,47,5,44.28,2.72
2025-10-24,S02,SKU002,Snacks,West,117.84,0,0,43,9,44.49,1.49
2025-10-25,S02,SKU002,Snacks,West,118.17,0,0,41,3,48.5,7.5
2025-10-26,S02,SKU002,Snacks,West,117.25,0,0,50,5,48.19,1.81
2025-10-27,S02,SKU002,Snacks,West,118.35,0,0,44,3,45.19,1.19
2025-10-28,S02,SKU002,Snacks,West,118.74,0,0,48,2,44.25,3.75
2025-10-29,S02,SKU002,Snacks,West,119.54,0,0,46,4,45.61,0.39
2025-10-30,S02,SKU002,Snacks,West,117.88,0,0,47,8,45.89,1.11
2025-10-31,S02,SKU002,Snacks,West,105.62,1,0,60,8,59.53,0.47
2025-11-01,S02,SKU002,Snacks,West,116.59,0,0,52,8,50.49,1.51
2025-11-02,S02,SKU002,Snacks,West,117.96,0,0,43,8,50.98,7.98
2025-11-03,S02,SKU002,Snacks,West,117.3,0,0,48,9,46.59,1.41
2025-11-04,S02,SKU002,Snacks,West,115.18,0,0,50,7,46.88,3.12
2025-11-05,S02,SKU002,Snacks,West,106.21,1,0,52,5,62.14,10.14
2025-11-06,S02,SKU002,Snacks,West,117.21,0,0,45,8,46.85,1.85
2025-11-07,S02,SKU002,Snacks,West,114.46,0,0,45,3,46.56,1.56
2025-11-08,S02,SKU002,Snacks,West,108.89,1,0,73,2,63.19,9.81
2025-11-09,S02,SKU002,Snacks,West,117.89,0,0,45,2,53.54,8.54
2025-11-10,S02,SKU002,Snacks,West,119.41,0,0,49,4,47.36,1.64
2025-11-11,S02,SKU002,Snacks,West,118.73,0,0,47,4,46.98,0.02
2025-11-12,S02,SKU002,Snacks,West,116.66,0,0,53,7,47.02,5.98
2025-11-13,S02,SKU002,Snacks,West,114.67,0,0,47,2,47.4,0.4
2025-11-14,S02,SKU002,Snacks,West,116.26,0,0,44,3,46.49,2.49
2025-11-15,S02,SKU002,Snacks,West,106.78,1,0,66,5,64.69,1.31
2025-11-16,S02,SKU002,Snacks,West,117.04,0,0,51,8,51.68,0.68
2025-11-17,S02,SKU002,Snacks,West,118.41,0,0,44,2,48.45,4.45
2025-11-18,S02,SKU002,Snacks,West,117.8,0,0,39,3,47.99,8.99
2025-11-19,S02,SKU002,Snacks,West,117.2,0,0,51,6,48.68,2.32
2025-11-20,S02,SKU002,Snacks,West,117.49,0,0,43,3,48.2,5.2
2025-11-21,S02,SKU002,Snacks,West,119.62,0,0,57,7,47.73,9.27
2025-11-22,S02,SKU002,Snacks,West,115.53,0,0,46,7,51.44,5.44
2025-11-23,S02,SKU002,Snacks,West,118.43,0,0,47,5,51.51,4.51
2025-11-24,S02,SKU002,Snacks,West,116.67,0,0,47,5,48.0,1.0
2025-11-25,S02,SKU002,Snacks,West,120.41,0,0,40,5,47.84,7.84
2025-11-26,S02,SKU002,Snacks,West,116.3,0,0,47,5,48.63,1.63
2025-11-27,S02,SKU002,Snacks,West,119.13,0,0,53,7,48.02,4.98
2025-11-28,S02,SKU002,Snacks,West,118.49,0,0,44,9,48.31,4.31
2025-11-29,S02,SKU002,Snacks,West,109.57,1,0,72,9,66.98,5.02
2025-11-30,S02,SKU002,Snacks,West,117.34,0,0,55,7,54.34,0.66
2025-12-01,S02,SKU002,Snacks,West,120.09,0,0,55,8,48.7,6.3
2025-12-02,S02,SKU002,Snacks,West,118.62,0,0,55,4,49.37,5.63
2025-12-03,S02,SKU002,Snacks,West,118.15,0,0,49,7,49.92,0.92
2025-12-04,S02,SKU002,Snacks,West,106.58,1,0,72,3,65.57,6.43
2025-12-05,S02,SKU002,Snacks,West,109.06,1,0,62,4,65.9,3.9
2025-12-06,S02,SKU002,Snacks,West,117.61,0,0,46,5,54.21,8.21
2025-12-07,S02,SKU002,Snacks,West,116.79,0,0,57,7,54.98,2.02
2025-12-08,S02,SKU002,Snacks,West,117.89,0,0,45,5,51.15,6.15
2025-12-09,S02,SKU002,Snacks,West,118.26,0,0,52,5,49.78,2.22
2025-12-10,S02,SKU002,Snacks,West,117.48,0,0,56,5,50.66,5.34
2025-12-11,S02,SKU002,Snacks,West,106.99,1,0,69,4,65.71,3.29
2025-12-12,S02,SKU002,Snacks,West,118.09,0,0,49,4,49.49,0.49
2025-12-13,S02,SKU002,Snacks,West,120.62,0,0,49,5,55.97,6.97
2025-12-14,S02,SKU002,Snacks,West,118.27,0,0,48,9,56.33,8.33
2025-12-15,S02,SKU002,Snacks,West,116.62,0,0,49,3,50.97,1.97
2025-12-16,S02,SKU002,Snacks,West,117.72,0,0,51,9,51.16,0.16
2025-12-17,S02,SKU002,Snacks,West,119.63,0,0,52,4,51.12,0.88
2025-12-18,S02,SKU002,Snacks,West,118.23,0,0,50,9,50.02,0.02
2025-12-19,S02,SKU002,Snacks,West,119.58,0,0,53,6,51.77,1.23
2025-12-20,S02,SKU002,Snacks,West,118.85,0,0,58,9,54.92,3.08
2025-12-21,S02,SKU002,Snacks,West,114.68,0,0,57,5,55.99,1.01
2025-12-22,S02,SKU002,Snacks,West,119.62,0,0,55,8,51.95,3.05
2025-12-23,S02,SKU002,Snacks,West,110.02,1,0,70,2,68.81,1.19
2025-12-24,S02,SKU002,Snacks,West,120.9,0,0,43,5,54.39,11.39
2025-12-25,S02,SKU002,Snacks,West,119.38,0,1,59,4,59.82,0.82
2025-12-26,S02,SKU002,Snacks,West,115.25,0,0,49,3,54.73,5.73
2025-12-27,S02,SKU002,Snacks,West,119.61,0,0,53,9,57.62,4.62
2025-12-28,S02,SKU002,Snacks,West,118.04,0,0,60,8,58.28,1.72
2025-12-29,S02,SKU002,Snacks,West,108.9,1,0,72,5,72.09,0.09
2025-12-30,S02,SKU002,Snacks,West,120.58,0,0,49,9,54.13,5.13
2025-12-31,S02,SKU002,Snacks,West,115.65,0,0,59,2,53.12,5.88
2025-08-13,S02,SKU003,Personal Care,West,327.8,0,0,64,5,59.07,4.93
2025-08-14,S02,SKU003,Personal Care,West,330.18,0,0,57,3,58.98,1.98
2025-08-15,S02,SKU003,Personal Care,West,327.08,0,1,73,8,67.39,5.61
2025-08-16,S02,SKU003,Personal Care,West,334.02,0,0,54,8,64.5,10.5
2025-08-17,S02,SKU003,Personal Care,West,334.65,0,0,69,6,63.4,5.6
2025-08-18,S02,SKU003,Personal Care,West,305.36,1,0,63,6,77.31,14.31
2025-08-19,S02,SKU003,Personal Care,West,326.23,0,0,55,6,58.89,3.89
2025-08-20,S02,SKU003,Personal Care,West,327.83,0,0,54,2,58.44,4.44
2025-08-21,S02,SKU003,Personal Care,West,329.48,0,0,61,8,58.02,2.98
2025-08-22,S02,SKU003,Personal Care,West,324.85,0,0,55,7,57.25,2.25
2025-08-23,S02,SKU003,Personal Care,West,326.75,0,0,60,7,62.19,2.19
2025-08-24,S02,SKU003,Personal Care,West,330.04,0,0,68,2,61.98,6.02
2025-08-25,S02,SKU003,Personal Care,West,330.96,0,0,48,2,57.27,9.27
2025-08-26,S02,SKU003,Personal Care,West,326.15,0,0,61,4,57.0,4.0
2025-08-27,S02,SKU003,Personal Care,West,329.54,0,0,66,2,57.35,8.65
2025-08-28,S02,SKU003,Personal Care,West,346.36,0,0,51,9,56.89,5.89
2025-08-29,S02,SKU003,Personal Care,West,328.18,0,0,51,2,56.31,5.31
2025-08-30,S02,SKU003,Personal Care,West,327.68,0,0,62,7,59.98,2.02
2025-08-31,S02,SKU003,Personal Care,West,310.44,1,0,80,9,80.44,0.44
2025-09-01,S02,SKU003,Personal Care,West,302.69,1,0,71,6,73.79,2.79
2025-09-02,S02,SKU003,Personal Care,West,343.04,0,0,57,7,57.14,0.14
2025-09-03,S02,SKU003,Personal Care,West,317.6,0,0,68,3,56.14,11.86
2025-09-04,S02,SKU003,Personal Care,West,326.02,0,0,54,4,56.5,2.5
2025-09-05,S02,SKU003,Personal Care,West,338.52,0,0,53,7,55.61,2.61
2025-09-06,S02,SKU003,Personal Care,West,328.34,0,0,57,3,60.12,3.12
2025-09-07,S02,SKU003,Personal Care,West,330.42,0,0,63,3,59.69,3.31
2025-09-08,S02,SKU003,Personal Care,West,307.09,1,0,72,9,74.45,2.45
2025-09-09,S02,SKU003,Personal Care,West,327.23,0,0,55,7,57.32,2.32
2025-09-10,S02,SKU003,Personal Care,West,333.78,0,0,54,3,56.33,2.33
2025-09-11,S02,SKU003,Personal Care,West,323.91,0,0,70,2,55.71,14.29
2025-09-12,S02,SKU003,Personal Care,West,329.38,0,0,58,7,57.16,0.84
2025-09-13,S02,SKU003,Personal Care,West,332.07,0,0,55,4,59.98,4.98
2025-09-14,S02,SKU003,Personal Care,West,322.44,0,0,61,2,59.95,1.05
2025-09-15,S02,SKU003,Personal Care,West,327.02,0,0,56,5,56.05,0.05
2025-09-16,S02,SKU003,Personal Care,West,324.04,0,0,54,8,55.5,1.5
2025-09-17,S02,SKU003,Personal Care,West,327.08,0,0,58,5,55.45,2.55
2025-09-18,S02,SKU003,Personal Care,West,321.95,0,0,55,3,55.56,0.56
2025-09-19,S02,SKU003,Personal Care,West,339.41,0,0,58,3,55.85,2.15
2025-09-20,S02,SKU003,Personal Care,West,330.51,0,0,61,6,60.87,0.13
2025-09-21,S02,SKU003,Personal Care,West,332.42,0,0,51,7,60.87,9.87
2025-09-22,S02,SKU003,Personal Care,West,300.04,1,0,72,3,72.73,0.73
2025-09-23,S02,SKU003,Personal Care,West,333.56,0,0,54,5,56.19,2.19
2025-09-24,S02,SKU003,Personal Care,West,333.24,0,0,63,4,56.05,6.95
2025-09-25,S02,SKU003,Personal Care,West,331.77,0,0,49,9,55.15,6.15
2025-09-26,S02,SKU003,Personal Care,West,318.88,0,0,62,9,55.12,6.88
2025-09-27,S02,SKU003,Personal Care,West,332.06,0,0,59,6,60.33,1.33
2025-09-28,S02,SKU003,Personal Care,West,329.06,0,0,60,4,61.18,1.18
2025-09-29,S02,SKU003,Personal Care,West,305.8,1,0,70,6,72.74,2.74
2025-09-30,S02,SKU003,Personal Care,West,334.66,0,0,60,6,55.54,4.46
2025-10-01,S02,SKU003,Personal Care,West,329.67,0,0,43,2,56.61,13.61
2025-10-02,S02,SKU003,Personal Care,West,338.97,0,1,68,7,62.58,5.42
2025-10-03,S02,SKU003,Personal Care,West,327.64,0,0,57,2,55.45,1.55
2025-10-04,S02,SKU003,Personal Care,West,337.53,0,0,60,5,60.94,0.94
2025-10-05,S02,SKU003,Personal Care,West,302.06,1,0,72,4,79.34,7.34
2025-10-06,S02,SKU003,Personal Care,West,327.85,0,0,56,7,56.29,0.29
2025-10-07,S02,SKU003,Personal Care,West,329.15,0,0,54,3,56.0,2.0
2025-10-08,S02,SKU003,Personal Care,West,340.36,0,0,45,4,55.63,10.63
2025-10-09,S02,SKU003,Personal Care,West,327.33,0,0,53,9,55.01,2.01
2025-10-10,S02,SKU003,Personal Care,West,330.09,0,0,54,7,55.75,1.75
2025-10-11,S02,SKU003,Personal Care,West,324.37,0,0,65,3,58.75,6.25
2025-10-12,S02,SKU003,Personal Care,West,324.48,0,0,61,9,59.18,1.82
2025-10-13,S02,SKU003,Personal Care,West,330.6,0,0,57,8,55.4,1.6
2025-10-14,S02,SKU003,Personal Care,West,333.22,0,0,59,8,55.59,3.41
2025-10-15,S02,SKU003,Personal Care,West,329.63,0,0,56,7,55.74,0.26
2025-10-16,S02,SKU003,Personal Care,West,294.37,1,0,67,3,71.76,4.76
2025-10-17,S02,SKU003,Personal Care,West,326.56,0,0,57,9,55.96,1.04
2025-10-18,S02,SKU003,Personal Care,West,331.83,0,0,63,2,60.22,2.78
2025-10-19,S02,SKU003,Personal Care,West,317.48,0,0,52,5,60.7,8.7
2025-10-20,S02,SKU003,Personal Care,West,331.37,0,0,60,9,56.27,3.73
2025-10-21,S02,SKU003,Personal Care,West,329.92,0,0,58,8,56.52,1.48
2025-10-22,S02,SKU003,Personal Care,West,334.14,0,0,55,7,56.29,1.29
2025-10-23,S02,SKU003,Personal Care,West,330.42,0,0,53,2,55.36,2.36
2025-10-24,S02,SKU003,Personal Care,West,333.48,0,0,55,5,57.18,2.18
2025-10-25,S02,SKU003,Personal Care,West,328.45,0,0,71,2,60.85,10.15
2025-10-26,S02,SKU003,Personal Care,West,326.51,0,0,46,4,61.15,15.15
2025-10-27,S02,SKU003,Personal Care,West,332.43,0,0,57,7,56.94,0.06
2025-10-28,S02,SKU003,Personal Care,West,329.45,0,0,55,8,56.13,1.13
2025-10-29,S02,SKU003,Personal Care,West,328.66,0,0,57,9,55.7,1.3
2025-10-30,S02,SKU003,Personal Care,West,327.05,0,0,58,7,56.18,1.82
2025-10-31,S02,SKU003,Personal Care,West,324.89,0,0,57,3,56.13,0.87
2025-11-01,S02,SKU003,Personal Care,West,325.81,0,0,67,5,60.8,6.2
2025-11-02,S02,SKU003,Personal Care,West,329.68,0,0,68,5,60.56,7.44
2025-11-03,S02,SKU003,Personal Care,West,330.56,0,0,56,8,56.43,0.43
2025-11-04,S02,SKU003,Personal Care,West,332.64,0,0,54,9,56.89,2.89
2025-11-05,S02,SKU003,Personal Care,West,324.84,0,0,62,7,56.57,5.43
2025-11-06,S02,SKU003,Personal Care,West,330.71,0,0,61,4,57.27,3.73
2025-11-07,S02,SKU003,Personal Care,West,326.2,0,0,59,3,58.07,0.93
2025-11-08,S02,SKU003,Personal Care,West,329.36,0,0,56,4,62.7,6.7
2025-11-09,S02,SKU003,Personal Care,West,328.71,0,0,64,4,60.77,3.23
2025-11-10,S02,SKU003,Personal Care,West,333.11,0,0,64,7,58.48,5.52
2025-11-11,S02,SKU003,Personal Care,West,333.13,0,0,61,8,58.43,2.57
2025-11-12,S02,SKU003,Personal Care,West,333.74,0,0,47,6,58.64,11.64
2025-11-13,S02,SKU003,Personal Care,West,326.46,0,0,60,4,57.78,2.22
2025-11-14,S02,SKU003,Personal Care,West,328.59,0,0,62,3,58.34,3.66
2025-11-15,S02,SKU003,Personal Care,West,319.66,0,0,62,5,63.56,1.56
2025-11-16,S02,SKU003,Personal Care,West,331.13,0,0,60,9,63.05,3.05
2025-11-17,S02,SKU003,Personal Care,West,339.48,0,0,65,5,58.33,6.67
2025-11-18,S02,SKU003,Personal Care,West,336.26,0,0,68,6,58.72,9.28
2025-11-19,S02,SKU003,Personal Care,West,328.34,0,0,63,2,59.12,3.88
2025-11-20,S02,SKU003,Personal Care,West,338.49,0,0,58,9,59.67,1.67
2025-11-21,S02,SKU003,Personal Care,West,333.88,0,0,51,7,59.4,8.4
2025-11-22,S02,SKU003,Personal Care,West,325.28,0,0,71,4,62.82,8.18
2025-11-23,S02,SKU003,Personal Care,West,305.39,1,0,82,5,81.19,0.81
2025-11-24,S02,SKU003,Personal Care,West,328.46,0,0,64,6,61.36,2.64
2025-11-25,S02,SKU003,Personal Care,West,331.7,0,0,59,9,61.44,2.44
2025-11-26,S02,SKU003,Personal Care,West,324.39,0,0,63,5,60.11,2.89
2025-11-27,S02,SKU003,Personal Care,West,328.28,0,0,66,4,61.38,4.62
2025-11-28,S02,SKU003,Personal Care,West,327.44,0,0,55,2,61.67,6.67
2025-11-29,S02,SKU003,Personal Care,West,330.41,0,0,71,9,65.66,5.34
2025-11-30,S02,SKU003,Personal Care,West,334.26,0,0,57,2,65.75,8.75
2025-12-01,S02,SKU003,Personal Care,West,326.56,0,0,70,8,60.67,9.33
2025-12-02,S02,SKU003,Personal Care,West,327.53,0,0,71,8,61.65,9.35
2025-12-03,S02,SKU003,Personal Care,West,323.54,0,0,53,8,63.24,10.24
2025-12-04,S02,SKU003,Personal Care,West,310.43,1,0,79,8,79.94,0.94
2025-12-05,S02,SKU003,Personal Care,West,335.92,0,0,67,2,62.52,4.48
2025-12-06,S02,SKU003,Personal Care,West,295.25,1,0,97,7,88.7,8.3
2025-12-07,S02,SKU003,Personal Care,West,324.37,0,0,69,8,68.14,0.86
2025-12-08,S02,SKU003,Personal Care,West,324.7,0,0,70,2,64.47,5.53
2025-12-09,S02,SKU003,Personal Care,West,331.76,0,0,62,3,64.03,2.03
2025-12-10,S02,SKU003,Personal Care,West,324.29,0,0,74,7,64.16,9.84
2025-12-11,S02,SKU003,Personal Care,West,326.08,0,0,72,3,65.54,6.46
2025-12-12,S02,SKU003,Personal Care,West,337.18,0,0,66,8,66.12,0.12
2025-12-13,S02,SKU003,Personal Care,West,327.52,0,0,88,6,72.43,15.57
2025-12-14,S02,SKU003,Personal Care,West,328.06,0,0,65,4,71.53,6.53
2025-12-15,S02,SKU003,Personal Care,West,323.76,0,0,61,7,66.05,5.05
2025-12-16,S02,SKU003,Personal Care,West,331.2,0,0,65,4,66.87,1.87
2025-12-17,S02,SKU003,Personal Care,West,337.65,0,0,71,5,66.83,4.17
2025-12-18,S02,SKU003,Personal Care,West,327.96,0,0,71,4,66.57,4.43
2025-12-19,S02,SKU003,Personal Care,West,336.62,0,0,61,8,66.61,5.61
2025-12-20,S02,SKU003,Personal Care,West,343.65,0,0,75,3,71.71,3.29
2025-12-21,S02,SKU003,Personal Care,West,297.43,1,0,97,5,93.92,3.08
2025-12-22,S02,SKU003,Personal Care,West,304.06,1,0,85,9,90.36,5.36
2025-12-23,S02,SKU003,Personal Care,West,336.22,0,0,64,4,68.75,4.75
2025-12-24,S02,SKU003,Personal Care,West,305.67,1,0,90,4,90.31,0.31
2025-12-25,S02,SKU003,Personal Care,West,331.53,0,1,88,3,82.58,5.42
2025-12-26,S02,SKU003,Personal Care,West,329.36,0,0,75,3,71.69,3.31
2025-12-27,S02,SKU003,Personal Care,West,330.42,0,0,74,4,78.12,4.12
2025-12-28,S02,SKU003,Personal Care,West,325.92,0,0,76,2,76.95,0.95
2025-12-29,S02,SKU003,Personal Care,West,332.98,0,0,70,5,71.13,1.13
2025-12-30,S02,SKU003,Personal Care,West,331.41,0,0,67,2,72.29,5.29
2025-12-31,S02,SKU003,Personal Care,West,327.72,0,0,65,7,72.3,7.3
2025-08-13,S02,SKU004,Household,West,152.04,0,0,18,8,20.07,2.07
2025-08-14,S02,SKU004,Household,West,161.48,0,0,20,8,19.72,0.28
2025-08-15,S02,SKU004,Household,West,156.51,0,1,24,3,25.87,1.87
2025-08-16,S02,SKU004,Household,West,146.42,1,0,28,6,28.87,0.87
2025-08-17,S02,SKU004,Household,West,155.25,0,0,18,3,21.99,3.99
2025-08-18,S02,SKU004,Household,West,159.45,0,0,15,6,19.54,4.54
2025-08-19,S02,SKU004,Household,West,157.4,0,0,21,6,19.46,1.54
2025-08-20,S02,SKU004,Household,West,143.9,1,0,37,5,26.43,10.57
2025-08-21,S02,SKU004,Household,West,144.18,1,0,30,8,26.92,3.08
2025-08-22,S02,SKU004,Household,West,155.74,0,0,24,3,20.9,3.1
2025-08-23,S02,SKU004,Household,West,153.67,0,0,22,8,22.65,0.65
2025-08-24,S02,SKU004,Household,West,162.2,0,0,19,6,21.15,2.15
2025-08-25,S02,SKU004,Household,West,153.29,0,0,21,9,20.9,0.1
2025-08-26,S02,SKU004,Household,West,155.45,0,0,18,7,20.05,2.05
2025-08-27,S02,SKU004,Household,West,155.82,0,0,19,6,20.01,1.01
2025-08-28,S02,SKU004,Household,West,157.98,0,0,5,6,19.61,14.61
2025-08-29,S02,SKU004,Household,West,158.14,0,0,22,7,19.81,2.19
2025-08-30,S02,SKU004,Household,West,157.75,0,0,14,4,21.01,7.01
2025-08-31,S02,SKU004,Household,West,157.44,0,0,22,5,20.43,1.57
2025-09-01,S02,SKU004,Household,West,156.41,0,0,18,5,19.91,1.91
2025-09-02,S02,SKU004,Household,West,155.9,0,0,14,5,19.64,5.64
2025-09-03,S02,SKU004,Household,West,156.23,0,0,8,2,19.43,11.43
2025-09-04,S02,SKU004,Household,West,154.09,0,0,18,7,17.1,0.9
2025-09-05,S02,SKU004,Household,West,156.15,0,0,23,7,18.9,4.1
2025-09-06,S02,SKU004,Household,West,153.82,0,0,21,8,18.57,2.43
2025-09-07,S02,SKU004,Household,West,144.2,1,0,30,3,27.33,2.67
2025-09-08,S02,SKU004,Household,West,158.15,0,0,19,9,17.78,1.22
2025-09-09,S02,SKU004,Household,West,157.93,0,0,27,6,18.95,8.05
2025-09-10,S02,SKU004,Household,West,155.31,0,0,21,4,19.98,1.02
2025-09-11,S02,SKU004,Household,West,141.36,1,0,23,3,27.24,4.24
2025-09-12,S02,SKU004,Household,West,154.78,0,0,20,2,19.67,0.33
2025-09-13,S02,SKU004,Household,West,142.94,1,0,28,9,27.25,0.75
2025-09-14,S02,SKU004,Household,West,153.23,0,0,12,5,20.7,8.7
2025-09-15,S02,SKU004,Household,West,157.28,0,0,18,2,18.87,0.87
2025-09-16,S02,SKU004,Household,West,160.54,0,0,20,5,19.26,0.74
2025-09-17,S02,SKU004,Household,West,153.55,0,0,28,8,20.29,7.71
2025-09-18,S02,SKU004,Household,West,154.16,0,0,19,5,19.2,0.2
2025-09-19,S02,SKU004,Household,West,156.18,0,0,17,6,17.34,0.34
2025-09-20,S02,SKU004,Household,West,144.11,1,0,30,4,26.89,3.11
2025-09-21,S02,SKU004,Household,West,155.33,0,0,27,9,19.39,7.61
2025-09-22,S02,SKU004,Household,West,155.44,0,0,21,7,17.01,3.99
2025-09-23,S02,SKU004,Household,West,154.9,0,0,6,9,17.53,11.53
2025-09-24,S02,SKU004,Household,West,159.88,0,0,17,3,17.52,0.52
2025-09-25,S02,SKU004,Household,West,150.58,0,0,17,5,17.88,0.88
2025-09-26,S02,SKU004,Household,West,151.45,0,0,15,7,18.21,3.21
2025-09-27,S02,SKU004,Household,West,154.47,0,0,27,3,19.91,7.09
2025-09-28,S02,SKU004,Household,West,157.1,0,0,23,2,20.48,2.52
2025-09-29,S02,SKU004,Household,West,153.94,0,0,16,6,19.23,3.23
2025-09-30,S02,SKU004,Household,West,150.85,0,0,13,6,18.07,5.07
2025-10-01,S02,SKU004,Household,West,155.07,0,0,13,5,19.15,6.15
2025-10-02,S02,SKU004,Household,West,161.12,0,1,22,7,22.49,0.49
2025-10-03,S02,SKU004,Household,West,155.79,0,0,20,3,19.81,0.19
2025-10-04,S02,SKU004,Household,West,153.86,0,0,28,2,20.88,7.12
2025-10-05,S02,SKU004,Household,West,141.17,1,0,23,7,28.65,5.65
2025-10-06,S02,SKU004,Household,West,159.57,0,0,22,7,18.48,3.52
2025-10-07,S02,SKU004,Household,West,155.04,0,0,16,6,21.22,5.22
2025-10-08,S02,SKU004,Household,West,157.13,0,0,24,3,18.44,5.56
2025-10-09,S02,SKU004,Household,West,157.64,0,0,20,4,19.33,0.67
2025-10-10,S02,SKU004,Household,West,157.85,0,0,19,2,18.15,0.85
2025-10-11,S02,SKU004,Household,West,156.13,0,0,19,8,19.24,0.24
2025-10-12,S02,SKU004,Household,West,158.37,0,0,16,3,19.04,3.04
2025-10-13,S02,SKU004,Household,West,153.17,0,0,25,5,18.69,6.31
2025-10-14,S02,SKU004,Household,West,154.81,0,0,13,5,18.36,5.36
2025-10-15,S02,SKU004,Household,West,154.3,0,0,23,3,19.37,3.63
2025-10-16,S02,SKU004,Household,West,155.64,0,0,12,3,17.95,5.95
2025-10-17,S02,SKU004,Household,West,153.94,0,0,15,2,19.04,4.04
2025-10-18,S02,SKU004,Household,West,155.26,0,0,18,4,19.78,1.78
2025-10-19,S02,SKU004,Household,West,156.76,0,0,15,5,20.34,5.34
2025-10-20,S02,SKU004,Household,West,153.89,0,0,24,6,17.42,6.58
2025-10-21,S02,SKU004,Household,West,153.67,0,0,17,7,17.17,0.17
2025-10-22,S02,SKU004,Household,West,157.56,0,0,26,4,18.12,7.88
2025-10-23,S02,SKU004,Household,West,158.36,0,0,24,4,18.18,5.82
2025-10-24,S02,SKU004,Household,West,143.21,1,0,26,3,26.44,0.44
2025-10-25,S02,SKU004,Household,West,144.76,1,0,24,9,28.46,4.46
2025-10-26,S02,SKU004,Household,West,156.56,0,0,28,9,18.73,9.27
2025-10-27,S02,SKU004,Household,West,157.68,0,0,18,9,18.65,0.65
2025-10-28,S02,SKU004,Household,West,160.52,0,0,20,9,18.06,1.94
2025-10-29,S02,SKU004,Household,West,156.25,0,0,19,5,19.97,0.97
2025-10-30,S02,SKU004,Household,West,156.66,0,0,23,6,19.29,3.71
2025-10-31,S02,SKU004,Household,West,155.61,0,0,23,3,19.73,3.27
2025-11-01,S02,SKU004,Household,West,154.66,0,0,31,6,21.55,9.45
2025-11-02,S02,SKU004,Household,West,155.32,0,0,25,3,21.44,3.56
2025-11-03,S02,SKU004,Household,West,155.72,0,0,21,5,20.13,0.87
2025-11-04,S02,SKU004,Household,West,155.71,0,0,6,6,20.26,14.26
2025-11-05,S02,SKU004,Household,West,159.98,0,0,22,6,20.3,1.7
2025-11-06,S02,SKU004,Household,West,154.1,0,0,18,4,19.69,1.69
2025-11-07,S02,SKU004,Household,West,153.15,0,0,17,7,19.83,2.83
2025-11-08,S02,SKU004,Household,West,156.79,0,0,14,5,21.29,7.29
2025-11-09,S02,SKU004,Household,West,159.3,0,0,21,5,19.88,1.12
2025-11-10,S02,SKU004,Household,West,157.66,0,0,21,2,20.13,0.87
2025-11-11,S02,SKU004,Household,West,153.57,0,0,25,9,20.14,4.86
2025-11-12,S02,SKU004,Household,West,158.47,0,0,25,3,20.17,4.83
2025-11-13,S02,SKU004,Household,West,142.78,1,0,25,7,27.76,2.76
2025-11-14,S02,SKU004,Household,West,156.89,0,0,26,5,20.43,5.57
2025-11-15,S02,SKU004,Household,West,157.62,0,0,23,9,22.03,0.97
2025-11-16,S02,SKU004,Household,West,157.55,0,0,24,9,22.89,1.11
2025-11-17,S02,SKU004,Household,West,156.42,0,0,16,5,21.48,5.48
2025-11-18,S02,SKU004,Household,West,160.03,0,0,12,3,20.39,8.39
2025-11-19,S02,SKU004,Household,West,155.59,0,0,24,9,21.65,2.35
2025-11-20,S02,SKU004,Household,West,144.39,1,0,25,8,28.53,3.53
2025-11-21,S02,SKU004,Household,West,154.24,0,0,23,6,21.0,2.0
2025-11-22,S02,SKU004,Household,West,156.57,0,0,31,9,22.09,8.91
2025-11-23,S02,SKU004,Household,West,155.05,0,0,27,4,22.18,4.82
2025-11-24,S02,SKU004,Household,West,157.66,0,0,18,4,20.8,2.8
2025-11-25,S02,SKU004,Household,West,159.79,0,0,19,5,20.86,1.86
2025-11-26,S02,SKU004,Household,West,158.6,0,0,22,2,20.84,1.16
2025-11-27,S02,SKU004,Household,West,156.03,0,0,18,8,21.3,3.3
2025-11-28,S02,SKU004,Household,West,153.95,0,0,24,9,21.68,2.32
2025-11-29,S02,SKU004,Household,West,144.64,1,0,29,2,31.48,2.48
2025-11-30,S02,SKU004,Household,West,153.34,0,0,29,8,22.73,6.27
2025-12-01,S02,SKU004,Household,West,143.68,1,0,21,6,28.24,7.24
2025-12-02,S02,SKU004,Household,West,159.6,0,0,21,3,21.09,0.09
2025-12-03,S02,SKU004,Household,West,142.95,1,0,31,3,28.12,2.88
2025-12-04,S02,SKU004,Household,West,142.59,1,0,34,3,29.26,4.74
2025-12-05,S02,SKU004,Household,West,156.35,0,0,28,7,23.55,4.45
2025-12-06,S02,SKU004,Household,West,153.95,0,0,26,6,25.22,0.78
2025-12-07,S02,SKU004,Household,West,151.23,0,0,24,9,26.22,2.22
2025-12-08,S02,SKU004,Household,West,153.78,0,0,16,4,23.65,7.65
2025-12-09,S02,SKU004,Household,West,149.08,0,0,17,7,23.56,6.56
2025-12-10,S02,SKU004,Household,West,156.09,0,0,16,5,23.64,7.64
2025-12-11,S02,SKU004,Household,West,157.85,0,0,24,4,22.45,1.55
2025-12-12,S02,SKU004,Household,West,156.36,0,0,25,9,23.13,1.87
2025-12-13,S02,SKU004,Household,West,151.09,0,0,22,2,23.78,1.78
2025-12-14,S02,SKU004,Household,West,158.48,0,0,22,7,23.69,1.69
2025-12-15,S02,SKU004,Household,West,152.47,0,0,22,3,23.71,1.71
2025-12-16,S02,SKU004,Household,West,154.34,0,0,20,8,22.7,2.7
2025-12-17,S02,SKU004,Household,West,153.94,0,0,22,7,24.34,2.34
2025-12-18,S02,SKU004,Household,West,139.12,1,0,34,3,29.25,4.75
2025-12-19,S02,SKU004,Household,West,155.3,0,0,30,3,23.7,6.3
2025-12-20,S02,SKU004,Household,West,153.59,0,0,25,5,25.72,0.72
2025-12-21,S02,SKU004,Household,West,156.64,0,0,18,7,25.27,7.27
2025-12-22,S02,SKU004,Household,West,157.71,0,0,32,5,23.85,8.15
2025-12-23,S02,SKU004,Household,West,154.51,0,0,28,2,23.65,4.35
2025-12-24,S02,SKU004,Household,West,158.46,0,0,34,3,24.05,9.95
2025-12-25,S02,SKU004,Household,West,156.62,0,1,31,5,29.44,1.56
2025-12-26,S02,SKU004,Household,West,155.92,0,0,24,2,23.92,0.08
2025-12-27,S02,SKU004,Household,West,156.52,0,0,29,6,25.52,3.48
2025-12-28,S02,SKU004,Household,West,154.86,0,0,16,9,26.06,10.06
2025-12-29,S02,SKU004,Household,West,154.31,0,0,25,5,22.43,2.57
2025-12-30,S02,SKU004,Household,West,143.68,1,0,33,7,32.66,0.34
2025-12-31,S02,SKU004,Household,West,153.58,0,0,25,7,23.68,1.32
2025-08-13,S02,SKU005,Beverages,West,443.03,0,0,42,2,52.38,10.38
2025-08-14,S02,SKU005,Beverages,West,463.91,0,0,47,3,50.36,3.36
2025-08-15,S02,SKU005,Beverages,West,439.43,0,1,53,3,61.11,8.11
2025-08-16,S02,SKU005,Beverages,West,444.1,0,0,63,8,53.99,9.01
2025-08-17,S02,SKU005,Beverages,West,440.93,0,0,59,9,54.97,4.03
2025-08-18,S02,SKU005,Beverages,West,439.04,0,0,57,7,51.3,5.7
2025-08-19,S02,SKU005,Beverages,West,405.82,1,0,50,8,66.73,16.73
2025-08-20,S02,SKU005,Beverages,West,447.79,0,0,52,3,50.2,1.8
2025-08-21,S02,SKU005,Beverages,West,442.02,0,0,46,8,50.01,4.01
2025-08-22,S02,SKU005,Beverages,West,448.76,0,0,45,8,48.53,3.53
2025-08-23,S02,SKU005,Beverages,West,409.1,1,0,65,2,69.85,4.85
2025-08-24,S02,SKU005,Beverages,West,435.36,0,0,54,3,54.07,0.07
2025-08-25,S02,SKU005,Beverages,West,453.49,0,0,60,6,50.46,9.54
2025-08-26,S02,SKU005,Beverages,West,442.05,0,0,50,7,50.52,0.52
2025-08-27,S02,SKU005,Beverages,West,445.04,0,0,55,3,51.04,3.96
2025-08-28,S02,SKU005,Beverages,West,436.48,0,0,51,7,50.65,0.35
2025-08-29,S02,SKU005,Beverages,West,451.42,0,0,47,3,50.11,3.11
2025-08-30,S02,SKU005,Beverages,West,447.11,0,0,46,3,53.04,7.04
2025-08-31,S02,SKU005,Beverages,West,441.32,0,0,56,7,53.09,2.91
2025-09-01,S02,SKU005,Beverages,West,442.26,0,0,54,6,49.59,4.41
2025-09-02,S02,SKU005,Beverages,West,452.99,0,0,50,8,47.99,2.01
2025-09-03,S02,SKU005,Beverages,West,447.22,0,0,45,7,49.59,4.59
2025-09-04,S02,SKU005,Beverages,West,427.89,0,0,52,7,49.25,2.75
2025-09-05,S02,SKU005,Beverages,West,437.13,0,0,46,5,48.45,2.45
2025-09-06,S02,SKU005,Beverages,West,444.99,0,0,50,2,51.9,1.9
2025-09-07,S02,SKU005,Beverages,West,438.2,0,0,51,8,51.34,0.34
2025-09-08,S02,SKU005,Beverages,West,440.11,0,0,56,2,48.3,7.7
2025-09-09,S02,SKU005,Beverages,West,442.17,0,0,45,3,48.11,3.11
2025-09-10,S02,SKU005,Beverages,West,446.51,0,0,45,8,46.25,1.25
2025-09-11,S02,SKU005,Beverages,West,442.27,0,0,41,8,47.74,6.74
2025-09-12,S02,SKU005,Beverages,West,447.12,0,0,48,9,45.94,2.06
2025-09-13,S02,SKU005,Beverages,West,439.21,0,0,45,9,49.75,4.75
2025-09-14,S02,SKU005,Beverages,West,459.56,0,0,45,2,49.78,4.78
2025-09-15,S02,SKU005,Beverages,West,449.28,0,0,42,2,46.07,4.07
2025-09-16,S02,SKU005,Beverages,West,446.2,0,0,46,9,43.3,2.7
2025-09-17,S02,SKU005,Beverages,West,443.37,0,0,41,9,44.58,3.58
2025-09-18,S02,SKU005,Beverages,West,450.4,0,0,44,2,44.51,0.51
2025-09-19,S02,SKU005,Beverages,West,442.63,0,0,48,2,44.8,3.2
2025-09-20,S02,SKU005,Beverages,West,432.61,0,0,47,3,48.58,1.58
2025-09-21,S02,SKU005,Beverages,West,414.72,1,0,62,8,62.44,0.44
2025-09-22,S02,SKU005,Beverages,West,409.34,1,0,57,8,59.14,2.14
2025-09-23,S02,SKU005,Beverages,West,445.97,0,0,47,9,45.72,1.28
2025-09-24,S02,SKU005,Beverages,West,442.56,0,0,43,5,45.58,2.58
2025-09-25,S02,SKU005,Beverages,West,441.97,0,0,52,3,45.11,6.89
2025-09-26,S02,SKU005,Beverages,West,445.94,0,0,44,3,45.1,1.1
2025-09-27,S02,SKU005,Beverages,West,410.45,1,0,63,3,63.43,0.43
2025-09-28,S02,SKU005,Beverages,West,450.8,0,0,54,4,49.51,4.49
2025-09-29,S02,SKU005,Beverages,West,443.45,0,0,45,4,45.55,0.55
2025-09-30,S02,SKU005,Beverages,West,444.25,0,0,45,2,45.92,0.92
2025-10-01,S02,SKU005,Beverages,West,436.5,0,0,40,5,45.68,5.68
2025-10-02,S02,SKU005,Beverages,West,450.77,0,1,50,4,59.38,9.38
2025-10-03,S02,SKU005,Beverages,West,453.12,0,0,50,9,44.32,5.68
2025-10-04,S02,SKU005,Beverages,West,409.38,1,0,62,9,64.33,2.33
2025-10-05,S02,SKU005,Beverages,West,442.72,0,0,64,7,49.53,14.47
2025-10-06,S02,SKU005,Beverages,West,437.74,0,0,47,9,45.6,1.4
2025-10-07,S02,SKU005,Beverages,West,434.63,0,0,52,3,45.84,6.16
2025-10-08,S02,SKU005,Beverages,West,411.89,1,0,58,7,60.97,2.97
2025-10-09,S02,SKU005,Beverages,West,395.21,1,0,66,8,62.09,3.91
2025-10-10,S02,SKU005,Beverages,West,453.0,0,0,43,3,47.85,4.85
2025-10-11,S02,SKU005,Beverages,West,433.47,0,0,52,3,50.89,1.11
2025-10-12,S02,SKU005,Beverages,West,447.34,0,0,55,6,50.4,4.6
2025-10-13,S02,SKU005,Beverages,West,440.6,0,0,46,3,48.55,2.55
2025-10-14,S02,SKU005,Beverages,West,453.08,0,0,54,5,48.78,5.22
2025-10-15,S02,SKU005,Beverages,West,439.92,0,0,50,3,48.23,1.77
2025-10-16,S02,SKU005,Beverages,West,444.97,0,0,43,9,48.26,5.26
2025-10-17,S02,SKU005,Beverages,West,447.23,0,0,42,7,48.54,6.54
2025-10-18,S02,SKU005,Beverages,West,449.27,0,0,57,7,51.44,5.56
2025-10-19,S02,SKU005,Beverages,West,438.01,0,0,52,5,53.59,1.59
2025-10-20,S02,SKU005,Beverages,West,435.51,0,0,39,3,48.82,9.82
2025-10-21,S02,SKU005,Beverages,West,457.24,0,0,48,4,47.54,0.46
2025-10-22,S02,SKU005,Beverages,West,450.67,0,0,45,3,47.23,2.23
2025-10-23,S02,SKU005,Beverages,West,447.38,0,0,47,8,45.48,1.52
2025-10-24,S02,SKU005,Beverages,West,450.69,0,0,46,8,46.24,0.24
2025-10-25,S02,SKU005,Beverages,West,461.05,0,0,56,8,51.09,4.91
2025-10-26,S02,SKU005,Beverages,West,404.4,1,0,62,3,66.98,4.98
2025-10-27,S02,SKU005,Beverages,West,454.15,0,0,38,9,46.61,8.61
2025-10-28,S02,SKU005,Beverages,West,450.0,0,0,48,7,47.81,0.19
2025-10-29,S02,SKU005,Beverages,West,442.5,0,0,52,4,47.84,4.16
2025-10-30,S02,SKU005,Beverages,West,441.61,0,0,48,7,48.54,0.54
2025-10-31,S02,SKU005,Beverages,West,449.37,0,0,52,2,49.11,2.89
2025-11-01,S02,SKU005,Beverages,West,442.66,0,0,44,9,53.1,9.1
2025-11-02,S02,SKU005,Beverages,West,418.75,1,0,64,4,67.4,3.4
2025-11-03,S02,SKU005,Beverages,West,447.58,0,0,48,5,47.67,0.33
2025-11-04,S02,SKU005,Beverages,West,455.92,0,0,50,6,48.24,1.76
2025-11-05,S02,SKU005,Beverages,West,409.38,1,0,69,8,63.42,5.58
2025-11-06,S02,SKU005,Beverages,West,433.81,0,0,55,2,49.08,5.92
2025-11-07,S02,SKU005,Beverages,West,440.39,0,0,51,7,49.03,1.97
2025-11-08,S02,SKU005,Beverages,West,456.44,0,0,57,6,52.91,4.09
2025-11-09,S02,SKU005,Beverages,West,451.74,0,0,45,3,53.28,8.28
2025-11-10,S02,SKU005,Beverages,West,418.16,1,0,66,3,62.98,3.02
2025-11-11,S02,SKU005,Beverages,West,451.59,0,0,44,6,49.43,5.43
2025-11-12,S02,SKU005,Beverages,West,440.5,0,0,47,7,48.66,1.66
2025-11-13,S02,SKU005,Beverages,West,448.13,0,0,57,9,48.75,8.25
2025-11-14,S02,SKU005,Beverages,West,424.59,0,0,58,3,49.13,8.87
2025-11-15,S02,SKU005,Beverages,West,446.55,0,0,56,3,55.42,0.58
2025-11-16,S02,SKU005,Beverages,West,447.17,0,0,62,6,55.18,6.82
2025-11-17,S02,SKU005,Beverages,West,437.53,0,0,43,2,49.3,6.3
2025-11-18,S02,SKU005,Beverages,West,441.75,0,0,63,9,50.19,12.81
2025-11-19,S02,SKU005,Beverages,West,434.94,0,0,56,2,51.78,4.22
2025-11-20,S02,SKU005,Beverages,West,432.98,0,0,59,5,53.26,5.74
2025-11-21,S02,SKU005,Beverages,West,440.38,0,0,55,4,52.25,2.75
2025-11-22,S02,SKU005,Beverages,West,449.43,0,0,52,6,58.14,6.14
2025-11-23,S02,SKU005,Beverages,West,444.43,0,0,58,9,56.49,1.51
2025-11-24,S02,SKU005,Beverages,West,451.47,0,0,47,9,48.9,1.9
2025-11-25,S02,SKU005,Beverages,West,438.62,0,0,46,8,52.41,6.41
2025-11-26,S02,SKU005,Beverages,West,434.93,0,0,43,3,52.8,9.8
2025-11-27,S02,SKU005,Beverages,West,443.69,0,0,55,9,51.86,3.14
2025-11-28,S02,SKU005,Beverages,West,446.95,0,0,57,6,52.95,4.05
2025-11-29,S02,SKU005,Beverages,West,446.54,0,0,48,9,56.41,8.41
2025-11-30,S02,SKU005,Beverages,West,455.13,0,0,56,8,58.09,2.09
2025-12-01,S02,SKU005,Beverages,West,436.7,0,0,60,4,51.54,8.46
2025-12-02,S02,SKU005,Beverages,West,442.81,0,0,49,2,53.53,4.53
2025-12-03,S02,SKU005,Beverages,West,441.55,0,0,52,8,52.91,0.91
2025-12-04,S02,SKU005,Beverages,West,452.57,0,0,56,2,53.13,2.87
2025-12-05,S02,SKU005,Beverages,West,414.87,1,0,65,8,69.72,4.72
2025-12-06,S02,SKU005,Beverages,West,453.33,0,0,51,6,58.03,7.03
2025-12-07,S02,SKU005,Beverages,West,437.96,0,0,61,2,58.3,2.7
2025-12-08,S02,SKU005,Beverages,West,429.34,0,0,62,8,53.81,8.19
2025-12-09,S02,SKU005,Beverages,West,447.03,0,0,56,8,52.37,3.63
2025-12-10,S02,SKU005,Beverages,West,443.86,0,0,55,7,54.1,0.9
2025-12-11,S02,SKU005,Beverages,West,442.67,0,0,48,6,55.31,7.31
2025-12-12,S02,SKU005,Beverages,West,439.67,0,0,55,5,54.17,0.83
2025-12-13,S02,SKU005,Beverages,West,457.45,0,0,58,9,58.69,0.69
2025-12-14,S02,SKU005,Beverages,West,437.95,0,0,61,9,58.41,2.59
2025-12-15,S02,SKU005,Beverages,West,440.16,0,0,54,7,54.01,0.01
2025-12-16,S02,SKU005,Beverages,West,443.65,0,0,56,7,54.05,1.95
2025-12-17,S02,SKU005,Beverages,West,444.14,0,0,54,9,53.56,0.44
2025-12-18,S02,SKU005,Beverages,West,435.86,0,0,62,2,53.51,8.49
2025-12-19,S02,SKU005,Beverages,West,443.17,0,0,52,8,54.43,2.43
2025-12-20,S02,SKU005,Beverages,West,426.41,0,0,51,2,58.57,7.57
2025-12-21,S02,SKU005,Beverages,West,445.53,0,0,65,6,58.96,6.04
2025-12-22,S02,SKU005,Beverages,West,447.45,0,0,56,7,54.36,1.64
2025-12-23,S02,SKU005,Beverages,West,438.58,0,0,49,2,55.24,6.24
2025-12-24,S02,SKU005,Beverages,West,445.9,0,0,57,4,54.85,2.15
2025-12-25,S02,SKU005,Beverages,West,442.47,0,1,73,2,65.28,7.72
2025-12-26,S02,SKU005,Beverages,West,450.17,0,0,53,2,57.69,4.69
2025-12-27,S02,SKU005,Beverages,West,441.03,0,0,56,7,59.85,3.85
2025-12-28,S02,SKU005,Beverages,West,416.41,1,0,85,3,77.62,7.38
2025-12-29,S02,SKU005,Beverages,West,444.58,0,0,53,5,57.5,4.5
2025-12-30,S02,SKU005,Beverages,West,438.97,0,0,48,8,57.87,9.87
2025-12-31,S02,SKU005,Beverages,West,441.07,0,0,57,3,57.98,0.98
2025-08-13,S02,SKU006,Snacks,West,175.83,0,0,40,5,39.31,0.69
2025-08-14,S02,SKU006,Snacks,West,173.09,0,0,39,4,38.96,0.04
2025-08-15,S02,SKU006,Snacks,West,164.39,1,1,48,2,54.24,6.24
2025-08-16,S02,SKU006,Snacks,West,174.33,0,0,47,2,42.91,4.09
2025-08-17,S02,SKU006,Snacks,West,177.0,0,0,41,5,43.06,2.06
2025-08-18,S02,SKU006,Snacks,West,172.17,0,0,38,6,38.91,0.91
2025-08-19,S02,SKU006,Snacks,West,175.86,0,0,37,3,39.09,2.09
2025-08-20,S02,SKU006,Snacks,West,176.23,0,0,46,8,38.61,7.39
2025-08-21,S02,SKU006,Snacks,West,171.7,0,0,40,4,38.86,1.14
2025-08-22,S02,SKU006,Snacks,West,172.43,0,0,38,6,38.91,0.91
2025-08-23,S02,SKU006,Snacks,West,172.98,0,0,41,8,41.03,0.03
2025-08-24,S02,SKU006,Snacks,West,175.6,0,0,42,9,40.71,1.29
2025-08-25,S02,SKU006,Snacks,West,171.01,0,0,39,3,38.74,0.26
2025-08-26,S02,SKU006,Snacks,West,174.2,0,0,40,4,38.4,1.6
2025-08-27,S02,SKU006,Snacks,West,172.56,0,0,29,3,38.11,9.11
2025-08-28,S02,SKU006,Snacks,West,158.34,1,0,54,5,48.89,5.11
2025-08-29,S02,SKU006,Snacks,West,172.4,0,0,40,8,37.12,2.88
2025-08-30,S02,SKU006,Snacks,West,179.67,0,0,43,9,39.95,3.05
2025-08-31,S02,SKU006,Snacks,West,160.92,1,0,61,4,53.86,7.14
2025-09-01,S02,SKU006,Snacks,West,171.85,0,0,51,9,38.09,12.91
2025-09-02,S02,SKU006,Snacks,West,172.7,0,0,40,8,38.88,1.12
2025-09-03,S02,SKU006,Snacks,West,170.5,0,0,51,7,39.63,11.37
2025-09-04,S02,SKU006,Snacks,West,170.24,0,0,28,3,39.56,11.56
2025-09-05,S02,SKU006,Snacks,West,157.8,1,0,48,6,51.77,3.77
2025-09-06,S02,SKU006,Snacks,West,174.72,0,0,44,4,42.41,1.59
2025-09-07,S02,SKU006,Snacks,West,171.84,0,0,34,4,41.38,7.38
2025-09-08,S02,SKU006,Snacks,West,173.98,0,0,28,3,39.22,11.22
2025-09-09,S02,SKU006,Snacks,West,171.1,0,0,38,7,38.74,0.74
2025-09-10,S02,SKU006,Snacks,West,177.63,0,0,32,9,37.86,5.86
2025-09-11,S02,SKU006,Snacks,West,175.89,0,0,36,3,37.81,1.81
2025-09-12,S02,SKU006,Snacks,West,169.21,0,0,43,8,37.82,5.18
2025-09-13,S02,SKU006,Snacks,West,164.12,1,0,57,8,53.6,3.4
2025-09-14,S02,SKU006,Snacks,West,175.08,0,0,49,3,39.2,9.8
2025-09-15,S02,SKU006,Snacks,West,173.1,0,0,39,5,38.42,0.58
2025-09-16,S02,SKU006,Snacks,West,176.35,0,0,45,4,38.87,6.13
2025-09-17,S02,SKU006,Snacks,West,170.39,0,0,37,9,39.15,2.15
2025-09-18,S02,SKU006,Snacks,West,174.19,0,0,40,9,38.52,1.48
2025-09-19,S02,SKU006,Snacks,West,161.31,1,0,43,4,51.52,8.52
2025-09-20,S02,SKU006,Snacks,West,173.25,0,0,40,6,42.36,2.36
2025-09-21,S02,SKU006,Snacks,West,176.34,0,0,42,3,42.33,0.33
2025-09-22,S02,SKU006,Snacks,West,175.4,0,0,40,3,38.37,1.63
2025-09-23,S02,SKU006,Snacks,West,173.45,0,0,38,3,38.57,0.57
2025-09-24,S02,SKU006,Snacks,West,169.5,0,0,41,8,38.29,2.71
2025-09-25,S02,SKU006,Snacks,West,177.21,0,0,46,9,38.43,7.57
2025-09-26,S02,SKU006,Snacks,West,170.17,0,0,40,9,39.48,0.52
2025-09-27,S02,SKU006,Snacks,West,171.17,0,0,42,9,42.07,0.07
2025-09-28,S02,SKU006,Snacks,West,159.31,1,0,47,9,56.62,9.62
2025-09-29,S02,SKU006,Snacks,West,175.53,0,0,36,5,38.68,2.68
2025-09-30,S02,SKU006,Snacks,West,173.5,0,0,38,8,38.36,0.36
2025-10-01,S02,SKU006,Snacks,West,172.82,0,0,32,7,39.31,7.31
2025-10-02,S02,SKU006,Snacks,West,177.59,0,1,49,2,45.14,3.86
2025-10-03,S02,SKU006,Snacks,West,173.23,0,0,37,4,38.73,1.73
2025-10-04,S02,SKU006,Snacks,West,171.58,0,0,35,2,41.23,6.23
2025-10-05,S02,SKU006,Snacks,West,172.86,0,0,38,4,40.37,2.37
2025-10-06,S02,SKU006,Snacks,West,170.66,0,0,41,8,37.52,3.48
2025-10-07,S02,SKU006,Snacks,West,170.65,0,0,34,4,38.75,4.75
2025-10-08,S02,SKU006,Snacks,West,173.51,0,0,29,5,38.2,9.2
2025-10-09,S02,SKU006,Snacks,West,174.92,0,0,34,6,38.2,4.2
2025-10-10,S02,SKU006,Snacks,West,171.45,0,0,42,9,37.54,4.46
2025-10-11,S02,SKU006,Snacks,West,174.16,0,0,34,8,38.7,4.7
2025-10-12,S02,SKU006,Snacks,West,175.13,0,0,40,4,40.14,0.14
2025-10-13,S02,SKU006,Snacks,West,171.49,0,0,42,2,37.44,4.56
2025-10-14,S02,SKU006,Snacks,West,171.08,0,0,40,5,37.93,2.07
2025-10-15,S02,SKU006,Snacks,West,174.86,0,0,35,5,37.53,2.53
2025-10-16,S02,SKU006,Snacks,West,179.85,0,0,35,8,37.51,2.51
2025-10-17,S02,SKU006,Snacks,West,175.39,0,0,38,3,37.62,0.38
2025-10-18,S02,SKU006,Snacks,West,174.35,0,0,37,7,39.19,2.19
2025-10-19,S02,SKU006,Snacks,West,174.38,0,0,36,5,39.52,3.52
2025-10-20,S02,SKU006,Snacks,West,159.92,1,0,53,5,47.98,5.02
2025-10-21,S02,SKU006,Snacks,West,173.15,0,0,38,4,37.37,0.63
2025-10-22,S02,SKU006,Snacks,West,172.48,0,0,39,4,37.7,1.3
2025-10-23,S02,SKU006,Snacks,West,156.82,1,0,51,8,47.77,3.23
2025-10-24,S02,SKU006,Snacks,West,172.43,0,0,44,2,38.43,5.57
2025-10-25,S02,SKU006,Snacks,West,170.74,0,0,47,6,41.73,5.27
2025-10-26,S02,SKU006,Snacks,West,174.5,0,0,43,6,41.33,1.67
2025-10-27,S02,SKU006,Snacks,West,173.71,0,0,41,2,38.16,2.84
2025-10-28,S02,SKU006,Snacks,West,176.91,0,0,45,5,38.45,6.55
2025-10-29,S02,SKU006,Snacks,West,159.68,1,0,54,3,48.59,5.41
2025-10-30,S02,SKU006,Snacks,West,172.33,0,0,42,5,38.88,3.12
2025-10-31,S02,SKU006,Snacks,West,172.09,0,0,40,2,39.52,0.48
2025-11-01,S02,SKU006,Snacks,West,157.42,1,0,56,9,54.01,1.99
2025-11-02,S02,SKU006,Snacks,West,176.83,0,0,45,5,43.07,1.93
2025-11-03,S02,SKU006,Snacks,West,178.09,0,0,42,6,41.04,0.96
2025-11-04,S02,SKU006,Snacks,West,176.14,0,0,36,2,40.77,4.77
2025-11-05,S02,SKU006,Snacks,West,161.76,1,0,47,2,51.89,4.89
2025-11-06,S02,SKU006,Snacks,West,170.07,0,0,40,4,41.29,1.29
2025-11-07,S02,SKU006,Snacks,West,173.79,0,0,38,3,41.62,3.62
2025-11-08,S02,SKU006,Snacks,West,171.86,0,0,45,7,44.9,0.1
2025-11-09,S02,SKU006,Snacks,West,174.63,0,0,44,3,44.69,0.69
2025-11-10,S02,SKU006,Snacks,West,178.21,0,0,37,8,41.51,4.51
2025-11-11,S02,SKU006,Snacks,West,171.52,0,0,34,7,41.32,7.32
2025-11-12,S02,SKU006,Snacks,West,175.28,0,0,46,3,41.06,4.94
2025-11-13,S02,SKU006,Snacks,West,172.07,0,0,40,3,40.87,0.87
2025-11-14,S02,SKU006,Snacks,West,176.0,0,0,41,9,41.04,0.04
2025-11-15,S02,SKU006,Snacks,West,170.56,0,0,43,7,44.89,1.89
2025-11-16,S02,SKU006,Snacks,West,175.62,0,0,40,5,44.8,4.8
2025-11-17,S02,SKU006,Snacks,West,160.33,1,0,57,6,55.14,1.86
2025-11-18,S02,SKU006,Snacks,West,161.14,1,0,50,2,55.45,5.45
2025-11-19,S02,SKU006,Snacks,West,172.09,0,0,50,9,43.03,6.97
2025-11-20,S02,SKU006,Snacks,West,173.67,0,0,36,8,43.29,7.29
2025-11-21,S02,SKU006,Snacks,West,173.65,0,0,45,7,43.14,1.86
2025-11-22,S02,SKU006,Snacks,West,173.25,0,0,43,9,46.0,3.0
2025-11-23,S02,SKU006,Snacks,West,172.39,0,0,46,6,46.16,0.16
2025-11-24,S02,SKU006,Snacks,West,175.49,0,0,41,5,43.14,2.14
2025-11-25,S02,SKU006,Snacks,West,172.69,0,0,44,6,43.13,0.87
2025-11-26,S02,SKU006,Snacks,West,175.71,0,0,33,6,43.26,10.26
2025-11-27,S02,SKU006,Snacks,West,173.14,0,0,44,5,41.77,2.23
2025-11-28,S02,SKU006,Snacks,West,173.18,0,0,45,3,42.32,2.68
2025-11-29,S02,SKU006,Snacks,West,175.61,0,0,46,2,46.36,0.36
2025-11-30,S02,SKU006,Snacks,West,175.59,0,0,35,6,45.76,10.76
2025-12-01,S02,SKU006,Snacks,West,170.44,0,0,37,8,41.79,4.79
2025-12-02,S02,SKU006,Snacks,West,158.07,1,0,53,9,55.54,2.54
2025-12-03,S02,SKU006,Snacks,West,174.43,0,0,51,6,41.97,9.03
2025-12-04,S02,SKU006,Snacks,West,175.07,0,0,32,2,41.91,9.91
2025-12-05,S02,SKU006,Snacks,West,176.58,0,0,44,4,42.24,1.76
2025-12-06,S02,SKU006,Snacks,West,170.9,0,0,54,7,45.35,8.65
2025-12-07,S02,SKU006,Snacks,West,180.92,0,0,41,4,46.41,5.41
2025-12-08,S02,SKU006,Snacks,West,176.22,0,0,40,2,42.11,2.11
2025-12-09,S02,SKU006,Snacks,West,173.61,0,0,46,9,42.92,3.08
2025-12-10,S02,SKU006,Snacks,West,181.8,0,0,36,2,43.2,7.2
2025-12-11,S02,SKU006,Snacks,West,166.17,0,0,44,3,43.23,0.77
2025-12-12,S02,SKU006,Snacks,West,177.58,0,0,51,7,42.76,8.24
2025-12-13,S02,SKU006,Snacks,West,174.34,0,0,54,7,46.65,7.35
2025-12-14,S02,SKU006,Snacks,West,158.21,1,0,66,2,59.34,6.66
2025-12-15,S02,SKU006,Snacks,West,173.52,0,0,41,6,43.79,2.79
2025-12-16,S02,SKU006,Snacks,West,170.84,0,0,52,9,44.13,7.87
2025-12-17,S02,SKU006,Snacks,West,175.66,0,0,40,2,44.82,4.82
2025-12-18,S02,SKU006,Snacks,West,176.71,0,0,38,8,44.55,6.55
2025-12-19,S02,SKU006,Snacks,West,168.75,0,0,39,7,44.63,5.63
2025-12-20,S02,SKU006,Snacks,West,176.91,0,0,44,7,48.4,4.4
2025-12-21,S02,SKU006,Snacks,West,175.79,0,0,52,3,46.56,5.44
2025-12-22,S02,SKU006,Snacks,West,172.32,0,0,49,5,43.36,5.64
2025-12-23,S02,SKU006,Snacks,West,158.56,1,0,58,7,58.53,0.53
2025-12-24,S02,SKU006,Snacks,West,168.34,0,0,52,5,43.57,8.43
2025-12-25,S02,SKU006,Snacks,West,174.14,0,1,50,4,51.89,1.89
2025-12-26,S02,SKU006,Snacks,West,178.8,0,0,49,5,46.1,2.9
2025-12-27,S02,SKU006,Snacks,West,174.4,0,0,41,8,49.23,8.23
2025-12-28,S02,SKU006,Snacks,West,173.82,0,0,58,7,48.52,9.48
2025-12-29,S02,SKU006,Snacks,West,170.62,0,0,32,9,45.26,13.26
2025-12-30,S02,SKU006,Snacks,West,174.21,0,0,43,6,45.42,2.42
2025-12-31,S02,SKU006,Snacks,West,174.42,0,0,40,2,44.5,4.5
2025-08-13,S02,SKU007,Personal Care,West,357.33,0,0,19,8,24.44,5.44
2025-08-14,S02,SKU007,Personal Care,West,370.39,0,0,24,2,24.15,0.15
2025-08-15,S02,SKU007,Personal Care,West,364.15,0,1,33,8,29.65,3.35
2025-08-16,S02,SKU007,Personal Care,West,365.87,0,0,28,3,26.01,1.99
2025-08-17,S02,SKU007,Personal Care,West,363.6,0,0,31,5,27.18,3.82
2025-08-18,S02,SKU007,Personal Care,West,356.71,0,0,20,6,24.7,4.7
2025-08-19,S02,SKU007,Personal Care,West,367.6,0,0,20,5,24.55,4.55
2025-08-20,S02,SKU007,Personal Care,West,364.79,0,0,28,6,24.58,3.42
2025-08-21,S02,SKU007,Personal Care,West,363.4,0,0,26,3,24.05,1.95
2025-08-22,S02,SKU007,Personal Care,West,357.76,0,0,17,7,24.17,7.17
2025-08-23,S02,SKU007,Personal Care,West,358.21,0,0,13,8,25.67,12.67
2025-08-24,S02,SKU007,Personal Care,West,372.01,0,0,25,5,24.09,0.91
2025-08-25,S02,SKU007,Personal Care,West,367.26,0,0,24,9,23.22,0.78
2025-08-26,S02,SKU007,Personal Care,West,359.04,0,0,25,6,23.3,1.7
2025-08-27,S02,SKU007,Personal Care,West,365.06,0,0,25,4,23.28,1.72
2025-08-28,S02,SKU007,Personal Care,West,362.55,0,0,29,4,23.51,5.49
2025-08-29,S02,SKU007,Personal Care,West,373.36,0,0,23,5,23.45,0.45
2025-08-30,S02,SKU007,Personal Care,West,363.63,0,0,22,3,24.75,2.75
2025-08-31,S02,SKU007,Personal Care,West,358.48,0,0,22,4,25.23,3.23
2025-09-01,S02,SKU007,Personal Care,West,366.52,0,0,25,2,22.8,2.2
2025-09-02,S02,SKU007,Personal Care,West,363.75,0,0,28,3,22.69,5.31
2025-09-03,S02,SKU007,Personal Care,West,362.76,0,0,20,2,22.55,2.55
2025-09-04,S02,SKU007,Personal Care,West,363.71,0,0,22,9,22.83,0.83
2025-09-05,S02,SKU007,Personal Care,West,325.2,1,0,28,8,28.47,0.47
2025-09-06,S02,SKU007,Personal Care,West,372.89,0,0,28,5,24.17,3.83
2025-09-07,S02,SKU007,Personal Care,West,369.03,0,0,21,2,24.48,3.48
2025-09-08,S02,SKU007,Personal Care,West,363.43,0,0,16,3,22.18,6.18
2025-09-09,S02,SKU007,Personal Care,West,367.88,0,0,16,9,21.81,5.81
2025-09-10,S02,SKU007,Personal Care,West,362.36,0,0,16,4,21.48,5.48
2025-09-11,S02,SKU007,Personal Care,West,360.48,0,0,20,9,21.33,1.33
2025-09-12,S02,SKU007,Personal Care,West,368.89,0,0,28,7,21.55,6.45
2025-09-13,S02,SKU007,Personal Care,West,356.55,0,0,30,8,22.26,7.74
2025-09-14,S02,SKU007,Personal Care,West,363.69,0,0,28,3,22.42,5.58
2025-09-15,S02,SKU007,Personal Care,West,330.97,1,0,23,5,26.82,3.82
2025-09-16,S02,SKU007,Personal Care,West,371.14,0,0,27,6,21.32,5.68
2025-09-17,S02,SKU007,Personal Care,West,369.32,0,0,23,7,22.0,1.0
2025-09-18,S02,SKU007,Personal Care,West,364.15,0,0,25,9,21.93,3.07
2025-09-19,S02,SKU007,Personal Care,West,362.98,0,0,17,3,21.5,4.5
2025-09-20,S02,SKU007,Personal Care,West,365.82,0,0,15,7,23.83,8.83
2025-09-21,S02,SKU007,Personal Care,West,367.05,0,0,16,5,22.68,6.68
2025-09-22,S02,SKU007,Personal Care,West,351.64,0,0,25,3,21.31,3.69
2025-09-23,S02,SKU007,Personal Care,West,363.95,0,0,22,3,21.44,0.56
2025-09-24,S02,SKU007,Personal Care,West,368.48,0,0,28,8,21.27,6.73
2025-09-25,S02,SKU007,Personal Care,West,336.96,1,0,30,4,26.42,3.58
2025-09-26,S02,SKU007,Personal Care,West,353.4,0,0,22,5,21.06,0.94
2025-09-27,S02,SKU007,Personal Care,West,356.38,0,0,26,3,22.82,3.18
2025-09-28,S02,SKU007,Personal Care,West,371.09,0,0,19,2,23.01,4.01
2025-09-29,S02,SKU007,Personal Care,West,361.65,0,0,19,8,21.5,2.5
2025-09-30,S02,SKU007,Personal Care,West,337.9,1,0,34,3,27.68,6.32
2025-10-01,S02,SKU007,Personal Care,West,371.96,0,0,27,9,21.74,5.26
2025-10-02,S02,SKU007,Personal Care,West,369.29,0,1,26,5,26.86,0.86
2025-10-03,S02,SKU007,Personal Care,West,374.98,0,0,28,7,22.25,5.75
2025-10-04,S02,SKU007,Personal Care,West,359.54,0,0,18,4,23.42,5.42
2025-10-05,S02,SKU007,Personal Care,West,364.54,0,0,25,9,23.51,1.49
2025-10-06,S02,SKU007,Personal Care,West,359.87,0,0,21,3,21.93,0.93
2025-10-07,S02,SKU007,Personal Care,West,358.8,0,0,16,6,21.57,5.57
2025-10-08,S02,SKU007,Personal Care,West,368.8,0,0,20,5,21.59,1.59
2025-10-09,S02,SKU007,Personal Care,West,341.46,1,0,23,4,27.43,4.43
2025-10-10,S02,SKU007,Personal Care,West,367.61,0,0,31,5,21.53,9.47
2025-10-11,S02,SKU007,Personal Care,West,360.36,0,0,28,7,23.16,4.84
2025-10-12,S02,SKU007,Personal Care,West,336.38,1,0,28,2,28.4,0.4
2025-10-13,S02,SKU007,Personal Care,West,363.99,0,0,23,6,22.23,0.77
2025-10-14,S02,SKU007,Personal Care,West,363.98,0,0,17,8,22.2,5.2
2025-10-15,S02,SKU007,Personal Care,West,346.55,1,0,31,2,28.13,2.87
2025-10-16,S02,SKU007,Personal Care,West,332.93,1,0,35,5,28.29,6.71
2025-10-17,S02,SKU007,Personal Care,West,373.74,0,0,20,6,21.95,1.95
2025-10-18,S02,SKU007,Personal Care,West,360.48,0,0,18,2,24.52,6.52
2025-10-19,S02,SKU007,Personal Care,West,368.06,0,0,24,9,25.0,1.0
2025-10-20,S02,SKU007,Personal Care,West,335.05,1,0,29,5,29.67,0.67
2025-10-21,S02,SKU007,Personal Care,West,362.43,0,0,27,2,22.96,4.04
2025-10-22,S02,SKU007,Personal Care,West,362.73,0,0,14,5,23.23,9.23
2025-10-23,S02,SKU007,Personal Care,West,367.48,0,0,25,6,21.89,3.11
2025-10-24,S02,SKU007,Personal Care,West,373.53,0,0,22,4,22.57,0.57
2025-10-25,S02,SKU007,Personal Care,West,362.32,0,0,22,2,24.03,2.03
2025-10-26,S02,SKU007,Personal Care,West,361.23,0,0,35,7,23.71,11.29
2025-10-27,S02,SKU007,Personal Care,West,368.87,0,0,34,8,23.44,10.56
2025-10-28,S02,SKU007,Personal Care,West,354.21,0,0,23,5,23.44,0.44
2025-10-29,S02,SKU007,Personal Care,West,372.63,0,0,19,7,24.04,5.04
2025-10-30,S02,SKU007,Personal Care,West,369.14,0,0,22,5,23.17,1.17
2025-10-31,S02,SKU007,Personal Care,West,367.97,0,0,15,3,23.66,8.66
2025-11-01,S02,SKU007,Personal Care,West,363.44,0,0,23,7,24.0,1.0
2025-11-02,S02,SKU007,Personal Care,West,369.85,0,0,24,6,23.86,0.14
2025-11-03,S02,SKU007,Personal Care,West,366.44,0,0,32,3,22.24,9.76
2025-11-04,S02,SKU007,Personal Care,West,367.58,0,0,36,4,23.07,12.93
2025-11-05,S02,SKU007,Personal Care,West,367.85,0,0,34,3,23.4,10.6
2025-11-06,S02,SKU007,Personal Care,West,372.42,0,0,16,8,24.62,8.62
2025-11-07,S02,SKU007,Personal Care,West,366.86,0,0,26,3,24.66,1.34
2025-11-08,S02,SKU007,Personal Care,West,366.06,0,0,23,7,25.01,2.01
2025-11-09,S02,SKU007,Personal Care,West,371.83,0,0,22,6,25.31,3.31
2025-11-10,S02,SKU007,Personal Care,West,372.1,0,0,23,6,24.46,1.46
2025-11-11,S02,SKU007,Personal Care,West,363.12,0,0,28,7,23.47,4.53
2025-11-12,S02,SKU007,Personal Care,West,367.36,0,0,28,2,23.5,4.5
2025-11-13,S02,SKU007,Personal Care,West,359.98,0,0,12,3,23.92,11.92
2025-11-14,S02,SKU007,Personal Care,West,325.76,1,0,30,7,29.65,0.35
2025-11-15,S02,SKU007,Personal Care,West,365.79,0,0,33,4,25.02,7.98
2025-11-16,S02,SKU007,Personal Care,West,366.58,0,0,15,7,25.25,10.25
2025-11-17,S02,SKU007,Personal Care,West,370.23,0,0,24,4,23.82,0.18
2025-11-18,S02,SKU007,Personal Care,West,362.93,0,0,24,6,24.22,0.22
2025-11-19,S02,SKU007,Personal Care,West,366.71,0,0,22,4,24.33,2.33
2025-11-20,S02,SKU007,Personal Care,West,366.53,0,0,31,7,23.88,7.12
2025-11-21,S02,SKU007,Personal Care,West,355.5,0,0,25,5,24.16,0.84
2025-11-22,S02,SKU007,Personal Care,West,360.26,0,0,26,5,25.16,0.84
2025-11-23,S02,SKU007,Personal Care,West,362.83,0,0,34,9,25.94,8.06
2025-11-24,S02,SKU007,Personal Care,West,363.18,0,0,15,2,23.79,8.79
2025-11-25,S02,SKU007,Personal Care,West,362.63,0,0,28,4,23.94,4.06
2025-11-26,S02,SKU007,Personal Care,West,365.29,0,0,33,5,24.35,8.65
2025-11-27,S02,SKU007,Personal Care,West,366.31,0,0,28,3,23.2,4.8
2025-11-28,S02,SKU007,Personal Care,West,334.64,1,0,26,6,32.8,6.8
2025-11-29,S02,SKU007,Personal Care,West,370.85,0,0,25,5,27.57,2.57
2025-11-30,S02,SKU007,Personal Care,West,359.77,0,0,31,9,27.77,3.23
2025-12-01,S02,SKU007,Personal Care,West,365.6,0,0,28,8,26.05,1.95
2025-12-02,S02,SKU007,Personal Care,West,358.65,0,0,23,8,25.27,2.27
2025-12-03,S02,SKU007,Personal Care,West,355.9,0,0,37,6,25.02,11.98
2025-12-04,S02,SKU007,Personal Care,West,357.61,0,0,10,5,25.03,15.03
2025-12-05,S02,SKU007,Personal Care,West,364.75,0,0,15,7,25.44,10.44
2025-12-06,S02,SKU007,Personal Care,West,367.08,0,0,15,4,25.94,10.94
2025-12-07,S02,SKU007,Personal Care,West,363.45,0,0,30,3,26.36,3.64
2025-12-08,S02,SKU007,Personal Care,West,360.98,0,0,21,4,24.26,3.26
2025-12-09,S02,SKU007,Personal Care,West,361.48,0,0,23,3,23.98,0.98
2025-12-10,S02,SKU007,Personal Care,West,372.69,0,0,31,8,24.52,6.48
2025-12-11,S02,SKU007,Personal Care,West,357.7,0,0,28,2,23.76,4.24
2025-12-12,S02,SKU007,Personal Care,West,358.03,0,0,21,5,25.5,4.5
2025-12-13,S02,SKU007,Personal Care,West,370.17,0,0,33,8,25.67,7.33
2025-12-14,S02,SKU007,Personal Care,West,360.72,0,0,40,3,26.21,13.79
2025-12-15,S02,SKU007,Personal Care,West,361.55,0,0,26,7,25.56,0.44
2025-12-16,S02,SKU007,Personal Care,West,342.46,1,0,33,8,32.83,0.17
2025-12-17,S02,SKU007,Personal Care,West,353.73,0,0,22,5,27.22,5.22
2025-12-18,S02,SKU007,Personal Care,West,366.24,0,0,25,7,23.96,1.04
2025-12-19,S02,SKU007,Personal Care,West,363.17,0,0,26,8,25.76,0.24
2025-12-20,S02,SKU007,Personal Care,West,367.22,0,0,22,2,27.59,5.59
2025-12-21,S02,SKU007,Personal Care,West,362.06,0,0,27,5,27.93,0.93
2025-12-22,S02,SKU007,Personal Care,West,360.83,0,0,19,7,25.14,6.14
2025-12-23,S02,SKU007,Personal Care,West,364.65,0,0,32,9,25.69,6.31
2025-12-24,S02,SKU007,Personal Care,West,362.21,0,0,25,3,25.83,0.83
2025-12-25,S02,SKU007,Personal Care,West,363.0,0,1,29,5,31.26,2.26
2025-12-26,S02,SKU007,Personal Care,West,357.83,0,0,32,4,24.38,7.62
2025-12-27,S02,SKU007,Personal Care,West,363.88,0,0,37,9,27.58,9.42
2025-12-28,S02,SKU007,Personal Care,West,354.93,0,0,29,3,28.07,0.93
2025-12-29,S02,SKU007,Personal Care,West,366.21,0,0,36,5,25.23,10.77
2025-12-30,S02,SKU007,Personal Care,West,368.92,0,0,24,3,26.84,2.84
2025-12-31,S02,SKU007,Personal Care,West,366.79,0,0,28,2,26.05,1.95
2025-08-13,S02,SKU008,Household,West,390.53,0,0,42,2,45.96,3.96
2025-08-14,S02,SKU008,Household,West,392.1,0,0,45,5,45.31,0.31
2025-08-15,S02,SKU008,Household,West,389.26,0,1,59,5,51.1,7.9
2025-08-16,S02,SKU008,Household,West,380.94,0,0,58,4,49.78,8.22
2025-08-17,S02,SKU008,Household,West,385.54,0,0,51,3,50.66,0.34
2025-08-18,S02,SKU008,Household,West,384.27,0,0,57,2,46.44,10.56
2025-08-19,S02,SKU008,Household,West,378.0,0,0,44,8,47.11,3.11
2025-08-20,S02,SKU008,Household,West,385.31,0,0,49,8,47.08,1.92
2025-08-21,S02,SKU008,Household,West,377.3,0,0,48,5,47.06,0.94
2025-08-22,S02,SKU008,Household,West,381.13,0,0,56,8,46.75,9.25
2025-08-23,S02,SKU008,Household,West,391.31,0,0,47,9,50.47,3.47
2025-08-24,S02,SKU008,Household,West,381.48,0,0,53,4,49.8,3.2
2025-08-25,S02,SKU008,Household,West,383.07,0,0,44,9,46.72,2.72
2025-08-26,S02,SKU008,Household,West,390.18,0,0,55,8,45.63,9.37
2025-08-27,S02,SKU008,Household,West,386.43,0,0,52,9,45.31,6.69
2025-08-28,S02,SKU008,Household,West,384.48,0,0,57,6,45.48,11.52
2025-08-29,S02,SKU008,Household,West,360.71,1,0,64,7,61.44,2.56
2025-08-30,S02,SKU008,Household,West,355.99,1,0,65,9,65.09,0.09
2025-08-31,S02,SKU008,Household,West,392.85,0,0,47,9,50.22,3.22
2025-09-01,S02,SKU008,Household,West,393.91,0,0,36,9,46.43,10.43
2025-09-02,S02,SKU008,Household,West,357.72,1,0,70,9,60.96,9.04
2025-09-03,S02,SKU008,Household,West,385.56,0,0,44,3,46.68,2.68
2025-09-04,S02,SKU008,Household,West,393.91,0,0,49,8,46.46,2.54
2025-09-05,S02,SKU008,Household,West,385.32,0,0,50,2,47.38,2.62
2025-09-06,S02,SKU008,Household,West,385.04,0,0,45,2,50.23,5.23
2025-09-07,S02,SKU008,Household,West,393.1,0,0,49,8,50.0,1.0
2025-09-08,S02,SKU008,Household,West,388.79,0,0,38,7,47.1,9.1
2025-09-09,S02,SKU008,Household,West,386.64,0,0,45,5,45.32,0.32
2025-09-10,S02,SKU008,Household,West,379.37,0,0,52,8,46.02,5.98
2025-09-11,S02,SKU008,Household,West,381.71,0,0,45,4,46.22,1.22
2025-09-12,S02,SKU008,Household,West,390.71,0,0,52,9,46.19,5.81
2025-09-13,S02,SKU008,Household,West,385.36,0,0,59,2,50.1,8.9
2025-09-14,S02,SKU008,Household,West,382.82,0,0,51,3,50.38,0.62
2025-09-15,S02,SKU008,Household,West,356.64,1,0,60,3,61.53,1.53
2025-09-16,S02,SKU008,Household,West,375.0,0,0,44,7,47.35,3.35
2025-09-17,S02,SKU008,Household,West,380.11,0,0,39,7,47.06,8.06
2025-09-18,S02,SKU008,Household,West,391.28,0,0,39,4,47.13,8.13
2025-09-19,S02,SKU008,Household,West,396.29,0,0,44,6,46.99,2.99
2025-09-20,S02,SKU008,Household,West,393.66,0,0,46,9,47.94,1.94
2025-09-21,S02,SKU008,Household,West,391.61,0,0,51,9,49.1,1.9
2025-09-22,S02,SKU008,Household,West,386.3,0,0,51,8,45.69,5.31
2025-09-23,S02,SKU008,Household,West,381.13,0,0,53,4,45.74,7.26
2025-09-24,S02,SKU008,Household,West,386.34,0,0,39,2,45.79,6.79
2025-09-25,S02,SKU008,Household,West,353.48,1,0,65,9,59.44,5.56
2025-09-26,S02,SKU008,Household,West,385.05,0,0,43,9,46.55,3.55
2025-09-27,S02,SKU008,Household,West,388.08,0,0,53,9,50.38,2.62
2025-09-28,S02,SKU008,Household,West,394.2,0,0,46,4,49.34,3.34
2025-09-29,S02,SKU008,Household,West,384.46,0,0,49,4,45.6,3.4
2025-09-30,S02,SKU008,Household,West,388.99,0,0,44,4,46.36,2.36
2025-10-01,S02,SKU008,Household,West,388.27,0,0,51,9,45.19,5.81
2025-10-02,S02,SKU008,Household,West,388.1,0,1,57,7,53.38,3.62
2025-10-03,S02,SKU008,Household,West,379.3,0,0,44,4,45.96,1.96
2025-10-04,S02,SKU008,Household,West,357.61,1,0,65,4,64.34,0.66
2025-10-05,S02,SKU008,Household,West,388.53,0,0,48,9,50.25,2.25
2025-10-06,S02,SKU008,Household,West,387.59,0,0,47,6,46.22,0.78
2025-10-07,S02,SKU008,Household,West,387.74,0,0,48,7,46.62,1.38
2025-10-08,S02,SKU008,Household,West,394.14,0,0,49,4,46.39,2.61
2025-10-09,S02,SKU008,Household,West,392.57,0,0,51,9,46.35,4.65
2025-10-10,S02,SKU008,Household,West,391.53,0,0,45,6,46.58,1.58
2025-10-11,S02,SKU008,Household,West,373.08,0,0,48,2,49.79,1.79
2025-10-12,S02,SKU008,Household,West,357.73,1,0,59,2,63.4,4.4
2025-10-13,S02,SKU008,Household,West,398.56,0,0,48,7,46.79,1.21
2025-10-14,S02,SKU008,Household,West,381.45,0,0,43,7,46.84,3.84
2025-10-15,S02,SKU008,Household,West,353.94,1,0,54,3,61.67,7.67
2025-10-16,S02,SKU008,Household,West,375.11,0,0,39,2,47.03,8.03
2025-10-17,S02,SKU008,Household,West,384.8,0,0,48,4,46.77,1.23
2025-10-18,S02,SKU008,Household,West,384.82,0,0,53,4,50.42,2.58
2025-10-19,S02,SKU008,Household,West,390.09,0,0,50,3,51.43,1.43
2025-10-20,S02,SKU008,Household,West,391.88,0,0,38,5,46.86,8.86
2025-10-21,S02,SKU008,Household,West,381.7,0,0,49,9,46.75,2.25
2025-10-22,S02,SKU008,Household,West,387.47,0,0,54,4,46.59,7.41
2025-10-23,S02,SKU008,Household,West,380.59,0,0,43,3,46.6,3.6
2025-10-24,S02,SKU008,Household,West,379.13,0,0,43,8,46.51,3.51
2025-10-25,S02,SKU008,Household,West,393.81,0,0,47,9,49.39,2.39
2025-10-26,S02,SKU008,Household,West,376.45,0,0,53,8,49.74,3.26
2025-10-27,S02,SKU008,Household,West,390.75,0,0,46,6,46.37,0.37
2025-10-28,S02,SKU008,Household,West,394.94,0,0,46,4,46.3,0.3
2025-10-29,S02,SKU008,Household,West,354.29,1,0,57,4,60.94,3.94
2025-10-30,S02,SKU008,Household,West,397.35,0,0,43,7,46.94,3.94
2025-10-31,S02,SKU008,Household,West,383.82,0,0,43,7,46.34,3.34
2025-11-01,S02,SKU008,Household,West,394.06,0,0,51,9,50.13,0.87
2025-11-02,S02,SKU008,Household,West,388.46,0,0,48,9,50.79,2.79
2025-11-03,S02,SKU008,Household,West,379.16,0,0,48,5,46.22,1.78
2025-11-04,S02,SKU008,Household,West,390.41,0,0,41,5,46.38,5.38
2025-11-05,S02,SKU008,Household,West,386.43,0,0,41,6,46.67,5.67
2025-11-06,S02,SKU008,Household,West,384.35,0,0,48,4,46.08,1.92
2025-11-07,S02,SKU008,Household,West,394.81,0,0,46,2,45.12,0.88
2025-11-08,S02,SKU008,Household,West,351.24,1,0,68,7,64.83,3.17
2025-11-09,S02,SKU008,Household,West,378.49,0,0,50,2,50.95,0.95
2025-11-10,S02,SKU008,Household,West,386.81,0,0,52,4,47.08,4.92
2025-11-11,S02,SKU008,Household,West,358.6,1,0,64,8,62.35,1.65
2025-11-12,S02,SKU008,Household,West,379.78,0,0,48,3,47.47,0.53
2025-11-13,S02,SKU008,Household,West,386.02,0,0,41,7,47.08,6.08
2025-11-14,S02,SKU008,Household,West,378.81,0,0,48,5,47.92,0.08
2025-11-15,S02,SKU008,Household,West,388.2,0,0,46,6,51.59,5.59
2025-11-16,S02,SKU008,Household,West,385.29,0,0,57,6,51.62,5.38
2025-11-17,S02,SKU008,Household,West,366.45,1,0,66,8,62.74,3.26
2025-11-18,S02,SKU008,Household,West,393.1,0,0,46,9,47.32,1.32
2025-11-19,S02,SKU008,Household,West,383.08,0,0,52,4,48.44,3.56
2025-11-20,S02,SKU008,Household,West,392.15,0,0,53,2,48.26,4.74
2025-11-21,S02,SKU008,Household,West,391.47,0,0,48,4,48.87,0.87
2025-11-22,S02,SKU008,Household,West,393.27,0,0,57,4,53.32,3.68
2025-11-23,S02,SKU008,Household,West,380.86,0,0,46,3,54.64,8.64
2025-11-24,S02,SKU008,Household,West,348.89,1,0,59,5,63.62,4.62
2025-11-25,S02,SKU008,Household,West,390.94,0,0,49,4,49.69,0.69
2025-11-26,S02,SKU008,Household,West,379.83,0,0,43,3,49.94,6.94
2025-11-27,S02,SKU008,Household,West,387.66,0,0,41,5,49.33,8.33
2025-11-28,S02,SKU008,Household,West,386.26,0,0,43,3,49.27,6.27
2025-11-29,S02,SKU008,Household,West,382.82,0,0,56,2,53.62,2.38
2025-11-30,S02,SKU008,Household,West,393.73,0,0,59,2,53.39,5.61
2025-12-01,S02,SKU008,Household,West,387.44,0,0,50,4,49.82,0.18
2025-12-02,S02,SKU008,Household,West,386.82,0,0,53,4,49.32,3.68
2025-12-03,S02,SKU008,Household,West,393.83,0,0,64,5,49.37,14.63
2025-12-04,S02,SKU008,Household,West,386.5,0,0,48,4,50.5,2.5
2025-12-05,S02,SKU008,Household,West,386.55,0,0,50,4,51.1,1.1
2025-12-06,S02,SKU008,Household,West,385.24,0,0,58,5,56.2,1.8
2025-12-07,S02,SKU008,Household,West,385.46,0,0,61,4,56.02,4.98
2025-12-08,S02,SKU008,Household,West,379.09,0,0,58,7,50.98,7.02
2025-12-09,S02,SKU008,Household,West,350.69,1,0,66,2,68.59,2.59
2025-12-10,S02,SKU008,Household,West,356.45,1,0,61,5,68.82,7.82
2025-12-11,S02,SKU008,Household,West,389.95,0,0,49,8,51.12,2.12
2025-12-12,S02,SKU008,Household,West,386.76,0,0,42,3,52.67,10.67
2025-12-13,S02,SKU008,Household,West,385.16,0,0,50,3,58.65,8.65
2025-12-14,S02,SKU008,Household,West,386.62,0,0,59,9,57.46,1.54
2025-12-15,S02,SKU008,Household,West,354.19,1,0,76,3,69.01,6.99
2025-12-16,S02,SKU008,Household,West,391.89,0,0,48,3,51.16,3.16
2025-12-17,S02,SKU008,Household,West,363.28,1,0,71,8,70.15,0.85
2025-12-18,S02,SKU008,Household,West,390.71,0,0,50,7,53.74,3.74
2025-12-19,S02,SKU008,Household,West,377.89,0,0,56,9,53.71,2.29
2025-12-20,S02,SKU008,Household,West,394.43,0,0,51,8,58.19,7.19
2025-12-21,S02,SKU008,Household,West,394.77,0,0,51,6,57.7,6.7
2025-12-22,S02,SKU008,Household,West,384.5,0,0,52,3,53.04,1.04
2025-12-23,S02,SKU008,Household,West,381.66,0,0,51,4,53.25,2.25
2025-12-24,S02,SKU008,Household,West,382.57,0,0,59,2,52.4,6.6
2025-12-25,S02,SKU008,Household,West,384.16,0,1,67,3,57.4,9.6
2025-12-26,S02,SKU008,Household,West,381.25,0,0,53,2,54.45,1.45
2025-12-27,S02,SKU008,Household,West,383.51,0,0,62,8,59.31,2.69
2025-12-28,S02,SKU008,Household,West,380.28,0,0,55,3,61.65,6.65
2025-12-29,S02,SKU008,Household,West,391.72,0,0,54,2,55.8,1.8
2025-12-30,S02,SKU008,Household,West,390.34,0,0,60,4,55.97,4.03
2025-12-31,S02,SKU008,Household,West,384.53,0,0,54,4,56.76,2.76
2025-08-13,S02,SKU009,Beverages,West,108.36,1,0,46,5,39.07,6.93
2025-08-14,S02,SKU009,Beverages,West,114.59,0,0,34,4,29.55,4.45
2025-08-15,S02,SKU009,Beverages,West,115.72,0,1,28,8,35.15,7.15
2025-08-16,S02,SKU009,Beverages,West,117.0,0,0,32,2,33.01,1.01
2025-08-17,S02,SKU009,Beverages,West,114.58,0,0,43,8,32.56,10.44
2025-08-18,S02,SKU009,Beverages,West,118.08,0,0,36,8,30.69,5.31
2025-08-19,S02,SKU009,Beverages,West,117.73,0,0,28,9,30.42,2.42
2025-08-20,S02,SKU009,Beverages,West,114.02,0,0,33,4,30.31,2.69
2025-08-21,S02,SKU009,Beverages,West,120.56,0,0,35,9,29.49,5.51
2025-08-22,S02,SKU009,Beverages,West,117.61,0,0,34,2,29.61,4.39
2025-08-23,S02,SKU009,Beverages,West,107.43,1,0,46,2,43.51,2.49
2025-08-24,S02,SKU009,Beverages,West,118.46,0,0,29,9,33.48,4.48
2025-08-25,S02,SKU009,Beverages,West,114.52,0,0,35,2,30.5,4.5
2025-08-26,S02,SKU009,Beverages,West,118.15,0,0,30,7,30.44,0.44
2025-08-27,S02,SKU009,Beverages,West,115.0,0,0,24,4,30.42,6.42
2025-08-28,S02,SKU009,Beverages,West,120.31,0,0,31,6,29.74,1.26
2025-08-29,S02,SKU009,Beverages,West,115.9,0,0,27,5,29.9,2.9
2025-08-30,S02,SKU009,Beverages,West,118.61,0,0,31,9,32.24,1.24
2025-08-31,S02,SKU009,Beverages,West,118.46,0,0,30,7,32.34,2.34
2025-09-01,S02,SKU009,Beverages,West,120.65,0,0,34,2,29.34,4.66
2025-09-02,S02,SKU009,Beverages,West,115.14,0,0,32,7,29.57,2.43
2025-09-03,S02,SKU009,Beverages,West,105.55,1,0,46,3,38.05,7.95
2025-09-04,S02,SKU009,Beverages,West,119.01,0,0,28,5,30.48,2.48
2025-09-05,S02,SKU009,Beverages,West,117.53,0,0,28,8,30.26,2.26
2025-09-06,S02,SKU009,Beverages,West,113.94,0,0,22,9,33.2,11.2
2025-09-07,S02,SKU009,Beverages,West,119.99,0,0,31,2,32.35,1.35
2025-09-08,S02,SKU009,Beverages,West,118.05,0,0,36,6,29.56,6.44
2025-09-09,S02,SKU009,Beverages,West,117.78,0,0,34,4,29.82,4.18
2025-09-10,S02,SKU009,Beverages,West,118.79,0,0,29,5,30.01,1.01
2025-09-11,S02,SKU009,Beverages,West,115.02,0,0,37,8,29.81,7.19
2025-09-12,S02,SKU009,Beverages,West,120.23,0,0,29,5,29.66,0.66
2025-09-13,S02,SKU009,Beverages,West,120.85,0,0,28,8,32.25,4.25
2025-09-14,S02,SKU009,Beverages,West,119.58,0,0,32,3,32.29,0.29
2025-09-15,S02,SKU009,Beverages,West,116.6,0,0,32,7,29.4,2.6
2025-09-16,S02,SKU009,Beverages,West,114.35,0,0,28,4,29.32,1.32
2025-09-17,S02,SKU009,Beverages,West,117.35,0,0,31,9,29.93,1.07
2025-09-18,S02,SKU009,Beverages,West,114.6,0,0,33,5,29.23,3.77
2025-09-19,S02,SKU009,Beverages,West,115.48,0,0,37,2,29.87,7.13
2025-09-20,S02,SKU009,Beverages,West,119.96,0,0,21,2,31.76,10.76
2025-09-21,S02,SKU009,Beverages,West,117.19,0,0,19,8,30.75,11.75
2025-09-22,S02,SKU009,Beverages,West,117.93,0,0,37,5,28.35,8.65
2025-09-23,S02,SKU009,Beverages,West,118.13,0,0,27,5,28.95,1.95
2025-09-24,S02,SKU009,Beverages,West,119.13,0,0,28,7,28.43,0.43
2025-09-25,S02,SKU009,Beverages,West,118.17,0,0,26,5,28.7,2.7
2025-09-26,S02,SKU009,Beverages,West,117.95,0,0,31,4,27.56,3.44
2025-09-27,S02,SKU009,Beverages,West,118.27,0,0,36,3,30.68,5.32
2025-09-28,S02,SKU009,Beverages,West,107.08,1,0,36,7,40.78,4.78
2025-09-29,S02,SKU009,Beverages,West,118.85,0,0,34,6,29.19,4.81
2025-09-30,S02,SKU009,Beverages,West,118.12,0,0,23,3,29.41,6.41
2025-10-01,S02,SKU009,Beverages,West,116.83,0,0,27,8,30.15,3.15
2025-10-02,S02,SKU009,Beverages,West,118.21,0,1,30,7,34.15,4.15
2025-10-03,S02,SKU009,Beverages,West,118.28,0,0,33,7,28.79,4.21
2025-10-04,S02,SKU009,Beverages,West,117.35,0,0,27,5,30.05,3.05
2025-10-05,S02,SKU009,Beverages,West,116.32,0,0,38,6,30.64,7.36
2025-10-06,S02,SKU009,Beverages,West,118.44,0,0,34,6,29.45,4.55
2025-10-07,S02,SKU009,Beverages,West,113.15,0,0,41,8,29.79,11.21
2025-10-08,S02,SKU009,Beverages,West,117.06,0,0,37,7,28.86,8.14
2025-10-09,S02,SKU009,Beverages,West,115.97,0,0,35,6,30.01,4.99
2025-10-10,S02,SKU009,Beverages,West,117.62,0,0,25,5,29.54,4.54
2025-10-11,S02,SKU009,Beverages,West,118.35,0,0,34,8,31.01,2.99
2025-10-12,S02,SKU009,Beverages,West,114.61,0,0,27,9,32.03,5.03
2025-10-13,S02,SKU009,Beverages,West,118.0,0,0,35,5,29.38,5.62
2025-10-14,S02,SKU009,Beverages,West,117.78,0,0,25,6,29.34,4.34
2025-10-15,S02,SKU009,Beverages,West,108.8,1,0,45,3,39.29,5.71
2025-10-16,S02,SKU009,Beverages,West,110.4,1,0,31,2,39.89,8.89
2025-10-17,S02,SKU009,Beverages,West,117.83,0,0,31,2,30.69,0.31
2025-10-18,S02,SKU009,Beverages,West,116.31,0,0,28,4,31.93,3.93
2025-10-19,S02,SKU009,Beverages,West,120.65,0,0,31,2,33.1,2.1
2025-10-20,S02,SKU009,Beverages,West,118.27,0,0,21,2,30.37,9.37
2025-10-21,S02,SKU009,Beverages,West,115.66,0,0,22,9,30.14,8.14
2025-10-22,S02,SKU009,Beverages,West,118.37,0,0,26,3,29.54,3.54
2025-10-23,S02,SKU009,Beverages,West,116.43,0,0,34,5,28.4,5.6
2025-10-24,S02,SKU009,Beverages,West,108.96,1,0,42,6,39.65,2.35
2025-10-25,S02,SKU009,Beverages,West,115.71,0,0,30,2,32.4,2.4
2025-10-26,S02,SKU009,Beverages,West,116.78,0,0,31,3,32.39,1.39
2025-10-27,S02,SKU009,Beverages,West,121.69,0,0,28,3,30.83,2.83
2025-10-28,S02,SKU009,Beverages,West,107.23,1,0,34,7,38.3,4.3
2025-10-29,S02,SKU009,Beverages,West,113.59,0,0,39,7,31.89,7.11
2025-10-30,S02,SKU009,Beverages,West,116.78,0,0,26,7,31.43,5.43
2025-10-31,S02,SKU009,Beverages,West,114.66,0,0,30,7,31.11,1.11
2025-11-01,S02,SKU009,Beverages,West,113.87,0,0,30,6,33.37,3.37
2025-11-02,S02,SKU009,Beverages,West,117.82,0,0,36,4,33.38,2.62
2025-11-03,S02,SKU009,Beverages,West,114.8,0,0,26,9,31.54,5.54
2025-11-04,S02,SKU009,Beverages,West,115.36,0,0,28,7,31.28,3.28
2025-11-05,S02,SKU009,Beverages,West,117.79,0,0,25,5,30.52,5.52
2025-11-06,S02,SKU009,Beverages,West,116.3,0,0,32,2,29.57,2.43
2025-11-07,S02,SKU009,Beverages,West,116.66,0,0,36,5,30.18,5.82
2025-11-08,S02,SKU009,Beverages,West,115.89,0,0,39,6,32.43,6.57
2025-11-09,S02,SKU009,Beverages,West,117.21,0,0,42,8,32.38,9.62
2025-11-10,S02,SKU009,Beverages,West,115.17,0,0,35,9,31.8,3.2
2025-11-11,S02,SKU009,Beverages,West,116.22,0,0,25,4,31.68,6.68
2025-11-12,S02,SKU009,Beverages,West,118.12,0,0,32,4,32.17,0.17
2025-11-13,S02,SKU009,Beverages,West,117.4,0,0,38,3,30.88,7.12
2025-11-14,S02,SKU009,Beverages,West,119.16,0,0,32,2,31.78,0.22
2025-11-15,S02,SKU009,Beverages,West,113.9,0,0,34,9,33.65,0.35
2025-11-16,S02,SKU009,Beverages,West,119.33,0,0,26,4,34.12,8.12
2025-11-17,S02,SKU009,Beverages,West,115.47,0,0,34,6,31.04,2.96
2025-11-18,S02,SKU009,Beverages,West,120.38,0,0,29,7,31.56,2.56
2025-11-19,S02,SKU009,Beverages,West,116.69,0,0,27,2,31.78,4.78
2025-11-20,S02,SKU009,Beverages,West,117.46,0,0,30,8,31.74,1.74
2025-11-21,S02,SKU009,Beverages,West,118.82,0,0,26,8,32.68,6.68
2025-11-22,S02,SKU009,Beverages,West,115.19,0,0,36,7,33.72,2.28
2025-11-23,S02,SKU009,Beverages,West,118.82,0,0,39,9,34.58,4.42
2025-11-24,S02,SKU009,Beverages,West,115.68,0,0,31,2,31.84,0.84
2025-11-25,S02,SKU009,Beverages,West,115.89,0,0,35,6,31.87,3.13
2025-11-26,S02,SKU009,Beverages,West,119.08,0,0,32,4,32.2,0.2
2025-11-27,S02,SKU009,Beverages,West,110.99,1,0,52,6,39.7,12.3
2025-11-28,S02,SKU009,Beverages,West,116.42,0,0,33,6,32.85,0.15
2025-11-29,S02,SKU009,Beverages,West,119.38,0,0,37,3,35.73,1.27
2025-11-30,S02,SKU009,Beverages,West,113.04,0,0,42,6,35.76,6.24
2025-12-01,S02,SKU009,Beverages,West,120.0,0,0,38,9,33.52,4.48
2025-12-02,S02,SKU009,Beverages,West,116.5,0,0,33,8,34.01,1.01
2025-12-03,S02,SKU009,Beverages,West,105.6,1,0,46,3,43.5,2.5
2025-12-04,S02,SKU009,Beverages,West,121.52,0,0,29,8,34.07,5.07
2025-12-05,S02,SKU009,Beverages,West,115.34,0,0,34,7,34.77,0.77
2025-12-06,S02,SKU009,Beverages,West,107.24,1,0,55,4,48.65,6.35
2025-12-07,S02,SKU009,Beverages,West,115.02,0,0,42,7,38.57,3.43
2025-12-08,S02,SKU009,Beverages,West,120.3,0,0,33,9,34.78,1.78
2025-12-09,S02,SKU009,Beverages,West,115.72,0,0,30,6,34.65,4.65
2025-12-10,S02,SKU009,Beverages,West,116.25,0,0,34,3,35.06,1.06
2025-12-11,S02,SKU009,Beverages,West,107.96,1,0,41,6,48.59,7.59
2025-12-12,S02,SKU009,Beverages,West,116.6,0,0,29,9,35.41,6.41
2025-12-13,S02,SKU009,Beverages,West,117.39,0,0,37,9,37.75,0.75
2025-12-14,S02,SKU009,Beverages,West,114.52,0,0,36,3,37.16,1.16
2025-12-15,S02,SKU009,Beverages,West,117.99,0,0,38,8,35.3,2.7
2025-12-16,S02,SKU009,Beverages,West,118.96,0,0,37,5,34.72,2.28
2025-12-17,S02,SKU009,Beverages,West,118.63,0,0,33,9,34.78,1.78
2025-12-18,S02,SKU009,Beverages,West,107.74,1,0,39,4,47.65,8.65
2025-12-19,S02,SKU009,Beverages,West,115.55,0,0,30,5,36.1,6.1
2025-12-20,S02,SKU009,Beverages,West,106.11,1,0,49,3,52.11,3.11
2025-12-21,S02,SKU009,Beverages,West,116.38,0,0,37,8,39.23,2.23
2025-12-22,S02,SKU009,Beverages,West,118.57,0,0,33,7,35.7,2.7
2025-12-23,S02,SKU009,Beverages,West,117.3,0,0,41,5,36.25,4.75
2025-12-24,S02,SKU009,Beverages,West,116.24,0,0,38,8,36.37,1.63
2025-12-25,S02,SKU009,Beverages,West,114.68,0,1,45,5,42.91,2.09
2025-12-26,S02,SKU009,Beverages,West,117.3,0,0,41,3,36.51,4.49
2025-12-27,S02,SKU009,Beverages,West,116.83,0,0,41,9,39.28,1.72
2025-12-28,S02,SKU009,Beverages,West,119.02,0,0,42,6,39.74,2.26
2025-12-29,S02,SKU009,Beverages,West,114.5,0,0,39,8,36.61,2.39
2025-12-30,S02,SKU009,Beverages,West,114.77,0,0,41,7,36.75,4.25
2025-12-31,S02,SKU009,Beverages,West,118.2,0,0,41,6,37.63,3.37
2025-08-13,S02,SKU010,Snacks,West,96.84,0,0,41,9,42.67,1.67
2025-08-14,S02,SKU010,Snacks,West,95.8,0,0,47,3,42.18,4.82
2025-08-15,S02,SKU010,Snacks,West,93.83,0,1,47,2,48.32,1.32
2025-08-16,S02,SKU010,Snacks,West,91.41,0,0,44,5,45.83,1.83
2025-08-17,S02,SKU010,Snacks,West,84.93,1,0,54,5,59.06,5.06
2025-08-18,S02,SKU010,Snacks,West,96.47,0,0,53,7,42.57,10.43
2025-08-19,S02,SKU010,Snacks,West,93.18,0,0,46,9,43.63,2.37
2025-08-20,S02,SKU010,Snacks,West,96.57,0,0,37,8,42.47,5.47
2025-08-21,S02,SKU010,Snacks,West,93.89,0,0,30,7,42.41,12.41
2025-08-22,S02,SKU010,Snacks,West,94.15,0,0,35,7,41.96,6.96
2025-08-23,S02,SKU010,Snacks,West,93.55,0,0,39,7,45.15,6.15
2025-08-24,S02,SKU010,Snacks,West,94.09,0,0,40,5,45.18,5.18
2025-08-25,S02,SKU010,Snacks,West,97.08,0,0,45,8,40.75,4.25
2025-08-26,S02,SKU010,Snacks,West,96.17,0,0,45,9,39.88,5.12
2025-08-27,S02,SKU010,Snacks,West,96.99,0,0,35,2,39.98,4.98
2025-08-28,S02,SKU010,Snacks,West,96.38,0,0,42,3,40.11,1.89
2025-08-29,S02,SKU010,Snacks,West,96.09,0,0,40,9,39.47,0.53
2025-08-30,S02,SKU010,Snacks,West,94.37,0,0,40,9,42.7,2.7
2025-08-31,S02,SKU010,Snacks,West,93.9,0,0,45,2,42.14,2.86
2025-09-01,S02,SKU010,Snacks,West,94.15,0,0,43,2,39.63,3.37
2025-09-02,S02,SKU010,Snacks,West,87.68,1,0,55,4,51.66,3.34
2025-09-03,S02,SKU010,Snacks,West,98.44,0,0,30,6,39.81,9.81
2025-09-04,S02,SKU010,Snacks,West,95.9,0,0,39,2,39.69,0.69
2025-09-05,S02,SKU010,Snacks,West,93.62,0,0,45,2,39.87,5.13
2025-09-06,S02,SKU010,Snacks,West,86.1,1,0,49,2,55.33,6.33
2025-09-07,S02,SKU010,Snacks,West,95.0,0,0,43,6,42.67,0.33
2025-09-08,S02,SKU010,Snacks,West,96.54,0,0,33,5,39.27,6.27
2025-09-09,S02,SKU010,Snacks,West,85.94,1,0,52,3,51.41,0.59
2025-09-10,S02,SKU010,Snacks,West,94.56,0,0,37,8,39.21,2.21
2025-09-11,S02,SKU010,Snacks,West,92.13,0,0,38,9,39.18,1.18
2025-09-12,S02,SKU010,Snacks,West,92.87,0,0,39,2,39.5,0.5
2025-09-13,S02,SKU010,Snacks,West,96.42,0,0,34,2,42.23,8.23
2025-09-14,S02,SKU010,Snacks,West,87.78,1,0,55,8,54.02,0.98
2025-09-15,S02,SKU010,Snacks,West,95.79,0,0,27,6,38.12,11.12
2025-09-16,S02,SKU010,Snacks,West,95.13,0,0,39,8,37.79,1.21
2025-09-17,S02,SKU010,Snacks,West,95.52,0,0,48,4,36.71,11.29
2025-09-18,S02,SKU010,Snacks,West,96.07,0,0,38,2,37.28,0.72
2025-09-19,S02,SKU010,Snacks,West,92.82,0,0,37,3,37.73,0.73
2025-09-20,S02,SKU010,Snacks,West,85.85,1,0,52,6,53.16,1.16
2025-09-21,S02,SKU010,Snacks,West,94.07,0,0,34,3,42.43,8.43
2025-09-22,S02,SKU010,Snacks,West,95.78,0,0,37,6,38.03,1.03
2025-09-23,S02,SKU010,Snacks,West,86.95,1,0,44,6,50.16,6.16
2025-09-24,S02,SKU010,Snacks,West,95.02,0,0,42,6,38.22,3.78
2025-09-25,S02,SKU010,Snacks,West,95.21,0,0,38,8,37.93,0.07
2025-09-26,S02,SKU010,Snacks,West,94.71,0,0,33,6,37.87,4.87
2025-09-27,S02,SKU010,Snacks,West,93.92,0,0,40,9,40.29,0.29
2025-09-28,S02,SKU010,Snacks,West,95.83,0,0,43,7,40.8,2.2
2025-09-29,S02,SKU010,Snacks,West,93.88,0,0,38,3,37.89,0.11
2025-09-30,S02,SKU010,Snacks,West,96.53,0,0,46,9,37.05,8.95
2025-10-01,S02,SKU010,Snacks,West,90.43,1,0,48,9,49.74,1.74
2025-10-02,S02,SKU010,Snacks,West,94.6,0,1,42,8,44.07,2.07
2025-10-03,S02,SKU010,Snacks,West,93.06,0,0,31,4,39.57,8.57
2025-10-04,S02,SKU010,Snacks,West,96.25,0,0,36,4,41.17,5.17
2025-10-05,S02,SKU010,Snacks,West,93.39,0,0,39,9,40.67,1.67
2025-10-06,S02,SKU010,Snacks,West,94.69,0,0,35,4,37.88,2.88
2025-10-07,S02,SKU010,Snacks,West,94.03,0,0,45,5,38.26,6.74
2025-10-08,S02,SKU010,Snacks,West,96.61,0,0,38,7,37.64,0.36
2025-10-09,S02,SKU010,Snacks,West,96.85,0,0,40,2,37.56,2.44
2025-10-10,S02,SKU010,Snacks,West,95.19,0,0,28,6,37.91,9.91
2025-10-11,S02,SKU010,Snacks,West,96.57,0,0,43,3,39.71,3.29
2025-10-12,S02,SKU010,Snacks,West,97.01,0,0,34,6,39.82,5.82
2025-10-13,S02,SKU010,Snacks,West,93.71,0,0,45,2,36.6,8.4
2025-10-14,S02,SKU010,Snacks,West,95.61,0,0,39,7,38.17,0.83
2025-10-15,S02,SKU010,Snacks,West,95.09,0,0,33,4,38.45,5.45
2025-10-16,S02,SKU010,Snacks,West,95.37,0,0,39,4,37.35,1.65
2025-10-17,S02,SKU010,Snacks,West,95.69,0,0,38,8,37.58,0.42
2025-10-18,S02,SKU010,Snacks,West,96.13,0,0,43,6,40.24,2.76
2025-10-19,S02,SKU010,Snacks,West,95.72,0,0,44,9,39.81,4.19
2025-10-20,S02,SKU010,Snacks,West,91.14,0,0,32,2,37.67,5.67
2025-10-21,S02,SKU010,Snacks,West,94.07,0,0,44,9,38.33,5.67
2025-10-22,S02,SKU010,Snacks,West,94.93,0,0,46,8,38.04,7.96
2025-10-23,S02,SKU010,Snacks,West,94.02,0,0,36,7,37.9,1.9
2025-10-24,S02,SKU010,Snacks,West,94.85,0,0,35,5,37.67,2.67
2025-10-25,S02,SKU010,Snacks,West,94.49,0,0,44,3,40.73,3.27
2025-10-26,S02,SKU010,Snacks,West,93.83,0,0,49,9,40.71,8.29
2025-10-27,S02,SKU010,Snacks,West,94.29,0,0,25,9,38.35,13.35
2025-10-28,S02,SKU010,Snacks,West,94.85,0,0,42,9,38.18,3.82
2025-10-29,S02,SKU010,Snacks,West,95.65,0,0,35,5,37.56,2.56
2025-10-30,S02,SKU010,Snacks,West,95.27,0,0,43,5,37.3,5.7
2025-10-31,S02,SKU010,Snacks,West,87.0,1,0,51,5,47.35,3.65
2025-11-01,S02,SKU010,Snacks,West,86.23,1,0,56,8,53.37,2.63
2025-11-02,S02,SKU010,Snacks,West,95.08,0,0,42,6,41.96,0.04
2025-11-03,S02,SKU010,Snacks,West,94.3,0,0,47,2,39.15,7.85
2025-11-04,S02,SKU010,Snacks,West,95.4,0,0,48,5,40.05,7.95
2025-11-05,S02,SKU010,Snacks,West,94.58,0,0,43,3,39.94,3.06
2025-11-06,S02,SKU010,Snacks,West,95.92,0,0,41,5,40.59,0.41
2025-11-07,S02,SKU010,Snacks,West,87.43,1,0,56,4,51.79,4.21
2025-11-08,S02,SKU010,Snacks,West,99.16,0,0,44,9,44.23,0.23
2025-11-09,S02,SKU010,Snacks,West,96.46,0,0,40,6,44.73,4.73
2025-11-10,S02,SKU010,Snacks,West,94.43,0,0,42,6,42.45,0.45
2025-11-11,S02,SKU010,Snacks,West,94.72,0,0,33,5,41.34,8.34
2025-11-12,S02,SKU010,Snacks,West,96.18,0,0,42,2,40.89,1.11
2025-11-13,S02,SKU010,Snacks,West,94.73,0,0,44,9,41.18,2.82
2025-11-14,S02,SKU010,Snacks,West,93.45,0,0,34,6,41.71,7.71
2025-11-15,S02,SKU010,Snacks,West,96.95,0,0,44,3,44.52,0.52
2025-11-16,S02,SKU010,Snacks,West,88.92,1,0,55,9,58.24,3.24
2025-11-17,S02,SKU010,Snacks,West,95.84,0,0,47,4,40.65,6.35
2025-11-18,S02,SKU010,Snacks,West,96.86,0,0,44,3,41.88,2.12
2025-11-19,S02,SKU010,Snacks,West,97.5,0,0,37,7,42.26,5.26
2025-11-20,S02,SKU010,Snacks,West,93.34,0,0,47,8,41.16,5.84
2025-11-21,S02,SKU010,Snacks,West,95.35,0,0,36,8,41.4,5.4
2025-11-22,S02,SKU010,Snacks,West,96.66,0,0,40,5,46.04,6.04
2025-11-23,S02,SKU010,Snacks,West,95.99,0,0,50,6,46.08,3.92
2025-11-24,S02,SKU010,Snacks,West,95.13,0,0,34,4,40.54,6.54
2025-11-25,S02,SKU010,Snacks,West,94.02,0,0,42,9,42.06,0.06
2025-11-26,S02,SKU010,Snacks,West,94.5,0,0,51,9,41.62,9.38
2025-11-27,S02,SKU010,Snacks,West,97.69,0,0,45,9,43.21,1.79
2025-11-28,S02,SKU010,Snacks,West,95.12,0,0,39,5,43.69,4.69
2025-11-29,S02,SKU010,Snacks,West,86.41,1,0,68,8,59.02,8.98
2025-11-30,S02,SKU010,Snacks,West,95.41,0,0,38,3,47.6,9.6
2025-12-01,S02,SKU010,Snacks,West,92.6,0,0,44,8,43.34,0.66
2025-12-02,S02,SKU010,Snacks,West,87.66,1,0,52,3,56.98,4.98
2025-12-03,S02,SKU010,Snacks,West,94.34,0,0,42,5,43.37,1.37
2025-12-04,S02,SKU010,Snacks,West,94.82,0,0,47,2,43.32,3.68
2025-12-05,S02,SKU010,Snacks,West,92.56,0,0,40,8,44.15,4.15
2025-12-06,S02,SKU010,Snacks,West,96.09,0,0,51,6,46.33,4.67
2025-12-07,S02,SKU010,Snacks,West,96.76,0,0,51,8,46.98,4.02
2025-12-08,S02,SKU010,Snacks,West,97.15,0,0,43,3,43.84,0.84
2025-12-09,S02,SKU010,Snacks,West,93.06,0,0,42,7,42.78,0.78
2025-12-10,S02,SKU010,Snacks,West,93.8,0,0,45,9,43.73,1.27
2025-12-11,S02,SKU010,Snacks,West,94.54,0,0,45,9,43.64,1.36
2025-12-12,S02,SKU010,Snacks,West,86.49,1,0,58,7,58.19,0.19
2025-12-13,S02,SKU010,Snacks,West,96.51,0,0,56,5,48.96,7.04
2025-12-14,S02,SKU010,Snacks,West,86.88,1,0,61,9,64.49,3.49
2025-12-15,S02,SKU010,Snacks,West,94.23,0,0,38,4,45.36,7.36
2025-12-16,S02,SKU010,Snacks,West,95.02,0,0,33,6,45.83,12.83
2025-12-17,S02,SKU010,Snacks,West,91.69,0,0,42,3,44.97,2.97
2025-12-18,S02,SKU010,Snacks,West,96.61,0,0,44,9,45.0,1.0
2025-12-19,S02,SKU010,Snacks,West,94.45,0,0,53,7,44.0,9.0
2025-12-20,S02,SKU010,Snacks,West,94.04,0,0,48,7,49.57,1.57
2025-12-21,S02,SKU010,Snacks,West,94.83,0,0,52,8,49.83,2.17
2025-12-22,S02,SKU010,Snacks,West,97.12,0,0,44,4,43.85,0.15
2025-12-23,S02,SKU010,Snacks,West,94.65,0,0,46,7,44.67,1.33
2025-12-24,S02,SKU010,Snacks,West,95.93,0,0,46,7,45.39,0.61
2025-12-25,S02,SKU010,Snacks,West,94.25,0,1,44,3,52.74,8.74
2025-12-26,S02,SKU010,Snacks,West,95.92,0,0,47,2,45.8,1.2
2025-12-27,S02,SKU010,Snacks,West,85.37,1,0,67,5,67.04,0.04
2025-12-28,S02,SKU010,Snacks,West,94.5,0,0,44,9,45.76,1.76
2025-12-29,S02,SKU010,Snacks,West,94.86,0,0,45,9,44.66,0.34
2025-12-30,S02,SKU010,Snacks,West,94.12,0,0,55,6,45.15,9.85
2025-12-31,S02,SKU010,Snacks,West,96.18,0,0,42,8,46.11,4.11
2025-08-13,S02,SKU011,Personal Care,West,416.62,0,0,36,8,33.9,2.1
2025-08-14,S02,SKU011,Personal Care,West,410.94,0,0,34,4,34.16,0.16
2025-08-15,S02,SKU011,Personal Care,West,413.42,0,1,47,4,44.94,2.06
2025-08-16,S02,SKU011,Personal Care,West,407.69,0,0,36,9,37.06,1.06
2025-08-17,S02,SKU011,Personal Care,West,384.91,1,0,58,4,49.93,8.07
2025-08-18,S02,SKU011,Personal Care,West,378.64,1,0,39,9,44.78,5.78
2025-08-19,S02,SKU011,Personal Care,West,413.93,0,0,38,8,34.25,3.75
2025-08-20,S02,SKU011,Personal Care,West,414.35,0,0,35,3,34.12,0.88
2025-08-21,S02,SKU011,Personal Care,West,415.97,0,0,36,7,34.04,1.96
2025-08-22,S02,SKU011,Personal Care,West,405.3,0,0,28,9,35.35,7.35
2025-08-23,S02,SKU011,Personal Care,West,396.22,0,0,35,5,37.24,2.24
2025-08-24,S02,SKU011,Personal Care,West,406.97,0,0,33,8,37.59,4.59
2025-08-25,S02,SKU011,Personal Care,West,404.18,0,0,26,6,33.46,7.46
2025-08-26,S02,SKU011,Personal Care,West,379.6,1,0,45,8,45.0,0.0
2025-08-27,S02,SKU011,Personal Care,West,411.86,0,0,37,7,33.53,3.47
2025-08-28,S02,SKU011,Personal Care,West,380.88,1,0,44,3,45.47,1.47
2025-08-29,S02,SKU011,Personal Care,West,409.72,0,0,41,4,34.11,6.89
2025-08-30,S02,SKU011,Personal Care,West,412.85,0,0,31,8,37.18,6.18
2025-08-31,S02,SKU011,Personal Care,West,407.58,0,0,37,8,37.94,0.94
2025-09-01,S02,SKU011,Personal Care,West,395.78,0,0,32,2,34.28,2.28
2025-09-02,S02,SKU011,Personal Care,West,373.6,1,0,26,7,45.8,19.8
2025-09-03,S02,SKU011,Personal Care,West,405.06,0,0,36,5,33.84,2.16
2025-09-04,S02,SKU011,Personal Care,West,412.36,0,0,35,9,33.96,1.04
2025-09-05,S02,SKU011,Personal Care,West,406.4,0,0,29,8,33.66,4.66
2025-09-06,S02,SKU011,Personal Care,West,414.67,0,0,32,6,35.9,3.9
2025-09-07,S02,SKU011,Personal Care,West,411.6,0,0,39,4,35.31,3.69
2025-09-08,S02,SKU011,Personal Care,West,399.49,0,0,35,2,31.97,3.03
2025-09-09,S02,SKU011,Personal Care,West,408.43,0,0,29,3,32.43,3.43
2025-09-10,S02,SKU011,Personal Care,West,409.25,0,0,39,4,31.91,7.09
2025-09-11,S02,SKU011,Personal Care,West,409.25,0,0,30,3,32.42,2.42
2025-09-12,S02,SKU011,Personal Care,West,416.2,0,0,32,5,32.55,0.55
2025-09-13,S02,SKU011,Personal Care,West,403.16,0,0,31,6,34.79,3.79
2025-09-14,S02,SKU011,Personal Care,West,400.02,0,0,39,3,34.01,4.99
2025-09-15,S02,SKU011,Personal Care,West,415.79,0,0,27,4,31.25,4.25
2025-09-16,S02,SKU011,Personal Care,West,397.53,0,0,35,5,31.48,3.52
2025-09-17,S02,SKU011,Personal Care,West,417.12,0,0,33,7,30.44,2.56
2025-09-18,S02,SKU011,Personal Care,West,416.23,0,0,24,3,30.8,6.8
2025-09-19,S02,SKU011,Personal Care,West,400.47,0,0,26,4,30.91,4.91
2025-09-20,S02,SKU011,Personal Care,West,414.4,0,0,40,7,32.66,7.34
2025-09-21,S02,SKU011,Personal Care,West,413.3,0,0,35,9,33.47,1.53
2025-09-22,S02,SKU011,Personal Care,West,376.94,1,0,42,9,40.77,1.23
2025-09-23,S02,SKU011,Personal Care,West,413.12,0,0,31,8,31.63,0.63
2025-09-24,S02,SKU011,Personal Care,West,411.29,0,0,31,9,31.21,0.21
2025-09-25,S02,SKU011,Personal Care,West,414.39,0,0,26,4,31.48,5.48
2025-09-26,S02,SKU011,Personal Care,West,411.69,0,0,40,9,31.06,8.94
2025-09-27,S02,SKU011,Personal Care,West,407.71,0,0,32,8,33.13,1.13
2025-09-28,S02,SKU011,Personal Care,West,380.01,1,0,41,6,43.41,2.41
2025-09-29,S02,SKU011,Personal Care,West,415.17,0,0,31,4,30.99,0.01
2025-09-30,S02,SKU011,Personal Care,West,407.49,0,0,38,3,30.51,7.49
2025-10-01,S02,SKU011,Personal Care,West,379.84,1,0,34,2,42.39,8.39
2025-10-02,S02,SKU011,Personal Care,West,416.14,0,1,26,3,40.21,14.21
2025-10-03,S02,SKU011,Personal Care,West,405.31,0,0,33,2,31.19,1.81
2025-10-04,S02,SKU011,Personal Care,West,413.0,0,0,46,2,33.6,12.4
2025-10-05,S02,SKU011,Personal Care,West,407.26,0,0,38,8,34.5,3.5
2025-10-06,S02,SKU011,Personal Care,West,414.45,0,0,31,8,31.83,0.83
2025-10-07,S02,SKU011,Personal Care,West,374.86,1,0,42,7,42.18,0.18
2025-10-08,S02,SKU011,Personal Care,West,425.3,0,0,37,8,31.7,5.3
2025-10-09,S02,SKU011,Personal Care,West,384.76,1,0,42,4,42.31,0.31
2025-10-10,S02,SKU011,Personal Care,West,408.3,0,0,30,4,32.99,2.99
2025-10-11,S02,SKU011,Personal Care,West,398.76,0,0,42,2,35.51,6.49
2025-10-12,S02,SKU011,Personal Care,West,398.7,0,0,35,7,35.73,0.73
2025-10-13,S02,SKU011,Personal Care,West,414.62,0,0,34,8,32.96,1.04
2025-10-14,S02,SKU011,Personal Care,West,419.63,0,0,29,3,32.7,3.7
2025-10-15,S02,SKU011,Personal Care,West,418.35,0,0,31,6,32.69,1.69
2025-10-16,S02,SKU011,Personal Care,West,407.93,0,0,29,2,32.91,3.91
2025-10-17,S02,SKU011,Personal Care,West,406.52,0,0,42,5,32.21,9.79
2025-10-18,S02,SKU011,Personal Care,West,419.85,0,0,26,5,35.53,9.53
2025-10-19,S02,SKU011,Personal Care,West,402.4,0,0,34,3,35.24,1.24
2025-10-20,S02,SKU011,Personal Care,West,412.42,0,0,31,3,32.67,1.67
2025-10-21,S02,SKU011,Personal Care,West,414.0,0,0,36,8,33.1,2.9
2025-10-22,S02,SKU011,Personal Care,West,390.67,1,0,46,5,43.8,2.2
2025-10-23,S02,SKU011,Personal Care,West,421.06,0,0,31,8,33.29,2.29
2025-10-24,S02,SKU011,Personal Care,West,403.6,0,0,28,3,33.42,5.42
2025-10-25,S02,SKU011,Personal Care,West,406.58,0,0,39,3,35.78,3.22
2025-10-26,S02,SKU011,Personal Care,West,416.28,0,0,36,9,35.62,0.38
2025-10-27,S02,SKU011,Personal Care,West,411.91,0,0,32,3,33.79,1.79
2025-10-28,S02,SKU011,Personal Care,West,416.98,0,0,38,7,33.75,4.25
2025-10-29,S02,SKU011,Personal Care,West,408.06,0,0,35,4,33.85,1.15
2025-10-30,S02,SKU011,Personal Care,West,408.0,0,0,26,9,33.67,7.67
2025-10-31,S02,SKU011,Personal Care,West,409.61,0,0,34,9,33.67,0.33
2025-11-01,S02,SKU011,Personal Care,West,405.4,0,0,30,7,35.61,5.61
2025-11-02,S02,SKU011,Personal Care,West,406.14,0,0,41,4,35.9,5.1
2025-11-03,S02,SKU011,Personal Care,West,411.86,0,0,35,2,33.58,1.42
2025-11-04,S02,SKU011,Personal Care,West,402.49,0,0,34,6,33.99,0.01
2025-11-05,S02,SKU011,Personal Care,West,403.69,0,0,38,2,33.6,4.4
2025-11-06,S02,SKU011,Personal Care,West,411.02,0,0,33,9,34.23,1.23
2025-11-07,S02,SKU011,Personal Care,West,407.35,0,0,35,4,33.46,1.54
2025-11-08,S02,SKU011,Personal Care,West,409.07,0,0,33,2,36.42,3.42
2025-11-09,S02,SKU011,Personal Care,West,416.61,0,0,45,9,35.71,9.29
2025-11-10,S02,SKU011,Personal Care,West,413.65,0,0,35,8,34.11,0.89
2025-11-11,S02,SKU011,Personal Care,West,413.5,0,0,41,7,34.06,6.94
2025-11-12,S02,SKU011,Personal Care,West,415.76,0,0,26,2,33.96,7.96
2025-11-13,S02,SKU011,Personal Care,West,414.23,0,0,33,8,34.28,1.28
2025-11-14,S02,SKU011,Personal Care,West,400.88,0,0,38,5,34.36,3.64
2025-11-15,S02,SKU011,Personal Care,West,405.09,0,0,39,2,36.75,2.25
2025-11-16,S02,SKU011,Personal Care,West,406.56,0,0,38,8,37.44,0.56
2025-11-17,S02,SKU011,Personal Care,West,412.31,0,0,35,4,34.5,0.5
2025-11-18,S02,SKU011,Personal Care,West,403.67,0,0,42,7,34.73,7.27
2025-11-19,S02,SKU011,Personal Care,West,404.2,0,0,28,5,35.26,7.26
2025-11-20,S02,SKU011,Personal Care,West,413.39,0,0,31,5,34.54,3.54
2025-11-21,S02,SKU011,Personal Care,West,394.98,0,0,37,2,34.11,2.89
2025-11-22,S02,SKU011,Personal Care,West,384.56,1,0,55,2,48.52,6.48
2025-11-23,S02,SKU011,Personal Care,West,418.77,0,0,46,8,37.42,8.58
2025-11-24,S02,SKU011,Personal Care,West,381.96,1,0,51,6,46.57,4.43
2025-11-25,S02,SKU011,Personal Care,West,416.95,0,0,36,7,37.05,1.05
2025-11-26,S02,SKU011,Personal Care,West,374.27,1,0,39,8,48.65,9.65
2025-11-27,S02,SKU011,Personal Care,West,403.92,0,0,40,7,37.09,2.91
2025-11-28,S02,SKU011,Personal Care,West,406.28,0,0,32,8,36.44,4.44
2025-11-29,S02,SKU011,Personal Care,West,424.58,0,0,40,2,40.93,0.93
2025-11-30,S02,SKU011,Personal Care,West,405.44,0,0,41,8,39.99,1.01
2025-12-01,S02,SKU011,Personal Care,West,423.62,0,0,36,2,36.46,0.46
2025-12-02,S02,SKU011,Personal Care,West,410.33,0,0,35,9,36.51,1.51
2025-12-03,S02,SKU011,Personal Care,West,407.53,0,0,38,4,36.46,1.54
2025-12-04,S02,SKU011,Personal Care,West,413.01,0,0,40,4,36.13,3.87
2025-12-05,S02,SKU011,Personal Care,West,401.5,0,0,31,8,36.68,5.68
2025-12-06,S02,SKU011,Personal Care,West,412.99,0,0,42,4,39.09,2.91
2025-12-07,S02,SKU011,Personal Care,West,392.76,1,0,54,2,54.49,0.49
2025-12-08,S02,SKU011,Personal Care,West,415.03,0,0,37,2,37.11,0.11
2025-12-09,S02,SKU011,Personal Care,West,410.06,0,0,36,4,37.87,1.87
2025-12-10,S02,SKU011,Personal Care,West,403.9,0,0,42,3,37.63,4.37
2025-12-11,S02,SKU011,Personal Care,West,415.89,0,0,45,3,38.19,6.81
2025-12-12,S02,SKU011,Personal Care,West,424.25,0,0,41,8,38.54,2.46
2025-12-13,S02,SKU011,Personal Care,West,370.08,1,0,49,7,55.6,6.6
2025-12-14,S02,SKU011,Personal Care,West,404.4,0,0,43,7,42.76,0.24
2025-12-15,S02,SKU011,Personal Care,West,412.46,0,0,34,4,39.41,5.41
2025-12-16,S02,SKU011,Personal Care,West,413.84,0,0,46,3,39.92,6.08
2025-12-17,S02,SKU011,Personal Care,West,404.56,0,0,45,7,39.31,5.69
2025-12-18,S02,SKU011,Personal Care,West,396.23,0,0,42,5,40.31,1.69
2025-12-19,S02,SKU011,Personal Care,West,416.1,0,0,38,2,40.67,2.67
2025-12-20,S02,SKU011,Personal Care,West,406.89,0,0,36,7,43.42,7.42
2025-12-21,S02,SKU011,Personal Care,West,411.4,0,0,50,7,43.55,6.45
2025-12-22,S02,SKU011,Personal Care,West,408.35,0,0,25,7,40.24,15.24
2025-12-23,S02,SKU011,Personal Care,West,411.41,0,0,37,9,39.24,2.24
2025-12-24,S02,SKU011,Personal Care,West,402.02,0,0,35,4,39.25,4.25
2025-12-25,S02,SKU011,Personal Care,West,391.86,0,1,46,8,42.47,3.53
2025-12-26,S02,SKU011,Personal Care,West,407.94,0,0,44,5,38.74,5.26
2025-12-27,S02,SKU011,Personal Care,West,401.92,0,0,38,8,42.56,4.56
2025-12-28,S02,SKU011,Personal Care,West,403.08,0,0,52,7,42.33,9.67
2025-12-29,S02,SKU011,Personal Care,West,409.08,0,0,44,4,39.57,4.43
2025-12-30,S02,SKU011,Personal Care,West,415.15,0,0,40,3,40.75,0.75
2025-12-31,S02,SKU011,Personal Care,West,406.81,0,0,35,3,40.79,5.79
2025-08-13,S02,SKU012,Household,West,367.45,0,0,27,3,23.71,3.29
2025-08-14,S02,SKU012,Household,West,332.66,1,0,25,6,30.74,5.74
2025-08-15,S02,SKU012,Household,West,370.66,0,1,25,4,28.72,3.72
2025-08-16,S02,SKU012,Household,West,376.92,0,0,17,8,25.47,8.47
2025-08-17,S02,SKU012,Household,West,367.39,0,0,26,8,25.58,0.42
2025-08-18,S02,SKU012,Household,West,366.31,0,0,26,4,23.5,2.5
2025-08-19,S02,SKU012,Household,West,361.96,0,0,15,9,23.74,8.74
2025-08-20,S02,SKU012,Household,West,367.88,0,0,17,2,22.91,5.91
2025-08-21,S02,SKU012,Household,West,365.91,0,0,15,3,22.6,7.6
2025-08-22,S02,SKU012,Household,West,326.32,1,0,29,5,29.04,0.04
2025-08-23,S02,SKU012,Household,West,362.05,0,0,28,2,23.96,4.04
2025-08-24,S02,SKU012,Household,West,364.68,0,0,17,8,24.48,7.48
2025-08-25,S02,SKU012,Household,West,371.19,0,0,18,5,22.6,4.6
2025-08-26,S02,SKU012,Household,West,369.6,0,0,16,6,22.57,6.57
2025-08-27,S02,SKU012,Household,West,337.87,1,0,28,8,28.41,0.41
2025-08-28,S02,SKU012,Household,West,366.24,0,0,21,4,21.27,0.27
2025-08-29,S02,SKU012,Household,West,370.81,0,0,22,6,21.56,0.44
2025-08-30,S02,SKU012,Household,West,372.78,0,0,25,7,23.13,1.87
2025-08-31,S02,SKU012,Household,West,365.26,0,0,29,2,23.18,5.82
2025-09-01,S02,SKU012,Household,West,364.57,0,0,18,5,22.3,4.3
2025-09-02,S02,SKU012,Household,West,370.5,0,0,25,7,21.93,3.07
2025-09-03,S02,SKU012,Household,West,360.25,0,0,20,5,21.84,1.84
2025-09-04,S02,SKU012,Household,West,362.05,0,0,22,7,21.76,0.24
2025-09-05,S02,SKU012,Household,West,368.17,0,0,18,7,21.39,3.39
2025-09-06,S02,SKU012,Household,West,356.39,0,0,24,8,22.68,1.32
2025-09-07,S02,SKU012,Household,West,368.42,0,0,17,3,22.64,5.64
2025-09-08,S02,SKU012,Household,West,360.56,0,0,22,3,20.6,1.4
2025-09-09,S02,SKU012,Household,West,372.72,0,0,25,5,20.22,4.78
2025-09-10,S02,SKU012,Household,West,372.22,0,0,16,4,20.14,4.14
2025-09-11,S02,SKU012,Household,West,352.33,0,0,27,5,20.06,6.94
2025-09-12,S02,SKU012,Household,West,368.63,0,0,24,2,19.9,4.1
2025-09-13,S02,SKU012,Household,West,375.62,0,0,26,8,21.56,4.44
2025-09-14,S02,SKU012,Household,West,374.13,0,0,23,3,22.05,0.95
2025-09-15,S02,SKU012,Household,West,360.39,0,0,23,3,20.45,2.55
2025-09-16,S02,SKU012,Household,West,375.57,0,0,27,5,20.76,6.24
2025-09-17,S02,SKU012,Household,West,364.41,0,0,19,6,20.93,1.93
2025-09-18,S02,SKU012,Household,West,369.49,0,0,16,4,21.14,5.14
2025-09-19,S02,SKU012,Household,West,362.8,0,0,25,9,21.05,3.95
2025-09-20,S02,SKU012,Household,West,331.2,1,0,25,6,28.22,3.22
2025-09-21,S02,SKU012,Household,West,362.49,0,0,19,7,21.6,2.6
2025-09-22,S02,SKU012,Household,West,358.5,0,0,18,8,20.31,2.31
2025-09-23,S02,SKU012,Household,West,363.9,0,0,17,4,20.47,3.47
2025-09-24,S02,SKU012,Household,West,375.12,0,0,25,6,20.8,4.2
2025-09-25,S02,SKU012,Household,West,365.89,0,0,19,3,20.37,1.37
2025-09-26,S02,SKU012,Household,West,362.87,0,0,16,8,19.92,3.92
2025-09-27,S02,SKU012,Household,West,365.54,0,0,24,3,21.68,2.32
2025-09-28,S02,SKU012,Household,West,355.75,0,0,17,5,21.55,4.55
2025-09-29,S02,SKU012,Household,West,365.07,0,0,23,7,19.63,3.37
2025-09-30,S02,SKU012,Household,West,359.47,0,0,14,5,19.92,5.92
2025-10-01,S02,SKU012,Household,West,332.63,1,0,24,9,26.82,2.82
2025-10-02,S02,SKU012,Household,West,373.4,0,1,19,7,19.72,0.72
2025-10-03,S02,SKU012,Household,West,365.65,0,0,29,5,19.9,9.1
2025-10-04,S02,SKU012,Household,West,352.35,0,0,24,7,21.52,2.48
2025-10-05,S02,SKU012,Household,West,370.15,0,0,26,9,21.43,4.57
2025-10-06,S02,SKU012,Household,West,356.65,0,0,20,8,20.46,0.46
2025-10-07,S02,SKU012,Household,West,329.2,1,0,26,5,26.57,0.57
2025-10-08,S02,SKU012,Household,West,366.95,0,0,18,8,20.57,2.57
2025-10-09,S02,SKU012,Household,West,367.8,0,0,20,3,20.69,0.69
2025-10-10,S02,SKU012,Household,West,365.01,0,0,14,4,20.53,6.53
2025-10-11,S02,SKU012,Household,West,364.19,0,0,25,8,20.71,4.29
2025-10-12,S02,SKU012,Household,West,372.32,0,0,27,9,21.67,5.33
2025-10-13,S02,SKU012,Household,West,370.2,0,0,22,8,20.18,1.82
2025-10-14,S02,SKU012,Household,West,363.04,0,0,27,6,20.31,6.69
2025-10-15,S02,SKU012,Household,West,367.13,0,0,5,7,20.2,15.2
2025-10-16,S02,SKU012,Household,West,363.66,0,0,16,7,20.07,4.07
2025-10-17,S02,SKU012,Household,West,363.39,0,0,19,6,20.08,1.08
2025-10-18,S02,SKU012,Household,West,369.91,0,0,17,9,21.26,4.26
2025-10-19,S02,SKU012,Household,West,376.26,0,0,18,3,21.97,3.97
2025-10-20,S02,SKU012,Household,West,373.7,0,0,22,4,20.21,1.79
2025-10-21,S02,SKU012,Household,West,363.21,0,0,22,8,19.82,2.18
2025-10-22,S02,SKU012,Household,West,361.53,0,0,24,3,19.74,4.26
2025-10-23,S02,SKU012,Household,West,365.38,0,0,20,9,20.0,0.0
2025-10-24,S02,SKU012,Household,West,369.57,0,0,21,4,19.84,1.16
2025-10-25,S02,SKU012,Household,West,359.32,0,0,33,2,21.6,11.4
2025-10-26,S02,SKU012,Household,West,368.43,0,0,20,7,21.61,1.61
2025-10-27,S02,SKU012,Household,West,361.32,0,0,24,4,20.35,3.65
2025-10-28,S02,SKU012,Household,West,337.53,1,0,33,8,28.71,4.29
2025-10-29,S02,SKU012,Household,West,363.88,0,0,20,7,22.06,2.06
2025-10-30,S02,SKU012,Household,West,371.34,0,0,17,4,21.13,4.13
2025-10-31,S02,SKU012,Household,West,358.87,0,0,26,9,21.6,4.4
2025-11-01,S02,SKU012,Household,West,366.8,0,0,15,7,22.8,7.8
2025-11-02,S02,SKU012,Household,West,364.96,0,0,24,6,22.13,1.87
2025-11-03,S02,SKU012,Household,West,367.32,0,0,26,9,20.62,5.38
2025-11-04,S02,SKU012,Household,West,365.3,0,0,15,8,20.84,5.84
2025-11-05,S02,SKU012,Household,West,372.96,0,0,29,6,20.65,8.35
2025-11-06,S02,SKU012,Household,West,367.36,0,0,25,6,20.62,4.38
2025-11-07,S02,SKU012,Household,West,363.29,0,0,12,5,21.33,9.33
2025-11-08,S02,SKU012,Household,West,367.91,0,0,21,3,22.64,1.64
2025-11-09,S02,SKU012,Household,West,330.44,1,0,43,8,29.79,13.21
2025-11-10,S02,SKU012,Household,West,343.92,1,0,26,8,29.55,3.55
2025-11-11,S02,SKU012,Household,West,363.72,0,0,17,9,22.23,5.23
2025-11-12,S02,SKU012,Household,West,369.6,0,0,23,9,21.03,1.97
2025-11-13,S02,SKU012,Household,West,358.08,0,0,23,7,22.29,0.71
2025-11-14,S02,SKU012,Household,West,370.54,0,0,27,3,22.09,4.91
2025-11-15,S02,SKU012,Household,West,365.09,0,0,17,9,23.78,6.78
2025-11-16,S02,SKU012,Household,West,365.3,0,0,25,5,23.46,1.54
2025-11-17,S02,SKU012,Household,West,366.66,0,0,21,4,22.76,1.76
2025-11-18,S02,SKU012,Household,West,337.37,1,0,27,7,28.69,1.69
2025-11-19,S02,SKU012,Household,West,363.18,0,0,18,8,23.23,5.23
2025-11-20,S02,SKU012,Household,West,372.85,0,0,24,6,22.9,1.1
2025-11-21,S02,SKU012,Household,West,366.79,0,0,24,9,22.47,1.53
2025-11-22,S02,SKU012,Household,West,369.54,0,0,28,8,23.63,4.37
2025-11-23,S02,SKU012,Household,West,364.56,0,0,25,6,25.49,0.49
2025-11-24,S02,SKU012,Household,West,370.9,0,0,25,7,23.51,1.49
2025-11-25,S02,SKU012,Household,West,368.96,0,0,25,2,23.37,1.63
2025-11-26,S02,SKU012,Household,West,363.66,0,0,24,9,23.23,0.77
2025-11-27,S02,SKU012,Household,West,373.95,0,0,31,5,23.54,7.46
2025-11-28,S02,SKU012,Household,West,368.28,0,0,22,6,23.67,1.67
2025-11-29,S02,SKU012,Household,West,366.48,0,0,21,5,24.78,3.78
2025-11-30,S02,SKU012,Household,West,359.37,0,0,30,4,24.69,5.31
2025-12-01,S02,SKU012,Household,West,370.64,0,0,24,8,24.64,0.64
2025-12-02,S02,SKU012,Household,West,369.13,0,0,22,9,25.06,3.06
2025-12-03,S02,SKU012,Household,West,362.05,0,0,28,3,24.46,3.54
2025-12-04,S02,SKU012,Household,West,332.16,1,0,33,2,31.9,1.1
2025-12-05,S02,SKU012,Household,West,364.34,0,0,20,3,23.24,3.24
2025-12-06,S02,SKU012,Household,West,359.4,0,0,32,3,26.45,5.55
2025-12-07,S02,SKU012,Household,West,362.38,0,0,30,8,26.09,3.91
2025-12-08,S02,SKU012,Household,West,364.96,0,0,23,3,24.35,1.35
2025-12-09,S02,SKU012,Household,West,371.38,0,0,28,8,24.88,3.12
2025-12-10,S02,SKU012,Household,West,359.51,0,0,22,9,24.67,2.67
2025-12-11,S02,SKU012,Household,West,337.14,1,0,40,9,33.38,6.62
2025-12-12,S02,SKU012,Household,West,357.93,0,0,28,6,25.21,2.79
2025-12-13,S02,SKU012,Household,West,363.07,0,0,30,6,27.04,2.96
2025-12-14,S02,SKU012,Household,West,337.08,1,0,30,9,36.09,6.09
2025-12-15,S02,SKU012,Household,West,366.44,0,0,34,4,25.59,8.41
2025-12-16,S02,SKU012,Household,West,369.7,0,0,23,4,26.41,3.41
2025-12-17,S02,SKU012,Household,West,361.48,0,0,18,4,25.86,7.86
2025-12-18,S02,SKU012,Household,West,367.35,0,0,22,4,26.39,4.39
2025-12-19,S02,SKU012,Household,West,353.36,0,0,23,7,25.83,2.83
2025-12-20,S02,SKU012,Household,West,365.65,0,0,39,4,27.52,11.48
2025-12-21,S02,SKU012,Household,West,369.44,0,0,24,6,28.53,4.53
2025-12-22,S02,SKU012,Household,West,359.82,0,0,22,3,25.07,3.07
2025-12-23,S02,SKU012,Household,West,354.72,0,0,28,3,26.06,1.94
2025-12-24,S02,SKU012,Household,West,370.37,0,0,22,2,25.8,3.8
2025-12-25,S02,SKU012,Household,West,368.16,0,1,23,4,32.38,9.38
2025-12-26,S02,SKU012,Household,West,340.65,1,0,31,2,32.69,1.69
2025-12-27,S02,SKU012,Household,West,360.13,0,0,25,9,28.76,3.76
2025-12-28,S02,SKU012,Household,West,369.57,0,0,31,9,28.59,2.41
2025-12-29,S02,SKU012,Household,West,360.54,0,0,28,4,26.08,1.92
2025-12-30,S02,SKU012,Household,West,360.64,0,0,27,9,26.02,0.98
2025-12-31,S02,SKU012,Household,West,361.38,0,0,30,7,26.31,3.69
2025-08-13,S02,SKU013,Beverages,West,272.11,0,0,53,8,55.85,2.85
2025-08-14,S02,SKU013,Beverages,West,267.16,0,0,54,6,56.13,2.13
2025-08-15,S02,SKU013,Beverages,West,273.27,0,1,61,5,64.31,3.31
2025-08-16,S02,SKU013,Beverages,West,268.49,0,0,62,4,59.77,2.23
2025-08-17,S02,SKU013,Beverages,West,266.82,0,0,66,5,59.34,6.66
2025-08-18,S02,SKU013,Beverages,West,270.77,0,0,57,7,54.75,2.25
2025-08-19,S02,SKU013,Beverages,West,269.58,0,0,54,8,54.48,0.48
2025-08-20,S02,SKU013,Beverages,West,273.6,0,0,57,4,54.69,2.31
2025-08-21,S02,SKU013,Beverages,West,268.06,0,0,55,5,54.47,0.53
2025-08-22,S02,SKU013,Beverages,West,266.91,0,0,49,3,54.15,5.15
2025-08-23,S02,SKU013,Beverages,West,269.9,0,0,55,3,58.41,3.41
2025-08-24,S02,SKU013,Beverages,West,267.67,0,0,64,6,57.48,6.52
2025-08-25,S02,SKU013,Beverages,West,274.64,0,0,58,9,52.55,5.45
2025-08-26,S02,SKU013,Beverages,West,243.38,1,0,68,5,69.23,1.23
2025-08-27,S02,SKU013,Beverages,West,265.67,0,0,54,2,54.23,0.23
2025-08-28,S02,SKU013,Beverages,West,272.95,0,0,58,8,53.42,4.58
2025-08-29,S02,SKU013,Beverages,West,270.54,0,0,58,7,54.05,3.95
2025-08-30,S02,SKU013,Beverages,West,278.61,0,0,55,4,58.18,3.18
2025-08-31,S02,SKU013,Beverages,West,270.08,0,0,64,6,57.44,6.56
2025-09-01,S02,SKU013,Beverages,West,272.56,0,0,54,8,53.24,0.76
2025-09-02,S02,SKU013,Beverages,West,267.18,0,0,45,4,52.78,7.78
2025-09-03,S02,SKU013,Beverages,West,261.61,0,0,63,7,52.68,10.32
2025-09-04,S02,SKU013,Beverages,West,268.13,0,0,56,5,53.4,2.6
2025-09-05,S02,SKU013,Beverages,West,267.65,0,0,54,4,53.31,0.69
2025-09-06,S02,SKU013,Beverages,West,262.88,0,0,52,9,56.88,4.88
2025-09-07,S02,SKU013,Beverages,West,280.79,0,0,63,2,56.96,6.04
2025-09-08,S02,SKU013,Beverages,West,277.69,0,0,52,8,52.24,0.24
2025-09-09,S02,SKU013,Beverages,West,268.87,0,0,49,4,51.61,2.61
2025-09-10,S02,SKU013,Beverages,West,269.18,0,0,57,6,52.13,4.87
2025-09-11,S02,SKU013,Beverages,West,262.6,0,0,50,8,51.95,1.95
2025-09-12,S02,SKU013,Beverages,West,267.53,0,0,54,7,52.16,1.84
2025-09-13,S02,SKU013,Beverages,West,271.65,0,0,62,8,55.44,6.56
2025-09-14,S02,SKU013,Beverages,West,277.16,0,0,55,9,55.3,0.3
2025-09-15,S02,SKU013,Beverages,West,267.94,0,0,48,5,51.61,3.61
2025-09-16,S02,SKU013,Beverages,West,268.47,0,0,52,8,51.65,0.35
2025-09-17,S02,SKU013,Beverages,West,270.61,0,0,58,2,51.85,6.15
2025-09-18,S02,SKU013,Beverages,West,266.74,0,0,48,8,51.54,3.54
2025-09-19,S02,SKU013,Beverages,West,270.81,0,0,52,2,51.6,0.4
2025-09-20,S02,SKU013,Beverages,West,274.95,0,0,56,6,54.65,1.35
2025-09-21,S02,SKU013,Beverages,West,272.4,0,0,48,4,55.84,7.84
2025-09-22,S02,SKU013,Beverages,West,271.16,0,0,52,4,50.79,1.21
2025-09-23,S02,SKU013,Beverages,West,272.98,0,0,54,7,50.84,3.16
2025-09-24,S02,SKU013,Beverages,West,274.23,0,0,62,3,51.2,10.8
2025-09-25,S02,SKU013,Beverages,West,270.73,0,0,60,5,50.81,9.19
2025-09-26,S02,SKU013,Beverages,West,267.18,0,0,51,4,50.87,0.13
2025-09-27,S02,SKU013,Beverages,West,271.64,0,0,54,6,54.92,0.92
2025-09-28,S02,SKU013,Beverages,West,273.07,0,0,44,9,54.39,10.39
2025-09-29,S02,SKU013,Beverages,West,262.23,0,0,52,8,49.65,2.35
2025-09-30,S02,SKU013,Beverages,West,261.84,0,0,57,3,49.77,7.23
2025-10-01,S02,SKU013,Beverages,West,276.82,0,0,50,5,51.03,1.03
2025-10-02,S02,SKU013,Beverages,West,268.9,0,1,57,3,57.96,0.96
2025-10-03,S02,SKU013,Beverages,West,265.8,0,0,46,2,50.06,4.06
2025-10-04,S02,SKU013,Beverages,West,269.06,0,0,61,5,53.6,7.4
2025-10-05,S02,SKU013,Beverages,West,274.64,0,0,61,6,53.99,7.01
2025-10-06,S02,SKU013,Beverages,West,269.63,0,0,60,4,50.1,9.9
2025-10-07,S02,SKU013,Beverages,West,267.02,0,0,57,2,50.7,6.3
2025-10-08,S02,SKU013,Beverages,West,278.03,0,0,53,2,51.4,1.6
2025-10-09,S02,SKU013,Beverages,West,270.82,0,0,49,6,52.39,3.39
2025-10-10,S02,SKU013,Beverages,West,266.85,0,0,44,5,51.07,7.07
2025-10-11,S02,SKU013,Beverages,West,268.18,0,0,70,6,53.61,16.39
2025-10-12,S02,SKU013,Beverages,West,272.63,0,0,60,6,55.53,4.47
2025-10-13,S02,SKU013,Beverages,West,277.23,0,0,59,5,51.92,7.08
2025-10-14,S02,SKU013,Beverages,West,266.69,0,0,56,6,52.1,3.9
2025-10-15,S02,SKU013,Beverages,West,264.82,0,0,55,6,52.08,2.92
2025-10-16,S02,SKU013,Beverages,West,275.03,0,0,52,5,51.83,0.17
2025-10-17,S02,SKU013,Beverages,West,271.96,0,0,59,6,52.03,6.97
2025-10-18,S02,SKU013,Beverages,West,271.67,0,0,48,2,56.24,8.24
2025-10-19,S02,SKU013,Beverages,West,272.34,0,0,62,7,55.9,6.1
2025-10-20,S02,SKU013,Beverages,West,276.39,0,0,51,3,52.5,1.5
2025-10-21,S02,SKU013,Beverages,West,270.82,0,0,62,9,52.35,9.65
2025-10-22,S02,SKU013,Beverages,West,276.74,0,0,52,4,53.15,1.15
2025-10-23,S02,SKU013,Beverages,West,270.14,0,0,47,2,52.16,5.16
2025-10-24,S02,SKU013,Beverages,West,271.23,0,0,59,6,52.34,6.66
2025-10-25,S02,SKU013,Beverages,West,247.14,1,0,77,3,73.32,3.68
2025-10-26,S02,SKU013,Beverages,West,275.33,0,0,57,7,55.23,1.77
2025-10-27,S02,SKU013,Beverages,West,251.18,1,0,70,2,70.57,0.57
2025-10-28,S02,SKU013,Beverages,West,255.99,1,0,72,8,71.07,0.93
2025-10-29,S02,SKU013,Beverages,West,271.3,0,0,54,7,55.29,1.29
2025-10-30,S02,SKU013,Beverages,West,276.42,0,0,55,3,55.78,0.78
2025-10-31,S02,SKU013,Beverages,West,278.17,0,0,54,7,55.06,1.06
2025-11-01,S02,SKU013,Beverages,West,274.65,0,0,67,5,59.04,7.97
2025-11-02,S02,SKU013,Beverages,West,273.01,0,0,59,2,61.29,2.29
2025-11-03,S02,SKU013,Beverages,West,246.58,1,0,77,5,70.77,6.23
2025-11-04,S02,SKU013,Beverages,West,267.59,0,0,61,9,56.27,4.73
2025-11-05,S02,SKU013,Beverages,West,266.96,0,0,54,7,57.61,3.61
2025-11-06,S02,SKU013,Beverages,West,248.71,1,0,76,5,71.32,4.68
2025-11-07,S02,SKU013,Beverages,West,273.48,0,0,45,4,57.01,12.01
2025-11-08,S02,SKU013,Beverages,West,272.12,0,0,59,9,62.08,3.08
2025-11-09,S02,SKU013,Beverages,West,272.93,0,0,58,8,62.38,4.38
2025-11-10,S02,SKU013,Beverages,West,276.39,0,0,56,4,57.52,1.52
2025-11-11,S02,SKU013,Beverages,West,265.05,0,0,57,4,59.1,2.1
2025-11-12,S02,SKU013,Beverages,West,281.54,0,0,62,6,59.5,2.5
2025-11-13,S02,SKU013,Beverages,West,244.53,1,0,73,5,73.82,0.82
2025-11-14,S02,SKU013,Beverages,West,250.62,1,0,74,9,76.2,2.2
2025-11-15,S02,SKU013,Beverages,West,267.15,0,0,65,2,63.05,1.95
2025-11-16,S02,SKU013,Beverages,West,271.41,0,0,61,9,64.34,3.34
2025-11-17,S02,SKU013,Beverages,West,274.48,0,0,58,7,59.96,1.96
2025-11-18,S02,SKU013,Beverages,West,267.66,0,0,55,8,60.44,5.44
2025-11-19,S02,SKU013,Beverages,West,253.06,1,0,76,4,76.59,0.59
2025-11-20,S02,SKU013,Beverages,West,268.05,0,0,66,6,60.28,5.72
2025-11-21,S02,SKU013,Beverages,West,270.42,0,0,50,7,60.33,10.33
2025-11-22,S02,SKU013,Beverages,West,245.74,1,0,86,5,85.69,0.31
2025-11-23,S02,SKU013,Beverages,West,270.4,0,0,66,7,64.83,1.17
2025-11-24,S02,SKU013,Beverages,West,266.81,0,0,67,9,61.95,5.05
2025-11-25,S02,SKU013,Beverages,West,274.49,0,0,64,3,62.58,1.42
2025-11-26,S02,SKU013,Beverages,West,268.06,0,0,58,2,62.65,4.65
2025-11-27,S02,SKU013,Beverages,West,266.36,0,0,52,6,63.1,11.1
2025-11-28,S02,SKU013,Beverages,West,268.99,0,0,61,9,61.65,0.65
2025-11-29,S02,SKU013,Beverages,West,275.43,0,0,67,3,67.52,0.52
2025-11-30,S02,SKU013,Beverages,West,270.06,0,0,61,4,67.92,6.92
2025-12-01,S02,SKU013,Beverages,West,272.17,0,0,65,6,62.21,2.79
2025-12-02,S02,SKU013,Beverages,West,266.44,0,0,52,9,61.56,9.56
2025-12-03,S02,SKU013,Beverages,West,269.98,0,0,57,6,61.3,4.3
2025-12-04,S02,SKU013,Beverages,West,270.03,0,0,57,5,62.05,5.05
2025-12-05,S02,SKU013,Beverages,West,266.74,0,0,57,6,60.09,3.09
2025-12-06,S02,SKU013,Beverages,West,271.57,0,0,70,4,66.01,3.99
2025-12-07,S02,SKU013,Beverages,West,262.89,0,0,64,3,67.56,3.56
2025-12-08,S02,SKU013,Beverages,West,274.0,0,0,58,9,61.77,3.77
2025-12-09,S02,SKU013,Beverages,West,262.17,0,0,60,3,62.56,2.56
2025-12-10,S02,SKU013,Beverages,West,267.31,0,0,56,4,62.45,6.45
2025-12-11,S02,SKU013,Beverages,West,272.55,0,0,58,4,61.96,3.96
2025-12-12,S02,SKU013,Beverages,West,273.78,0,0,57,4,61.75,4.75
2025-12-13,S02,SKU013,Beverages,West,271.9,0,0,69,2,65.68,3.32
2025-12-14,S02,SKU013,Beverages,West,246.42,1,0,96,5,86.59,9.41
2025-12-15,S02,SKU013,Beverages,West,249.31,1,0,80,6,84.03,4.03
2025-12-16,S02,SKU013,Beverages,West,277.55,0,0,56,5,61.65,5.65
2025-12-17,S02,SKU013,Beverages,West,266.64,0,0,60,2,62.73,2.73
2025-12-18,S02,SKU013,Beverages,West,272.44,0,0,58,8,62.61,4.61
2025-12-19,S02,SKU013,Beverages,West,253.15,1,0,79,6,82.64,3.64
2025-12-20,S02,SKU013,Beverages,West,269.59,0,0,64,5,67.37,3.37
2025-12-21,S02,SKU013,Beverages,West,279.84,0,0,66,5,70.02,4.02
2025-12-22,S02,SKU013,Beverages,West,280.15,0,0,59,7,62.37,3.37
2025-12-23,S02,SKU013,Beverages,West,273.71,0,0,68,6,62.85,5.15
2025-12-24,S02,SKU013,Beverages,West,265.78,0,0,63,3,62.82,0.18
2025-12-25,S02,SKU013,Beverages,West,274.34,0,1,80,2,70.9,9.1
2025-12-26,S02,SKU013,Beverages,West,274.38,0,0,58,9,61.76,3.76
2025-12-27,S02,SKU013,Beverages,West,273.77,0,0,80,6,67.73,12.27
2025-12-28,S02,SKU013,Beverages,West,242.38,1,0,90,9,85.19,4.81
2025-12-29,S02,SKU013,Beverages,West,269.23,0,0,66,6,63.69,2.31
2025-12-30,S02,SKU013,Beverages,West,280.54,0,0,64,5,63.4,0.6
2025-12-31,S02,SKU013,Beverages,West,273.37,0,0,68,9,63.57,4.43
2025-08-13,S02,SKU014,Snacks,West,287.5,0,0,49,2,54.58,5.58
2025-08-14,S02,SKU014,Snacks,West,289.04,0,0,57,7,53.19,3.81
2025-08-15,S02,SKU014,Snacks,West,285.24,0,1,66,9,62.52,3.48
2025-08-16,S02,SKU014,Snacks,West,285.21,0,0,60,9,58.59,1.41
2025-08-17,S02,SKU014,Snacks,West,281.33,0,0,64,6,58.76,5.24
2025-08-18,S02,SKU014,Snacks,West,260.73,1,0,69,7,69.83,0.83
2025-08-19,S02,SKU014,Snacks,West,287.5,0,0,51,5,52.57,1.57
2025-08-20,S02,SKU014,Snacks,West,293.7,0,0,53,9,53.37,0.37
2025-08-21,S02,SKU014,Snacks,West,288.05,0,0,43,9,53.92,10.92
2025-08-22,S02,SKU014,Snacks,West,279.63,0,0,61,7,51.87,9.13
2025-08-23,S02,SKU014,Snacks,West,279.88,0,0,63,9,57.08,5.92
2025-08-24,S02,SKU014,Snacks,West,257.76,1,0,78,8,73.29,4.71
2025-08-25,S02,SKU014,Snacks,West,284.69,0,0,55,8,52.84,2.16
2025-08-26,S02,SKU014,Snacks,West,281.36,0,0,49,5,53.75,4.75
2025-08-27,S02,SKU014,Snacks,West,259.97,1,0,61,6,69.53,8.53
2025-08-28,S02,SKU014,Snacks,West,284.15,0,0,48,2,54.02,6.02
2025-08-29,S02,SKU014,Snacks,West,277.91,0,0,57,6,53.6,3.4
2025-08-30,S02,SKU014,Snacks,West,279.67,0,0,58,9,57.96,0.04
2025-08-31,S02,SKU014,Snacks,West,251.31,1,0,68,3,75.35,7.35
2025-09-01,S02,SKU014,Snacks,West,293.84,0,0,54,8,53.65,0.35
2025-09-02,S02,SKU014,Snacks,West,280.56,0,0,43,9,54.51,11.51
2025-09-03,S02,SKU014,Snacks,West,285.43,0,0,50,4,52.48,2.48
2025-09-04,S02,SKU014,Snacks,West,278.68,0,0,54,2,52.13,1.87
2025-09-05,S02,SKU014,Snacks,West,287.0,0,0,52,6,51.63,0.37
2025-09-06,S02,SKU014,Snacks,West,262.92,1,0,69,2,72.95,3.95
2025-09-07,S02,SKU014,Snacks,West,282.38,0,0,58,4,56.14,1.86
2025-09-08,S02,SKU014,Snacks,West,285.57,0,0,48,8,52.22,4.22
2025-09-09,S02,SKU014,Snacks,West,284.29,0,0,62,7,51.57,10.43
2025-09-10,S02,SKU014,Snacks,West,286.95,0,0,45,9,52.37,7.37
2025-09-11,S02,SKU014,Snacks,West,265.68,1,0,70,2,67.54,2.46
2025-09-12,S02,SKU014,Snacks,West,258.53,1,0,70,5,70.24,0.24
2025-09-13,S02,SKU014,Snacks,West,286.92,0,0,61,9,56.67,4.33
2025-09-14,S02,SKU014,Snacks,West,285.17,0,0,59,2,58.03,0.97
2025-09-15,S02,SKU014,Snacks,West,281.12,0,0,53,9,53.74,0.74
2025-09-16,S02,SKU014,Snacks,West,292.78,0,0,47,4,52.06,5.06
2025-09-17,S02,SKU014,Snacks,West,254.44,1,0,63,8,67.94,4.94
2025-09-18,S02,SKU014,Snacks,West,279.73,0,0,50,9,51.66,1.66
2025-09-19,S02,SKU014,Snacks,West,282.61,0,0,43,6,53.99,10.99
2025-09-20,S02,SKU014,Snacks,West,280.98,0,0,56,2,56.49,0.49
2025-09-21,S02,SKU014,Snacks,West,261.04,1,0,65,2,73.56,8.56
2025-09-22,S02,SKU014,Snacks,West,283.56,0,0,58,3,51.51,6.49
2025-09-23,S02,SKU014,Snacks,West,284.88,0,0,50,3,51.4,1.4
2025-09-24,S02,SKU014,Snacks,West,258.02,1,0,74,4,68.05,5.95
2025-09-25,S02,SKU014,Snacks,West,284.83,0,0,52,2,51.82,0.18
2025-09-26,S02,SKU014,Snacks,West,284.85,0,0,57,4,52.77,4.23
2025-09-27,S02,SKU014,Snacks,West,286.29,0,0,49,7,57.43,8.43
2025-09-28,S02,SKU014,Snacks,West,286.76,0,0,55,2,56.84,1.84
2025-09-29,S02,SKU014,Snacks,West,283.38,0,0,43,8,52.76,9.76
2025-09-30,S02,SKU014,Snacks,West,287.52,0,0,47,4,51.23,4.23
2025-10-01,S02,SKU014,Snacks,West,277.56,0,0,58,2,51.94,6.06
2025-10-02,S02,SKU014,Snacks,West,286.36,0,1,69,5,59.21,9.79
2025-10-03,S02,SKU014,Snacks,West,277.5,0,0,39,2,52.85,13.85
2025-10-04,S02,SKU014,Snacks,West,288.12,0,0,55,8,55.55,0.55
2025-10-05,S02,SKU014,Snacks,West,285.65,0,0,57,5,55.75,1.25
2025-10-06,S02,SKU014,Snacks,West,287.23,0,0,50,4,51.68,1.68
2025-10-07,S02,SKU014,Snacks,West,283.29,0,0,39,3,52.08,13.08
2025-10-08,S02,SKU014,Snacks,West,281.08,0,0,53,9,51.84,1.16
2025-10-09,S02,SKU014,Snacks,West,284.01,0,0,50,8,51.47,1.47
2025-10-10,S02,SKU014,Snacks,West,291.86,0,0,47,7,50.99,3.99
2025-10-11,S02,SKU014,Snacks,West,287.48,0,0,51,7,53.87,2.87
2025-10-12,S02,SKU014,Snacks,West,283.42,0,0,60,2,54.52,5.48
2025-10-13,S02,SKU014,Snacks,West,286.58,0,0,55,2,50.07,4.93
2025-10-14,S02,SKU014,Snacks,West,282.73,0,0,51,5,50.38,0.62
2025-10-15,S02,SKU014,Snacks,West,288.72,0,0,37,5,50.3,13.3
2025-10-16,S02,SKU014,Snacks,West,263.23,1,0,68,2,66.18,1.82
2025-10-17,S02,SKU014,Snacks,West,286.9,0,0,61,4,50.3,10.7
2025-10-18,S02,SKU014,Snacks,West,285.61,0,0,54,5,54.5,0.5
2025-10-19,S02,SKU014,Snacks,West,289.21,0,0,63,4,54.78,8.22
2025-10-20,S02,SKU014,Snacks,West,287.87,0,0,60,4,50.88,9.12
2025-10-21,S02,SKU014,Snacks,West,289.66,0,0,49,4,50.95,1.95
2025-10-22,S02,SKU014,Snacks,West,280.34,0,0,42,6,50.27,8.27
2025-10-23,S02,SKU014,Snacks,West,293.76,0,0,42,7,49.94,7.94
2025-10-24,S02,SKU014,Snacks,West,280.49,0,0,48,6,49.78,1.78
2025-10-25,S02,SKU014,Snacks,West,282.28,0,0,59,2,53.66,5.34
2025-10-26,S02,SKU014,Snacks,West,280.89,0,0,58,2,53.18,4.82
2025-10-27,S02,SKU014,Snacks,West,281.52,0,0,49,7,49.77,0.77
2025-10-28,S02,SKU014,Snacks,West,282.74,0,0,45,4,50.44,5.44
2025-10-29,S02,SKU014,Snacks,West,283.29,0,0,58,5,50.66,7.34
2025-10-30,S02,SKU014,Snacks,West,286.35,0,0,56,7,48.92,7.08
2025-10-31,S02,SKU014,Snacks,West,264.95,1,0,68,7,66.23,1.77
2025-11-01,S02,SKU014,Snacks,West,281.58,0,0,59,5,56.52,2.48
2025-11-02,S02,SKU014,Snacks,West,279.16,0,0,54,4,57.1,3.1
2025-11-03,S02,SKU014,Snacks,West,283.31,0,0,55,2,51.89,3.11
2025-11-04,S02,SKU014,Snacks,West,289.72,0,0,59,3,52.09,6.91
2025-11-05,S02,SKU014,Snacks,West,289.25,0,0,61,6,53.52,7.48
2025-11-06,S02,SKU014,Snacks,West,283.18,0,0,52,2,53.27,1.27
2025-11-07,S02,SKU014,Snacks,West,281.93,0,0,59,4,52.26,6.74
2025-11-08,S02,SKU014,Snacks,West,284.58,0,0,54,3,57.45,3.45
2025-11-09,S02,SKU014,Snacks,West,287.53,0,0,58,8,57.22,0.78
2025-11-10,S02,SKU014,Snacks,West,281.28,0,0,63,6,54.24,8.76
2025-11-11,S02,SKU014,Snacks,West,290.07,0,0,51,3,54.63,3.63
2025-11-12,S02,SKU014,Snacks,West,265.2,1,0,76,7,69.91,6.09
2025-11-13,S02,SKU014,Snacks,West,281.21,0,0,55,2,55.62,0.62
2025-11-14,S02,SKU014,Snacks,West,279.26,0,0,60,9,55.13,4.87
2025-11-15,S02,SKU014,Snacks,West,285.76,0,0,48,5,59.82,11.82
2025-11-16,S02,SKU014,Snacks,West,281.85,0,0,62,9,58.74,3.26
2025-11-17,S02,SKU014,Snacks,West,286.0,0,0,50,5,54.95,4.95
2025-11-18,S02,SKU014,Snacks,West,278.97,0,0,54,6,54.61,0.61
2025-11-19,S02,SKU014,Snacks,West,281.02,0,0,54,6,54.43,0.43
2025-11-20,S02,SKU014,Snacks,West,285.81,0,0,59,3,54.9,4.1
2025-11-21,S02,SKU014,Snacks,West,263.56,1,0,62,5,70.91,8.91
2025-11-22,S02,SKU014,Snacks,West,277.73,0,0,57,2,60.8,3.8
2025-11-23,S02,SKU014,Snacks,West,258.51,1,0,77,3,76.41,0.59
2025-11-24,S02,SKU014,Snacks,West,283.84,0,0,56,7,57.63,1.63
2025-11-25,S02,SKU014,Snacks,West,287.68,0,0,55,3,57.5,2.5
2025-11-26,S02,SKU014,Snacks,West,285.4,0,0,60,7,57.88,2.12
2025-11-27,S02,SKU014,Snacks,West,287.8,0,0,57,3,58.68,1.68
2025-11-28,S02,SKU014,Snacks,West,288.12,0,0,66,6,58.33,7.67
2025-11-29,S02,SKU014,Snacks,West,283.28,0,0,60,5,62.2,2.2
2025-11-30,S02,SKU014,Snacks,West,256.87,1,0,86,9,78.67,7.33
2025-12-01,S02,SKU014,Snacks,West,282.26,0,0,54,7,57.52,3.52
2025-12-02,S02,SKU014,Snacks,West,290.31,0,0,52,8,58.95,6.95
2025-12-03,S02,SKU014,Snacks,West,285.52,0,0,62,8,58.34,3.66
2025-12-04,S02,SKU014,Snacks,West,280.39,0,0,54,4,59.63,5.63
2025-12-05,S02,SKU014,Snacks,West,283.36,0,0,58,2,59.01,1.01
2025-12-06,S02,SKU014,Snacks,West,260.63,1,0,87,8,81.22,5.78
2025-12-07,S02,SKU014,Snacks,West,288.87,0,0,69,9,62.51,6.49
2025-12-08,S02,SKU014,Snacks,West,287.43,0,0,61,7,60.84,0.16
2025-12-09,S02,SKU014,Snacks,West,286.83,0,0,47,9,60.32,13.32
2025-12-10,S02,SKU014,Snacks,West,287.36,0,0,66,5,60.26,5.74
2025-12-11,S02,SKU014,Snacks,West,283.24,0,0,62,5,60.58,1.42
2025-12-12,S02,SKU014,Snacks,West,273.43,0,0,64,8,60.23,3.77
2025-12-13,S02,SKU014,Snacks,West,287.28,0,0,61,9,62.97,1.97
2025-12-14,S02,SKU014,Snacks,West,283.77,0,0,66,7,64.59,1.41
2025-12-15,S02,SKU014,Snacks,West,286.49,0,0,53,9,60.1,7.1
2025-12-16,S02,SKU014,Snacks,West,288.29,0,0,55,3,59.98,4.98
2025-12-17,S02,SKU014,Snacks,West,287.6,0,0,55,6,60.94,5.94
2025-12-18,S02,SKU014,Snacks,West,284.44,0,0,62,7,60.43,1.57
2025-12-19,S02,SKU014,Snacks,West,280.14,0,0,56,3,60.76,4.76
2025-12-20,S02,SKU014,Snacks,West,295.64,0,0,61,7,65.52,4.52
2025-12-21,S02,SKU014,Snacks,West,280.79,0,0,62,6,65.83,3.83
2025-12-22,S02,SKU014,Snacks,West,283.54,0,0,49,4,61.88,12.88
2025-12-23,S02,SKU014,Snacks,West,262.72,1,0,79,9,77.78,1.22
2025-12-24,S02,SKU014,Snacks,West,285.42,0,0,58,3,61.74,3.74
2025-12-25,S02,SKU014,Snacks,West,286.89,0,1,76,3,69.79,6.21
2025-12-26,S02,SKU014,Snacks,West,283.6,0,0,66,9,61.65,4.35
2025-12-27,S02,SKU014,Snacks,West,289.68,0,0,74,9,65.4,8.6
2025-12-28,S02,SKU014,Snacks,West,281.35,0,0,72,7,66.98,5.02
2025-12-29,S02,SKU014,Snacks,West,256.05,1,0,80,6,79.36,0.64
2025-12-30,S02,SKU014,Snacks,West,289.26,0,0,59,8,60.92,1.92
2025-12-31,S02,SKU014,Snacks,West,283.01,0,0,63,2,63.03,0.03
2025-08-13,S02,SKU015,Personal Care,West,360.92,0,0,26,7,21.24,4.76
2025-08-14,S02,SKU015,Personal Care,West,361.98,0,0,23,2,21.57,1.43
2025-08-15,S02,SKU015,Personal Care,West,366.03,0,1,18,3,26.46,8.46
2025-08-16,S02,SKU015,Personal Care,West,339.21,1,0,40,6,28.69,11.31
2025-08-17,S02,SKU015,Personal Care,West,364.5,0,0,23,3,24.68,1.68
2025-08-18,S02,SKU015,Personal Care,West,351.49,0,0,20,2,21.55,1.55
2025-08-19,S02,SKU015,Personal Care,West,337.4,1,0,30,2,28.96,1.04
2025-08-20,S02,SKU015,Personal Care,West,332.59,1,0,37,2,29.55,7.45
2025-08-21,S02,SKU015,Personal Care,West,381.13,0,0,30,7,23.1,6.9
2025-08-22,S02,SKU015,Personal Care,West,363.9,0,0,20,7,22.57,2.57
2025-08-23,S02,SKU015,Personal Care,West,331.98,1,0,33,5,31.62,1.38
2025-08-24,S02,SKU015,Personal Care,West,362.31,0,0,32,5,24.89,7.11
2025-08-25,S02,SKU015,Personal Care,West,331.64,1,0,34,8,30.77,3.23
2025-08-26,S02,SKU015,Personal Care,West,369.74,0,0,13,8,24.6,11.6
2025-08-27,S02,SKU015,Personal Care,West,364.22,0,0,30,2,22.62,7.38
2025-08-28,S02,SKU015,Personal Care,West,357.91,0,0,32,4,23.63,8.37
2025-08-29,S02,SKU015,Personal Care,West,361.7,0,0,28,4,23.63,4.37
2025-08-30,S02,SKU015,Personal Care,West,363.49,0,0,16,6,27.14,11.14
2025-08-31,S02,SKU015,Personal Care,West,357.51,0,0,28,7,25.67,2.33
2025-09-01,S02,SKU015,Personal Care,West,371.27,0,0,19,3,24.09,5.09
2025-09-02,S02,SKU015,Personal Care,West,367.05,0,0,20,6,23.66,3.66
2025-09-03,S02,SKU015,Personal Care,West,356.87,0,0,12,4,23.81,11.81
2025-09-04,S02,SKU015,Personal Care,West,363.94,0,0,13,7,21.97,8.97
2025-09-05,S02,SKU015,Personal Care,West,368.33,0,0,19,9,22.15,3.15
2025-09-06,S02,SKU015,Personal Care,West,368.92,0,0,14,4,24.16,10.16
2025-09-07,S02,SKU015,Personal Care,West,333.87,1,0,24,2,30.95,6.95
2025-09-08,S02,SKU015,Personal Care,West,331.88,1,0,21,4,29.66,8.66
2025-09-09,S02,SKU015,Personal Care,West,372.6,0,0,29,6,22.36,6.64
2025-09-10,S02,SKU015,Personal Care,West,363.7,0,0,19,9,22.44,3.44
2025-09-11,S02,SKU015,Personal Care,West,362.21,0,0,30,3,22.28,7.72
2025-09-12,S02,SKU015,Personal Care,West,336.54,1,0,29,9,29.28,0.28
2025-09-13,S02,SKU015,Personal Care,West,363.08,0,0,17,5,24.55,7.55
2025-09-14,S02,SKU015,Personal Care,West,364.55,0,0,20,2,24.57,4.57
2025-09-15,S02,SKU015,Personal Care,West,361.03,0,0,22,6,21.7,0.3
2025-09-16,S02,SKU015,Personal Care,West,354.62,0,0,21,3,22.65,1.65
2025-09-17,S02,SKU015,Personal Care,West,361.19,0,0,23,7,21.4,1.6
2025-09-18,S02,SKU015,Personal Care,West,339.89,1,0,29,8,27.13,1.87
2025-09-19,S02,SKU015,Personal Care,West,367.05,0,0,18,2,21.24,3.24
2025-09-20,S02,SKU015,Personal Care,West,359.96,0,0,28,8,22.4,5.6
2025-09-21,S02,SKU015,Personal Care,West,369.59,0,0,29,8,22.31,6.69
2025-09-22,S02,SKU015,Personal Care,West,360.0,0,0,24,7,21.73,2.27
2025-09-23,S02,SKU015,Personal Care,West,361.12,0,0,26,5,21.62,4.38
2025-09-24,S02,SKU015,Personal Care,West,337.52,1,0,23,8,29.2,6.2
2025-09-25,S02,SKU015,Personal Care,West,358.96,0,0,11,4,21.41,10.41
2025-09-26,S02,SKU015,Personal Care,West,356.75,0,0,25,9,20.03,4.97
2025-09-27,S02,SKU015,Personal Care,West,366.06,0,0,35,8,21.79,13.21
2025-09-28,S02,SKU015,Personal Care,West,374.7,0,0,31,3,23.04,7.96
2025-09-29,S02,SKU015,Personal Care,West,360.32,0,0,26,3,21.33,4.67
2025-09-30,S02,SKU015,Personal Care,West,367.32,0,0,21,4,21.59,0.59
2025-10-01,S02,SKU015,Personal Care,West,334.53,1,0,27,7,27.81,0.81
2025-10-02,S02,SKU015,Personal Care,West,362.34,0,1,23,8,27.22,4.22
2025-10-03,S02,SKU015,Personal Care,West,373.39,0,0,16,9,22.28,6.28
2025-10-04,S02,SKU015,Personal Care,West,363.16,0,0,22,5,22.99,0.99
2025-10-05,S02,SKU015,Personal Care,West,360.78,0,0,17,4,23.72,6.72
2025-10-06,S02,SKU015,Personal Care,West,367.05,0,0,18,6,21.52,3.52
2025-10-07,S02,SKU015,Personal Care,West,359.81,0,0,19,3,21.85,2.85
2025-10-08,S02,SKU015,Personal Care,West,354.98,0,0,18,3,21.32,3.32
2025-10-09,S02,SKU015,Personal Care,West,364.39,0,0,15,8,20.71,5.71
2025-10-10,S02,SKU015,Personal Care,West,367.28,0,0,27,3,21.22,5.78
2025-10-11,S02,SKU015,Personal Care,West,368.07,0,0,21,2,21.83,0.83
2025-10-12,S02,SKU015,Personal Care,West,339.11,1,0,23,6,29.12,6.12
2025-10-13,S02,SKU015,Personal Care,West,355.19,0,0,30,7,21.23,8.77
2025-10-14,S02,SKU015,Personal Care,West,370.92,0,0,15,4,21.1,6.1
2025-10-15,S02,SKU015,Personal Care,West,355.12,0,0,20,4,21.15,1.15
2025-10-16,S02,SKU015,Personal Care,West,365.17,0,0,25,7,21.3,3.7
2025-10-17,S02,SKU015,Personal Care,West,371.53,0,0,19,7,21.23,2.23
2025-10-18,S02,SKU015,Personal Care,West,362.9,0,0,16,8,22.05,6.05
2025-10-19,S02,SKU015,Personal Care,West,371.5,0,0,32,8,21.88,10.12
2025-10-20,S02,SKU015,Personal Care,West,362.36,0,0,17,7,21.06,4.06
2025-10-21,S02,SKU015,Personal Care,West,366.49,0,0,13,4,20.13,7.13
2025-10-22,S02,SKU015,Personal Care,West,368.6,0,0,17,3,20.31,3.31
2025-10-23,S02,SKU015,Personal Care,West,365.28,0,0,9,8,19.55,10.55
2025-10-24,S02,SKU015,Personal Care,West,362.67,0,0,19,6,20.79,1.79
2025-10-25,S02,SKU015,Personal Care,West,361.62,0,0,29,3,21.25,7.75
2025-10-26,S02,SKU015,Personal Care,West,331.07,1,0,18,6,30.7,12.7
2025-10-27,S02,SKU015,Personal Care,West,370.8,0,0,23,7,20.0,3.0
2025-10-28,S02,SKU015,Personal Care,West,361.47,0,0,25,3,20.33,4.67
2025-10-29,S02,SKU015,Personal Care,West,370.71,0,0,13,2,20.22,7.22
2025-10-30,S02,SKU015,Personal Care,West,361.15,0,0,21,2,18.93,2.07
2025-10-31,S02,SKU015,Personal Care,West,364.46,0,0,25,3,18.88,6.12
2025-11-01,S02,SKU015,Personal Care,West,375.87,0,0,19,8,22.28,3.28
2025-11-02,S02,SKU015,Personal Care,West,370.96,0,0,19,6,19.77,0.77
2025-11-03,S02,SKU015,Personal Care,West,362.65,0,0,16,2,20.26,4.26
2025-11-04,S02,SKU015,Personal Care,West,371.91,0,0,22,8,19.01,2.99
2025-11-05,S02,SKU015,Personal Care,West,374.86,0,0,30,3,20.34,9.66
2025-11-06,S02,SKU015,Personal Care,West,370.29,0,0,32,4,19.48,12.52
2025-11-07,S02,SKU015,Personal Care,West,363.45,0,0,19,5,20.93,1.93
2025-11-08,S02,SKU015,Personal Care,West,364.99,0,0,20,3,22.24,2.24
2025-11-09,S02,SKU015,Personal Care,West,371.09,0,0,9,7,21.87,12.87
2025-11-10,S02,SKU015,Personal Care,West,361.06,0,0,13,5,20.27,7.27
2025-11-11,S02,SKU015,Personal Care,West,363.01,0,0,24,3,19.74,4.26
2025-11-12,S02,SKU015,Personal Care,West,357.92,0,0,20,8,21.03,1.03
2025-11-13,S02,SKU015,Personal Care,West,336.17,1,0,36,7,27.5,8.5
2025-11-14,S02,SKU015,Personal Care,West,363.66,0,0,21,3,20.14,0.86
2025-11-15,S02,SKU015,Personal Care,West,362.27,0,0,22,5,21.42,0.58
2025-11-16,S02,SKU015,Personal Care,West,373.61,0,0,23,5,22.87,0.13
2025-11-17,S02,SKU015,Personal Care,West,365.13,0,0,15,9,20.53,5.53
2025-11-18,S02,SKU015,Personal Care,West,372.43,0,0,26,7,20.45,5.55
2025-11-19,S02,SKU015,Personal Care,West,360.44,0,0,17,9,21.67,4.67
2025-11-20,S02,SKU015,Personal Care,West,358.69,0,0,18,5,22.11,4.11
2025-11-21,S02,SKU015,Personal Care,West,364.02,0,0,22,2,21.25,0.75
2025-11-22,S02,SKU015,Personal Care,West,360.06,0,0,25,3,22.89,2.11
2025-11-23,S02,SKU015,Personal Care,West,365.16,0,0,19,8,22.05,3.05
2025-11-24,S02,SKU015,Personal Care,West,357.45,0,0,20,9,21.1,1.1
2025-11-25,S02,SKU015,Personal Care,West,369.1,0,0,33,2,21.18,11.82
2025-11-26,S02,SKU015,Personal Care,West,365.47,0,0,25,3,21.18,3.82
2025-11-27,S02,SKU015,Personal Care,West,364.9,0,0,22,2,21.31,0.69
2025-11-28,S02,SKU015,Personal Care,West,365.08,0,0,17,8,22.03,5.03
2025-11-29,S02,SKU015,Personal Care,West,366.11,0,0,24,4,22.56,1.44
2025-11-30,S02,SKU015,Personal Care,West,334.91,1,0,31,8,30.62,0.38
2025-12-01,S02,SKU015,Personal Care,West,374.26,0,0,20,6,23.27,3.27
2025-12-02,S02,SKU015,Personal Care,West,359.42,0,0,23,5,23.06,0.06
2025-12-03,S02,SKU015,Personal Care,West,360.04,0,0,28,9,22.92,5.08
2025-12-04,S02,SKU015,Personal Care,West,339.21,1,0,31,8,29.29,1.71
2025-12-05,S02,SKU015,Personal Care,West,357.45,0,0,32,9,23.41,8.59
2025-12-06,S02,SKU015,Personal Care,West,361.92,0,0,26,8,25.02,0.98
2025-12-07,S02,SKU015,Personal Care,West,359.1,0,0,23,5,24.28,1.28
2025-12-08,S02,SKU015,Personal Care,West,370.56,0,0,33,2,23.57,9.43
2025-12-09,S02,SKU015,Personal Care,West,369.58,0,0,24,7,25.15,1.15
2025-12-10,S02,SKU015,Personal Care,West,370.84,0,0,22,2,23.71,1.71
2025-12-11,S02,SKU015,Personal Care,West,337.6,1,0,29,7,33.23,4.23
2025-12-12,S02,SKU015,Personal Care,West,337.73,1,0,26,4,31.66,5.66
2025-12-13,S02,SKU015,Personal Care,West,366.24,0,0,31,5,26.03,4.97
2025-12-14,S02,SKU015,Personal Care,West,363.81,0,0,24,6,27.09,3.09
2025-12-15,S02,SKU015,Personal Care,West,362.15,0,0,22,6,25.59,3.59
2025-12-16,S02,SKU015,Personal Care,West,337.69,1,0,33,6,31.64,1.36
2025-12-17,S02,SKU015,Personal Care,West,371.8,0,0,24,2,24.26,0.26
2025-12-18,S02,SKU015,Personal Care,West,365.45,0,0,21,7,25.31,4.31
2025-12-19,S02,SKU015,Personal Care,West,365.09,0,0,22,9,25.4,3.4
2025-12-20,S02,SKU015,Personal Care,West,333.31,1,0,31,8,34.48,3.48
2025-12-21,S02,SKU015,Personal Care,West,369.21,0,0,31,9,27.25,3.75
2025-12-22,S02,SKU015,Personal Care,West,363.57,0,0,26,7,25.41,0.59
2025-12-23,S02,SKU015,Personal Care,West,376.5,0,0,24,7,26.32,2.32
2025-12-24,S02,SKU015,Personal Care,West,361.4,0,0,21,3,25.04,4.04
2025-12-25,S02,SKU015,Personal Care,West,368.33,0,1,27,7,31.26,4.26
2025-12-26,S02,SKU015,Personal Care,West,364.21,0,0,24,3,24.69,0.69
2025-12-27,S02,SKU015,Personal Care,West,369.53,0,0,28,7,27.2,0.8
2025-12-28,S02,SKU015,Personal Care,West,322.8,1,0,32,3,35.35,3.35
2025-12-29,S02,SKU015,Personal Care,West,367.27,0,0,18,3,25.51,7.51
2025-12-30,S02,SKU015,Personal Care,West,368.56,0,0,13,6,26.18,13.18
2025-12-31,S02,SKU015,Personal Care,West,368.43,0,0,19,3,25.56,6.56
2025-08-13,S02,SKU016,Household,West,101.55,0,0,22,6,19.6,2.4
2025-08-14,S02,SKU016,Household,West,91.4,1,0,24,7,26.68,2.68
2025-08-15,S02,SKU016,Household,West,102.27,0,1,26,6,22.75,3.25
2025-08-16,S02,SKU016,Household,West,98.59,0,0,11,6,21.71,10.71
2025-08-17,S02,SKU016,Household,West,99.69,0,0,25,6,20.05,4.95
2025-08-18,S02,SKU016,Household,West,101.54,0,0,17,9,20.98,3.98
2025-08-19,S02,SKU016,Household,West,103.25,0,0,19,7,20.21,1.21
2025-08-20,S02,SKU016,Household,West,108.57,0,0,30,5,20.63,9.37
2025-08-21,S02,SKU016,Household,West,102.22,0,0,27,6,19.98,7.02
2025-08-22,S02,SKU016,Household,West,94.55,1,0,31,4,27.37,3.63
2025-08-23,S02,SKU016,Household,West,101.99,0,0,15,3,23.47,8.47
2025-08-24,S02,SKU016,Household,West,100.81,0,0,26,3,21.59,4.41
2025-08-25,S02,SKU016,Household,West,103.44,0,0,14,2,20.68,6.68
2025-08-26,S02,SKU016,Household,West,103.04,0,0,13,4,20.01,7.01
2025-08-27,S02,SKU016,Household,West,102.28,0,0,15,5,19.84,4.84
2025-08-28,S02,SKU016,Household,West,102.67,0,0,20,6,19.45,0.55
2025-08-29,S02,SKU016,Household,West,102.2,0,0,19,4,20.66,1.66
2025-08-30,S02,SKU016,Household,West,102.81,0,0,25,8,21.61,3.39
2025-08-31,S02,SKU016,Household,West,104.26,0,0,19,5,21.42,2.42
2025-09-01,S02,SKU016,Household,West,101.55,0,0,13,3,20.85,7.85
2025-09-02,S02,SKU016,Household,West,100.81,0,0,18,8,19.1,1.1
2025-09-03,S02,SKU016,Household,West,104.42,0,0,22,3,19.76,2.24
2025-09-04,S02,SKU016,Household,West,102.54,0,0,12,7,18.74,6.74
2025-09-05,S02,SKU016,Household,West,103.58,0,0,17,2,19.21,2.21
2025-09-06,S02,SKU016,Household,West,104.79,0,0,23,5,20.23,2.77
2025-09-07,S02,SKU016,Household,West,98.89,0,0,22,7,20.12,1.88
2025-09-08,S02,SKU016,Household,West,99.48,0,0,24,8,19.65,4.35
2025-09-09,S02,SKU016,Household,West,92.11,1,0,27,7,25.65,1.35
2025-09-10,S02,SKU016,Household,West,93.99,1,0,23,7,25.53,2.53
2025-09-11,S02,SKU016,Household,West,102.23,0,0,10,9,19.08,9.08
2025-09-12,S02,SKU016,Household,West,101.51,0,0,26,3,17.7,8.3
2025-09-13,S02,SKU016,Household,West,100.89,0,0,20,5,20.16,0.16
2025-09-14,S02,SKU016,Household,West,100.17,0,0,20,9,20.27,0.27
2025-09-15,S02,SKU016,Household,West,104.2,0,0,9,5,19.52,10.52
2025-09-16,S02,SKU016,Household,West,101.55,0,0,14,5,18.04,4.04
2025-09-17,S02,SKU016,Household,West,95.39,1,0,29,3,27.69,1.31
2025-09-18,S02,SKU016,Household,West,92.46,1,0,23,9,23.23,0.23
2025-09-19,S02,SKU016,Household,West,100.86,0,0,18,4,18.6,0.6
2025-09-20,S02,SKU016,Household,West,102.14,0,0,16,6,18.8,2.8
2025-09-21,S02,SKU016,Household,West,97.86,0,0,18,4,19.27,1.27
2025-09-22,S02,SKU016,Household,West,101.22,0,0,17,4,18.53,1.53
2025-09-23,S02,SKU016,Household,West,101.89,0,0,26,8,18.19,7.81
2025-09-24,S02,SKU016,Household,West,101.5,0,0,21,8,17.88,3.12
2025-09-25,S02,SKU016,Household,West,104.45,0,0,23,6,17.44,5.56
2025-09-26,S02,SKU016,Household,West,101.79,0,0,7,8,17.87,10.87
2025-09-27,S02,SKU016,Household,West,101.16,0,0,19,8,18.83,0.17
2025-09-28,S02,SKU016,Household,West,103.3,0,0,24,7,19.25,4.75
2025-09-29,S02,SKU016,Household,West,102.88,0,0,10,6,17.88,7.88
2025-09-30,S02,SKU016,Household,West,102.16,0,0,13,9,18.51,5.51
2025-10-01,S02,SKU016,Household,West,100.91,0,0,18,5,17.89,0.11
2025-10-02,S02,SKU016,Household,West,105.26,0,1,18,4,19.57,1.57
2025-10-03,S02,SKU016,Household,West,101.45,0,0,14,3,16.53,2.53
2025-10-04,S02,SKU016,Household,West,100.73,0,0,19,5,19.36,0.36
2025-10-05,S02,SKU016,Household,West,101.11,0,0,20,4,18.93,1.07
2025-10-06,S02,SKU016,Household,West,98.97,0,0,21,9,17.12,3.88
2025-10-07,S02,SKU016,Household,West,101.71,0,0,21,4,17.86,3.14
2025-10-08,S02,SKU016,Household,West,93.09,1,0,28,4,22.22,5.78
2025-10-09,S02,SKU016,Household,West,100.36,0,0,14,9,17.43,3.43
2025-10-10,S02,SKU016,Household,West,99.93,0,0,13,3,18.92,5.92
2025-10-11,S02,SKU016,Household,West,100.37,0,0,21,7,18.94,2.06
2025-10-12,S02,SKU016,Household,West,101.32,0,0,17,7,18.46,1.46
2025-10-13,S02,SKU016,Household,West,102.77,0,0,14,5,17.94,3.94
2025-10-14,S02,SKU016,Household,West,101.25,0,0,23,8,18.45,4.55
2025-10-15,S02,SKU016,Household,West,104.41,0,0,19,3,18.3,0.7
2025-10-16,S02,SKU016,Household,West,99.08,0,0,21,7,18.03,2.97
2025-10-17,S02,SKU016,Household,West,100.53,0,0,20,2,18.16,1.84
2025-10-18,S02,SKU016,Household,West,104.09,0,0,26,9,19.11,6.89
2025-10-19,S02,SKU016,Household,West,103.56,0,0,25,9,18.99,6.01
2025-10-20,S02,SKU016,Household,West,101.53,0,0,15,2,18.09,3.09
2025-10-21,S02,SKU016,Household,West,102.13,0,0,22,4,17.96,4.04
2025-10-22,S02,SKU016,Household,West,92.87,1,0,24,5,24.09,0.09
2025-10-23,S02,SKU016,Household,West,97.35,0,0,23,6,17.98,5.02
2025-10-24,S02,SKU016,Household,West,102.75,0,0,14,5,17.94,3.94
2025-10-25,S02,SKU016,Household,West,101.84,0,0,20,6,19.86,0.14
2025-10-26,S02,SKU016,Household,West,101.75,0,0,23,3,19.74,3.26
2025-10-27,S02,SKU016,Household,West,101.73,0,0,21,7,17.81,3.19
2025-10-28,S02,SKU016,Household,West,102.16,0,0,16,7,18.47,2.47
2025-10-29,S02,SKU016,Household,West,103.88,0,0,23,9,19.03,3.97
2025-10-30,S02,SKU016,Household,West,101.05,0,0,25,6,18.23,6.77
2025-10-31,S02,SKU016,Household,West,102.68,0,0,27,6,18.63,8.37
2025-11-01,S02,SKU016,Household,West,92.22,1,0,28,3,29.92,1.92
2025-11-02,S02,SKU016,Household,West,103.4,0,0,24,5,21.87,2.13
2025-11-03,S02,SKU016,Household,West,100.81,0,0,18,2,20.64,2.64
2025-11-04,S02,SKU016,Household,West,92.89,1,0,25,3,27.57,2.57
2025-11-05,S02,SKU016,Household,West,99.82,0,0,17,8,21.01,4.01
2025-11-06,S02,SKU016,Household,West,102.95,0,0,20,4,20.98,0.98
2025-11-07,S02,SKU016,Household,West,97.62,0,0,25,3,20.57,4.43
2025-11-08,S02,SKU016,Household,West,101.11,0,0,24,3,22.13,1.87
2025-11-09,S02,SKU016,Household,West,96.75,0,0,16,4,21.71,5.71
2025-11-10,S02,SKU016,Household,West,92.07,1,0,26,3,28.28,2.28
2025-11-11,S02,SKU016,Household,West,102.95,0,0,23,2,20.66,2.34
2025-11-12,S02,SKU016,Household,West,103.4,0,0,22,4,20.58,1.42
2025-11-13,S02,SKU016,Household,West,100.22,0,0,23,2,21.26,1.74
2025-11-14,S02,SKU016,Household,West,100.34,0,0,15,8,21.17,6.17
2025-11-15,S02,SKU016,Household,West,100.82,0,0,25,8,21.93,3.07
2025-11-16,S02,SKU016,Household,West,100.48,0,0,22,3,22.62,0.62
2025-11-17,S02,SKU016,Household,West,91.55,1,0,25,7,28.52,3.52
2025-11-18,S02,SKU016,Household,West,102.57,0,0,12,6,21.28,9.28
2025-11-19,S02,SKU016,Household,West,99.4,0,0,18,2,21.04,3.04
2025-11-20,S02,SKU016,Household,West,104.08,0,0,28,7,20.85,7.15
2025-11-21,S02,SKU016,Household,West,103.03,0,0,24,3,21.62,2.38
2025-11-22,S02,SKU016,Household,West,101.76,0,0,11,6,22.69,11.69
2025-11-23,S02,SKU016,Household,West,101.2,0,0,29,4,22.02,6.98
2025-11-24,S02,SKU016,Household,West,103.07,0,0,14,5,21.06,7.06
2025-11-25,S02,SKU016,Household,West,99.66,0,0,21,4,21.29,0.29
2025-11-26,S02,SKU016,Household,West,102.87,0,0,20,3,20.52,0.52
2025-11-27,S02,SKU016,Household,West,94.35,1,0,25,9,28.5,3.5
2025-11-28,S02,SKU016,Household,West,96.43,1,0,23,9,28.49,5.49
2025-11-29,S02,SKU016,Household,West,100.93,0,0,28,8,23.03,4.97
2025-11-30,S02,SKU016,Household,West,102.61,0,0,26,9,22.35,3.65
2025-12-01,S02,SKU016,Household,West,100.88,0,0,26,4,21.93,4.07
2025-12-02,S02,SKU016,Household,West,103.39,0,0,28,4,21.47,6.53
2025-12-03,S02,SKU016,Household,West,101.41,0,0,17,3,21.94,4.94
2025-12-04,S02,SKU016,Household,West,100.45,0,0,32,5,22.42,9.58
2025-12-05,S02,SKU016,Household,West,90.85,1,0,26,6,29.59,3.59
2025-12-06,S02,SKU016,Household,West,94.55,1,0,32,6,31.82,0.18
2025-12-07,S02,SKU016,Household,West,99.93,0,0,23,5,24.92,1.92
2025-12-08,S02,SKU016,Household,West,92.6,1,0,30,5,29.89,0.11
2025-12-09,S02,SKU016,Household,West,102.96,0,0,16,4,22.92,6.92
2025-12-10,S02,SKU016,Household,West,100.36,0,0,29,5,23.58,5.42
2025-12-11,S02,SKU016,Household,West,101.45,0,0,22,3,23.21,1.21
2025-12-12,S02,SKU016,Household,West,100.86,0,0,25,6,23.69,1.31
2025-12-13,S02,SKU016,Household,West,103.04,0,0,27,9,25.35,1.65
2025-12-14,S02,SKU016,Household,West,102.09,0,0,25,9,25.69,0.69
2025-12-15,S02,SKU016,Household,West,102.98,0,0,27,6,24.34,2.66
2025-12-16,S02,SKU016,Household,West,101.04,0,0,31,2,24.01,6.99
2025-12-17,S02,SKU016,Household,West,105.93,0,0,20,8,24.63,4.63
2025-12-18,S02,SKU016,Household,West,91.44,1,0,29,2,31.51,2.51
2025-12-19,S02,SKU016,Household,West,101.75,0,0,24,4,24.14,0.14
2025-12-20,S02,SKU016,Household,West,98.33,0,0,37,8,25.26,11.74
2025-12-21,S02,SKU016,Household,West,99.22,0,0,20,2,25.66,5.66
2025-12-22,S02,SKU016,Household,West,103.2,0,0,20,3,24.77,4.77
2025-12-23,S02,SKU016,Household,West,99.92,0,0,14,4,24.26,10.26
2025-12-24,S02,SKU016,Household,West,103.66,0,0,19,9,24.82,5.82
2025-12-25,S02,SKU016,Household,West,102.57,0,1,21,4,27.0,6.0
2025-12-26,S02,SKU016,Household,West,102.33,0,0,20,9,24.96,4.96
2025-12-27,S02,SKU016,Household,West,102.11,0,0,26,3,25.32,0.68
2025-12-28,S02,SKU016,Household,West,105.03,0,0,20,6,25.54,5.54
2025-12-29,S02,SKU016,Household,West,101.71,0,0,25,6,23.43,1.57
2025-12-30,S02,SKU016,Household,West,99.62,0,0,26,3,25.2,0.8
2025-12-31,S02,SKU016,Household,West,99.8,0,0,22,7,23.71,1.71
2025-08-13,S02,SKU017,Beverages,West,208.56,0,0,15,6,17.55,2.55
2025-08-14,S02,SKU017,Beverages,West,211.86,0,0,24,7,17.61,6.39
2025-08-15,S02,SKU017,Beverages,West,213.81,0,1,27,6,19.73,7.27
2025-08-16,S02,SKU017,Beverages,West,207.35,0,0,16,6,18.14,2.14
2025-08-17,S02,SKU017,Beverages,West,207.4,0,0,24,3,17.89,6.11
2025-08-18,S02,SKU017,Beverages,West,203.19,0,0,12,8,16.89,4.89
2025-08-19,S02,SKU017,Beverages,West,203.34,0,0,13,3,17.91,4.91
2025-08-20,S02,SKU017,Beverages,West,191.37,1,0,33,2,24.25,8.75
2025-08-21,S02,SKU017,Beverages,West,205.9,0,0,18,2,17.13,0.87
2025-08-22,S02,SKU017,Beverages,West,209.49,0,0,15,2,17.36,2.36
2025-08-23,S02,SKU017,Beverages,West,209.15,0,0,19,9,18.76,0.24
2025-08-24,S02,SKU017,Beverages,West,214.37,0,0,25,5,18.49,6.51
2025-08-25,S02,SKU017,Beverages,West,208.52,0,0,28,3,17.79,10.21
2025-08-26,S02,SKU017,Beverages,West,215.91,0,0,12,7,17.29,5.29
2025-08-27,S02,SKU017,Beverages,West,207.96,0,0,11,4,17.6,6.6
2025-08-28,S02,SKU017,Beverages,West,202.59,0,0,19,6,17.77,1.23
2025-08-29,S02,SKU017,Beverages,West,207.67,0,0,5,8,17.6,12.6
2025-08-30,S02,SKU017,Beverages,West,206.42,0,0,10,4,16.66,6.66
2025-08-31,S02,SKU017,Beverages,West,207.11,0,0,26,7,17.78,8.22
2025-09-01,S02,SKU017,Beverages,West,203.99,0,0,17,5,17.25,0.25
2025-09-02,S02,SKU017,Beverages,West,192.21,1,0,26,4,22.44,3.56
2025-09-03,S02,SKU017,Beverages,West,208.03,0,0,17,2,19.72,2.72
2025-09-04,S02,SKU017,Beverages,West,208.36,0,0,16,7,17.51,1.51
2025-09-05,S02,SKU017,Beverages,West,206.59,0,0,23,8,15.24,7.76
2025-09-06,S02,SKU017,Beverages,West,193.4,1,0,19,2,24.17,5.17
2025-09-07,S02,SKU017,Beverages,West,210.62,0,0,11,4,18.94,7.94
2025-09-08,S02,SKU017,Beverages,West,197.25,1,0,26,9,23.25,2.75
2025-09-09,S02,SKU017,Beverages,West,189.14,1,0,19,8,23.84,4.84
2025-09-10,S02,SKU017,Beverages,West,202.04,0,0,19,5,17.41,1.59
2025-09-11,S02,SKU017,Beverages,West,205.36,0,0,19,9,17.56,1.44
2025-09-12,S02,SKU017,Beverages,West,204.57,0,0,23,8,20.11,2.89
2025-09-13,S02,SKU017,Beverages,West,210.53,0,0,10,4,17.21,7.21
2025-09-14,S02,SKU017,Beverages,West,204.84,0,0,16,6,19.4,3.4
2025-09-15,S02,SKU017,Beverages,West,209.63,0,0,19,8,18.05,0.95
2025-09-16,S02,SKU017,Beverages,West,206.46,0,0,16,3,17.51,1.51
2025-09-17,S02,SKU017,Beverages,West,210.56,0,0,21,9,17.65,3.35
2025-09-18,S02,SKU017,Beverages,West,208.03,0,0,16,3,17.76,1.76
2025-09-19,S02,SKU017,Beverages,West,208.8,0,0,18,8,16.83,1.17
2025-09-20,S02,SKU017,Beverages,West,208.94,0,0,24,2,17.84,6.16
2025-09-21,S02,SKU017,Beverages,West,208.31,0,0,9,3,17.84,8.84
2025-09-22,S02,SKU017,Beverages,West,197.76,1,0,22,5,23.46,1.46
2025-09-23,S02,SKU017,Beverages,West,205.98,0,0,18,7,16.21,1.79
2025-09-24,S02,SKU017,Beverages,West,190.94,1,0,27,9,24.07,2.93
2025-09-25,S02,SKU017,Beverages,West,210.99,0,0,15,2,17.52,2.52
2025-09-26,S02,SKU017,Beverages,West,207.02,0,0,11,2,16.94,5.94
2025-09-27,S02,SKU017,Beverages,West,206.75,0,0,29,5,17.35,11.65
2025-09-28,S02,SKU017,Beverages,West,189.5,1,0,27,7,25.18,1.82
2025-09-29,S02,SKU017,Beverages,West,212.54,0,0,17,7,17.38,0.38
2025-09-30,S02,SKU017,Beverages,West,207.42,0,0,16,6,17.68,1.68
2025-10-01,S02,SKU017,Beverages,West,206.52,0,0,24,2,17.25,6.75
2025-10-02,S02,SKU017,Beverages,West,190.75,1,1,22,9,25.3,3.3
2025-10-03,S02,SKU017,Beverages,West,209.76,0,0,19,4,19.23,0.23
2025-10-04,S02,SKU017,Beverages,West,210.58,0,0,26,6,18.87,7.13
2025-10-05,S02,SKU017,Beverages,West,206.98,0,0,19,9,17.63,1.37
2025-10-06,S02,SKU017,Beverages,West,204.53,0,0,16,5,17.42,1.42
2025-10-07,S02,SKU017,Beverages,West,209.03,0,0,24,3,18.02,5.98
2025-10-08,S02,SKU017,Beverages,West,210.82,0,0,22,2,17.81,4.19
2025-10-09,S02,SKU017,Beverages,West,207.34,0,0,21,8,17.63,3.37
2025-10-10,S02,SKU017,Beverages,West,209.29,0,0,19,7,17.16,1.84
2025-10-11,S02,SKU017,Beverages,West,208.96,0,0,12,2,17.3,5.3
2025-10-12,S02,SKU017,Beverages,West,205.94,0,0,21,6,18.7,2.3
2025-10-13,S02,SKU017,Beverages,West,210.81,0,0,17,6,18.44,1.44
2025-10-14,S02,SKU017,Beverages,West,208.33,0,0,10,3,18.41,8.41
2025-10-15,S02,SKU017,Beverages,West,202.87,0,0,18,4,18.35,0.35
2025-10-16,S02,SKU017,Beverages,West,213.68,0,0,11,8,16.65,5.65
2025-10-17,S02,SKU017,Beverages,West,206.37,0,0,25,5,18.22,6.78
2025-10-18,S02,SKU017,Beverages,West,204.93,0,0,16,6,19.64,3.64
2025-10-19,S02,SKU017,Beverages,West,205.3,0,0,10,4,17.51,7.51
2025-10-20,S02,SKU017,Beverages,West,204.97,0,0,18,7,17.91,0.09
2025-10-21,S02,SKU017,Beverages,West,201.01,0,0,13,6,17.45,4.45
2025-10-22,S02,SKU017,Beverages,West,189.96,1,0,23,5,23.3,0.3
2025-10-23,S02,SKU017,Beverages,West,212.78,0,0,4,9,18.27,14.27
2025-10-24,S02,SKU017,Beverages,West,206.63,0,0,17,4,18.16,1.16
2025-10-25,S02,SKU017,Beverages,West,207.37,0,0,26,8,17.61,8.39
2025-10-26,S02,SKU017,Beverages,West,207.35,0,0,10,2,18.82,8.82
2025-10-27,S02,SKU017,Beverages,West,212.2,0,0,11,9,17.5,6.5
2025-10-28,S02,SKU017,Beverages,West,189.07,1,0,26,4,24.99,1.01
2025-10-29,S02,SKU017,Beverages,West,210.01,0,0,9,8,17.61,8.61
2025-10-30,S02,SKU017,Beverages,West,208.43,0,0,20,5,16.78,3.22
2025-10-31,S02,SKU017,Beverages,West,206.14,0,0,21,2,17.3,3.7
2025-11-01,S02,SKU017,Beverages,West,199.73,0,0,27,7,18.65,8.35
2025-11-02,S02,SKU017,Beverages,West,211.08,0,0,16,6,18.27,2.27
2025-11-03,S02,SKU017,Beverages,West,210.56,0,0,18,6,17.88,0.12
2025-11-04,S02,SKU017,Beverages,West,208.75,0,0,10,7,17.24,7.24
2025-11-05,S02,SKU017,Beverages,West,208.72,0,0,15,2,16.68,1.68
2025-11-06,S02,SKU017,Beverages,West,205.59,0,0,19,5,18.68,0.32
2025-11-07,S02,SKU017,Beverages,West,203.29,0,0,15,4,17.28,2.28
2025-11-08,S02,SKU017,Beverages,West,212.37,0,0,24,4,17.6,6.4
2025-11-09,S02,SKU017,Beverages,West,206.62,0,0,17,9,17.79,0.79
2025-11-10,S02,SKU017,Beverages,West,190.0,1,0,23,5,23.75,0.75
2025-11-11,S02,SKU017,Beverages,West,209.04,0,0,21,9,16.81,4.19
2025-11-12,S02,SKU017,Beverages,West,207.18,0,0,26,2,17.09,8.91
2025-11-13,S02,SKU017,Beverages,West,205.44,0,0,27,8,17.29,9.71
2025-11-14,S02,SKU017,Beverages,West,205.43,0,0,15,2,17.91,2.91
2025-11-15,S02,SKU017,Beverages,West,208.26,0,0,20,3,18.73,1.27
2025-11-16,S02,SKU017,Beverages,West,190.51,1,0,24,7,24.75,0.75
2025-11-17,S02,SKU017,Beverages,West,191.58,1,0,31,7,24.21,6.79
2025-11-18,S02,SKU017,Beverages,West,213.32,0,0,15,9,17.63,2.63
2025-11-19,S02,SKU017,Beverages,West,202.9,0,0,22,3,18.54,3.46
2025-11-20,S02,SKU017,Beverages,West,204.22,0,0,23,7,17.75,5.25
2025-11-21,S02,SKU017,Beverages,West,208.97,0,0,19,8,18.82,0.18
2025-11-22,S02,SKU017,Beverages,West,204.69,0,0,23,4,19.95,3.05
2025-11-23,S02,SKU017,Beverages,West,207.19,0,0,15,3,17.78,2.78
2025-11-24,S02,SKU017,Beverages,West,211.35,0,0,22,7,18.97,3.03
2025-11-25,S02,SKU017,Beverages,West,208.24,0,0,24,3,18.56,5.44
2025-11-26,S02,SKU017,Beverages,West,205.48,0,0,18,2,18.32,0.32
2025-11-27,S02,SKU017,Beverages,West,211.97,0,0,17,2,20.36,3.36
2025-11-28,S02,SKU017,Beverages,West,207.7,0,0,15,4,20.52,5.52
2025-11-29,S02,SKU017,Beverages,West,204.54,0,0,16,2,20.87,4.87
2025-11-30,S02,SKU017,Beverages,West,205.44,0,0,31,6,21.14,9.86
2025-12-01,S02,SKU017,Beverages,West,205.46,0,0,23,9,20.79,2.21
2025-12-02,S02,SKU017,Beverages,West,209.8,0,0,22,6,19.71,2.29
2025-12-03,S02,SKU017,Beverages,West,207.23,0,0,24,4,20.6,3.4
2025-12-04,S02,SKU017,Beverages,West,201.0,0,0,22,7,21.26,0.74
2025-12-05,S02,SKU017,Beverages,West,211.06,0,0,23,7,20.41,2.59
2025-12-06,S02,SKU017,Beverages,West,213.12,0,0,18,9,21.96,3.96
2025-12-07,S02,SKU017,Beverages,West,203.6,0,0,26,3,22.51,3.49
2025-12-08,S02,SKU017,Beverages,West,207.29,0,0,31,4,20.89,10.11
2025-12-09,S02,SKU017,Beverages,West,208.54,0,0,16,2,21.5,5.5
2025-12-10,S02,SKU017,Beverages,West,195.52,1,0,38,4,27.69,10.31
2025-12-11,S02,SKU017,Beverages,West,213.03,0,0,21,2,22.17,1.17
2025-12-12,S02,SKU017,Beverages,West,209.23,0,0,15,5,21.77,6.77
2025-12-13,S02,SKU017,Beverages,West,207.6,0,0,17,9,22.85,5.85
2025-12-14,S02,SKU017,Beverages,West,201.46,0,0,21,2,22.74,1.74
2025-12-15,S02,SKU017,Beverages,West,213.22,0,0,17,4,21.17,4.17
2025-12-16,S02,SKU017,Beverages,West,201.97,0,0,20,7,21.08,1.08
2025-12-17,S02,SKU017,Beverages,West,206.0,0,0,19,3,20.23,1.23
2025-12-18,S02,SKU017,Beverages,West,211.69,0,0,21,5,21.48,0.48
2025-12-19,S02,SKU017,Beverages,West,212.67,0,0,15,4,22.31,7.31
2025-12-20,S02,SKU017,Beverages,West,211.08,0,0,20,2,23.43,3.43
2025-12-21,S02,SKU017,Beverages,West,215.37,0,0,14,8,23.79,9.79
2025-12-22,S02,SKU017,Beverages,West,187.52,1,0,27,9,29.37,2.37
2025-12-23,S02,SKU017,Beverages,West,214.54,0,0,17,5,21.13,4.13
2025-12-24,S02,SKU017,Beverages,West,204.98,0,0,23,7,21.24,1.76
2025-12-25,S02,SKU017,Beverages,West,211.43,0,1,22,3,22.49,0.49
2025-12-26,S02,SKU017,Beverages,West,203.99,0,0,12,6,21.71,9.71
2025-12-27,S02,SKU017,Beverages,West,207.58,0,0,22,3,22.55,0.55
2025-12-28,S02,SKU017,Beverages,West,208.12,0,0,14,2,22.96,8.96
2025-12-29,S02,SKU017,Beverages,West,208.3,0,0,24,7,20.31,3.69
2025-12-30,S02,SKU017,Beverages,West,203.29,0,0,27,2,20.62,6.38
2025-12-31,S02,SKU017,Beverages,West,200.27,0,0,19,5,21.0,2.0
2025-08-13,S02,SKU018,Snacks,West,402.81,0,0,28,8,24.51,3.49
2025-08-14,S02,SKU018,Snacks,West,401.2,0,0,28,8,24.66,3.34
2025-08-15,S02,SKU018,Snacks,West,364.11,1,1,45,9,38.02,6.98
2025-08-16,S02,SKU018,Snacks,West,401.37,0,0,25,9,27.01,2.01
2025-08-17,S02,SKU018,Snacks,West,394.69,0,0,32,2,27.48,4.52
2025-08-18,S02,SKU018,Snacks,West,393.61,0,0,33,5,25.87,7.13
2025-08-19,S02,SKU018,Snacks,West,394.11,0,0,31,2,26.83,4.17
2025-08-20,S02,SKU018,Snacks,West,397.89,0,0,26,7,26.55,0.55
2025-08-21,S02,SKU018,Snacks,West,366.25,1,0,35,2,33.94,1.06
2025-08-22,S02,SKU018,Snacks,West,399.25,0,0,21,7,26.47,5.47
2025-08-23,S02,SKU018,Snacks,West,384.49,0,0,31,9,28.75,2.25
2025-08-24,S02,SKU018,Snacks,West,397.27,0,0,30,9,29.08,0.92
2025-08-25,S02,SKU018,Snacks,West,411.25,0,0,36,6,26.19,9.81
2025-08-26,S02,SKU018,Snacks,West,392.6,0,0,21,2,26.94,5.94
2025-08-27,S02,SKU018,Snacks,West,392.91,0,0,29,6,26.32,2.68
2025-08-28,S02,SKU018,Snacks,West,399.43,0,0,23,9,26.08,3.08
2025-08-29,S02,SKU018,Snacks,West,390.78,0,0,22,7,26.07,4.07
2025-08-30,S02,SKU018,Snacks,West,394.17,0,0,33,6,27.8,5.2
2025-08-31,S02,SKU018,Snacks,West,392.22,0,0,28,2,27.65,0.35
2025-09-01,S02,SKU018,Snacks,West,393.03,0,0,24,3,25.15,1.15
2025-09-02,S02,SKU018,Snacks,West,395.18,0,0,26,8,25.36,0.64
2025-09-03,S02,SKU018,Snacks,West,385.52,0,0,26,9,26.06,0.06
2025-09-04,S02,SKU018,Snacks,West,392.85,0,0,28,9,25.66,2.34
2025-09-05,S02,SKU018,Snacks,West,396.4,0,0,32,4,26.25,5.75
2025-09-06,S02,SKU018,Snacks,West,394.27,0,0,18,9,29.48,11.48
2025-09-07,S02,SKU018,Snacks,West,394.95,0,0,40,7,28.14,11.86
2025-09-08,S02,SKU018,Snacks,West,401.24,0,0,35,7,26.24,8.76
2025-09-09,S02,SKU018,Snacks,West,397.85,0,0,26,5,26.88,0.88
2025-09-10,S02,SKU018,Snacks,West,401.84,0,0,23,3,26.63,3.63
2025-09-11,S02,SKU018,Snacks,West,401.83,0,0,23,3,26.12,3.12
2025-09-12,S02,SKU018,Snacks,West,404.69,0,0,24,9,26.46,2.46
2025-09-13,S02,SKU018,Snacks,West,406.61,0,0,30,9,27.64,2.36
2025-09-14,S02,SKU018,Snacks,West,386.18,0,0,24,7,27.96,3.96
2025-09-15,S02,SKU018,Snacks,West,400.28,0,0,22,7,25.38,3.38
2025-09-16,S02,SKU018,Snacks,West,406.7,0,0,25,2,25.27,0.27
2025-09-17,S02,SKU018,Snacks,West,393.38,0,0,25,8,24.76,0.24
2025-09-18,S02,SKU018,Snacks,West,387.64,0,0,28,2,25.04,2.96
2025-09-19,S02,SKU018,Snacks,West,395.57,0,0,21,4,24.96,3.96
2025-09-20,S02,SKU018,Snacks,West,389.75,0,0,19,2,27.17,8.17
2025-09-21,S02,SKU018,Snacks,West,390.04,0,0,20,7,26.34,6.34
2025-09-22,S02,SKU018,Snacks,West,401.18,0,0,29,9,24.93,4.07
2025-09-23,S02,SKU018,Snacks,West,392.25,0,0,22,3,24.04,2.04
2025-09-24,S02,SKU018,Snacks,West,404.42,0,0,25,3,24.03,0.97
2025-09-25,S02,SKU018,Snacks,West,399.78,0,0,32,5,23.74,8.26
2025-09-26,S02,SKU018,Snacks,West,401.1,0,0,32,5,24.27,7.73
2025-09-27,S02,SKU018,Snacks,West,398.9,0,0,29,4,26.59,2.41
2025-09-28,S02,SKU018,Snacks,West,396.89,0,0,29,8,27.17,1.83
2025-09-29,S02,SKU018,Snacks,West,389.34,0,0,23,4,24.28,1.28
2025-09-30,S02,SKU018,Snacks,West,398.23,0,0,26,7,24.47,1.53
2025-10-01,S02,SKU018,Snacks,West,383.39,0,0,34,4,24.22,9.78
2025-10-02,S02,SKU018,Snacks,West,400.54,0,1,32,6,31.36,0.64
2025-10-03,S02,SKU018,Snacks,West,410.58,0,0,29,2,25.15,3.85
2025-10-04,S02,SKU018,Snacks,West,394.29,0,0,41,9,27.06,13.94
2025-10-05,S02,SKU018,Snacks,West,401.31,0,0,34,8,28.79,5.21
2025-10-06,S02,SKU018,Snacks,West,400.82,0,0,37,2,26.06,10.94
2025-10-07,S02,SKU018,Snacks,West,366.03,1,0,35,7,32.89,2.11
2025-10-08,S02,SKU018,Snacks,West,369.49,1,0,36,5,34.39,1.61
2025-10-09,S02,SKU018,Snacks,West,393.92,0,0,31,5,26.04,4.96
2025-10-10,S02,SKU018,Snacks,West,366.53,1,0,34,8,34.36,0.36
2025-10-11,S02,SKU018,Snacks,West,401.04,0,0,20,5,29.92,9.92
2025-10-12,S02,SKU018,Snacks,West,394.61,0,0,35,2,28.39,6.61
2025-10-13,S02,SKU018,Snacks,West,388.33,0,0,20,7,26.8,6.8
2025-10-14,S02,SKU018,Snacks,West,397.99,0,0,16,7,27.29,11.29
2025-10-15,S02,SKU018,Snacks,West,407.62,0,0,27,5,25.02,1.98
2025-10-16,S02,SKU018,Snacks,West,385.41,0,0,24,4,25.85,1.85
2025-10-17,S02,SKU018,Snacks,West,396.88,0,0,25,6,25.62,0.62
2025-10-18,S02,SKU018,Snacks,West,395.74,0,0,33,9,27.52,5.48
2025-10-19,S02,SKU018,Snacks,West,400.31,0,0,42,3,28.67,13.33
2025-10-20,S02,SKU018,Snacks,West,404.82,0,0,19,6,27.74,8.74
2025-10-21,S02,SKU018,Snacks,West,392.12,0,0,27,8,27.66,0.66
2025-10-22,S02,SKU018,Snacks,West,384.79,0,0,31,2,27.99,3.01
2025-10-23,S02,SKU018,Snacks,West,363.43,1,0,41,8,38.48,2.52
2025-10-24,S02,SKU018,Snacks,West,393.52,0,0,16,6,29.3,13.3
2025-10-25,S02,SKU018,Snacks,West,393.87,0,0,23,8,30.19,7.19
2025-10-26,S02,SKU018,Snacks,West,395.28,0,0,27,3,29.69,2.69
2025-10-27,S02,SKU018,Snacks,West,389.61,0,0,33,7,26.89,6.11
2025-10-28,S02,SKU018,Snacks,West,392.25,0,0,21,6,28.92,7.92
2025-10-29,S02,SKU018,Snacks,West,392.85,0,0,30,9,28.29,1.71
2025-10-30,S02,SKU018,Snacks,West,372.22,1,0,36,7,37.6,1.6
2025-10-31,S02,SKU018,Snacks,West,362.48,1,0,49,2,36.67,12.33
2025-11-01,S02,SKU018,Snacks,West,403.98,0,0,37,9,31.48,5.52
2025-11-02,S02,SKU018,Snacks,West,397.97,0,0,29,5,32.09,3.09
2025-11-03,S02,SKU018,Snacks,West,399.18,0,0,26,2,30.17,4.17
2025-11-04,S02,SKU018,Snacks,West,402.56,0,0,29,2,29.49,0.49
2025-11-05,S02,SKU018,Snacks,West,396.45,0,0,20,6,28.45,8.45
2025-11-06,S02,SKU018,Snacks,West,367.43,1,0,42,7,37.81,4.19
2025-11-07,S02,SKU018,Snacks,West,400.61,0,0,33,7,27.93,5.07
2025-11-08,S02,SKU018,Snacks,West,390.89,0,0,39,3,30.56,8.44
2025-11-09,S02,SKU018,Snacks,West,407.45,0,0,32,2,31.9,0.1
2025-11-10,S02,SKU018,Snacks,West,405.98,0,0,32,5,29.33,2.67
2025-11-11,S02,SKU018,Snacks,West,389.16,0,0,27,7,29.07,2.07
2025-11-12,S02,SKU018,Snacks,West,401.47,0,0,40,2,29.6,10.4
2025-11-13,S02,SKU018,Snacks,West,390.58,0,0,27,2,30.38,3.38
2025-11-14,S02,SKU018,Snacks,West,396.38,0,0,30,4,31.29,1.29
2025-11-15,S02,SKU018,Snacks,West,400.73,0,0,37,9,32.92,4.08
2025-11-16,S02,SKU018,Snacks,West,394.23,0,0,30,7,33.09,3.09
2025-11-17,S02,SKU018,Snacks,West,361.98,1,0,37,6,39.18,2.18
2025-11-18,S02,SKU018,Snacks,West,397.02,0,0,26,7,31.81,5.81
2025-11-19,S02,SKU018,Snacks,West,363.56,1,0,37,7,41.12,4.12
2025-11-20,S02,SKU018,Snacks,West,360.48,1,0,34,3,40.56,6.56
2025-11-21,S02,SKU018,Snacks,West,401.35,0,0,21,7,30.45,9.45
2025-11-22,S02,SKU018,Snacks,West,396.02,0,0,34,5,34.36,0.36
2025-11-23,S02,SKU018,Snacks,West,405.8,0,0,32,6,34.25,2.25
2025-11-24,S02,SKU018,Snacks,West,391.34,0,0,26,2,32.02,6.02
2025-11-25,S02,SKU018,Snacks,West,401.23,0,0,32,6,31.94,0.06
2025-11-26,S02,SKU018,Snacks,West,395.42,0,0,24,3,32.45,8.45
2025-11-27,S02,SKU018,Snacks,West,384.28,0,0,32,7,31.61,0.39
2025-11-28,S02,SKU018,Snacks,West,398.38,0,0,26,9,31.93,5.93
2025-11-29,S02,SKU018,Snacks,West,356.06,1,0,50,4,42.75,7.25
2025-11-30,S02,SKU018,Snacks,West,402.62,0,0,39,9,34.38,4.62
2025-12-01,S02,SKU018,Snacks,West,366.79,1,0,27,7,41.65,14.65
2025-12-02,S02,SKU018,Snacks,West,406.14,0,0,30,7,32.18,2.18
2025-12-03,S02,SKU018,Snacks,West,361.99,1,0,32,2,41.78,9.78
2025-12-04,S02,SKU018,Snacks,West,392.05,0,0,41,9,32.61,8.39
2025-12-05,S02,SKU018,Snacks,West,407.63,0,0,32,3,32.89,0.89
2025-12-06,S02,SKU018,Snacks,West,362.59,1,0,33,5,44.87,11.87
2025-12-07,S02,SKU018,Snacks,West,396.26,0,0,39,9,34.81,4.19
2025-12-08,S02,SKU018,Snacks,West,387.09,0,0,21,2,32.26,11.26
2025-12-09,S02,SKU018,Snacks,West,389.48,0,0,29,5,32.31,3.31
2025-12-10,S02,SKU018,Snacks,West,395.48,0,0,36,3,32.49,3.51
2025-12-11,S02,SKU018,Snacks,West,404.98,0,0,35,6,32.29,2.71
2025-12-12,S02,SKU018,Snacks,West,381.98,0,0,23,4,32.3,9.3
2025-12-13,S02,SKU018,Snacks,West,389.39,0,0,38,9,36.25,1.75
2025-12-14,S02,SKU018,Snacks,West,400.2,0,0,35,4,35.53,0.53
2025-12-15,S02,SKU018,Snacks,West,397.88,0,0,30,2,32.45,2.45
2025-12-16,S02,SKU018,Snacks,West,402.76,0,0,24,4,31.94,7.94
2025-12-17,S02,SKU018,Snacks,West,388.56,0,0,34,4,32.0,2.0
2025-12-18,S02,SKU018,Snacks,West,409.22,0,0,34,8,32.68,1.32
2025-12-19,S02,SKU018,Snacks,West,398.26,0,0,23,8,32.28,9.28
2025-12-20,S02,SKU018,Snacks,West,387.65,0,0,32,3,34.1,2.1
2025-12-21,S02,SKU018,Snacks,West,365.31,1,0,51,2,44.69,6.31
2025-12-22,S02,SKU018,Snacks,West,391.87,0,0,37,9,32.42,4.58
2025-12-23,S02,SKU018,Snacks,West,400.77,0,0,32,9,32.58,0.58
2025-12-24,S02,SKU018,Snacks,West,390.71,0,0,41,9,32.53,8.47
2025-12-25,S02,SKU018,Snacks,West,396.14,0,1,43,7,37.89,5.11
2025-12-26,S02,SKU018,Snacks,West,388.18,0,0,34,2,34.31,0.31
2025-12-27,S02,SKU018,Snacks,West,400.14,0,0,31,3,37.33,6.33
2025-12-28,S02,SKU018,Snacks,West,399.82,0,0,34,3,34.86,0.86
2025-12-29,S02,SKU018,Snacks,West,398.83,0,0,33,2,31.98,1.02
2025-12-30,S02,SKU018,Snacks,West,409.21,0,0,25,7,32.05,7.05
2025-12-31,S02,SKU018,Snacks,West,399.88,0,0,28,3,32.8,4.8
2025-08-13,S02,SKU019,Personal Care,West,274.18,0,0,45,5,46.12,1.12
2025-08-14,S02,SKU019,Personal Care,West,260.72,1,0,58,2,61.71,3.71
2025-08-15,S02,SKU019,Personal Care,West,273.32,0,1,45,2,55.54,10.54
2025-08-16,S02,SKU019,Personal Care,West,276.88,0,0,45,2,50.42,5.42
2025-08-17,S02,SKU019,Personal Care,West,280.0,0,0,44,9,50.04,6.04
2025-08-18,S02,SKU019,Personal Care,West,281.1,0,0,36,7,46.18,10.18
2025-08-19,S02,SKU019,Personal Care,West,274.97,0,0,43,2,45.37,2.37
2025-08-20,S02,SKU019,Personal Care,West,282.58,0,0,47,8,45.32,1.68
2025-08-21,S02,SKU019,Personal Care,West,278.83,0,0,43,4,44.58,1.58
2025-08-22,S02,SKU019,Personal Care,West,261.87,1,0,56,9,59.29,3.29
2025-08-23,S02,SKU019,Personal Care,West,272.46,0,0,40,2,47.7,7.7
2025-08-24,S02,SKU019,Personal Care,West,268.14,0,0,54,4,47.76,6.24
2025-08-25,S02,SKU019,Personal Care,West,275.82,0,0,43,3,43.88,0.88
2025-08-26,S02,SKU019,Personal Care,West,270.86,0,0,51,6,43.89,7.11
2025-08-27,S02,SKU019,Personal Care,West,276.56,0,0,40,6,44.06,4.06
2025-08-28,S02,SKU019,Personal Care,West,282.56,0,0,54,7,43.76,10.24
2025-08-29,S02,SKU019,Personal Care,West,268.86,0,0,42,9,44.45,2.45
2025-08-30,S02,SKU019,Personal Care,West,275.57,0,0,50,4,47.16,2.84
2025-08-31,S02,SKU019,Personal Care,West,270.11,0,0,43,9,46.77,3.77
2025-09-01,S02,SKU019,Personal Care,West,276.62,0,0,37,4,43.64,6.64
2025-09-02,S02,SKU019,Personal Care,West,276.79,0,0,43,8,43.03,0.03
2025-09-03,S02,SKU019,Personal Care,West,281.75,0,0,44,8,42.93,1.07
2025-09-04,S02,SKU019,Personal Care,West,275.69,0,0,49,6,42.5,6.5
2025-09-05,S02,SKU019,Personal Care,West,273.03,0,0,39,6,42.92,3.92
2025-09-06,S02,SKU019,Personal Care,West,268.78,0,0,51,3,44.87,6.13
2025-09-07,S02,SKU019,Personal Care,West,284.17,0,0,39,4,45.59,6.59
2025-09-08,S02,SKU019,Personal Care,West,282.35,0,0,33,3,42.28,9.28
2025-09-09,S02,SKU019,Personal Care,West,277.6,0,0,46,2,41.56,4.44
2025-09-10,S02,SKU019,Personal Care,West,280.14,0,0,37,5,41.02,4.02
2025-09-11,S02,SKU019,Personal Care,West,276.04,0,0,36,4,41.18,5.18
2025-09-12,S02,SKU019,Personal Care,West,276.32,0,0,49,5,40.38,8.62
2025-09-13,S02,SKU019,Personal Care,West,276.19,0,0,45,2,44.59,0.41
2025-09-14,S02,SKU019,Personal Care,West,278.66,0,0,41,9,43.09,2.09
2025-09-15,S02,SKU019,Personal Care,West,273.77,0,0,50,7,39.87,10.13
2025-09-16,S02,SKU019,Personal Care,West,274.94,0,0,47,9,40.9,6.1
2025-09-17,S02,SKU019,Personal Care,West,259.6,1,0,50,9,54.15,4.15
2025-09-18,S02,SKU019,Personal Care,West,276.65,0,0,45,3,41.31,3.69
2025-09-19,S02,SKU019,Personal Care,West,256.82,1,0,59,5,55.04,3.96
2025-09-20,S02,SKU019,Personal Care,West,273.33,0,0,51,8,44.82,6.18
2025-09-21,S02,SKU019,Personal Care,West,283.41,0,0,44,7,45.95,1.95
2025-09-22,S02,SKU019,Personal Care,West,278.7,0,0,45,5,42.43,2.57
2025-09-23,S02,SKU019,Personal Care,West,285.96,0,0,36,9,42.2,6.2
2025-09-24,S02,SKU019,Personal Care,West,250.41,1,0,54,7,53.62,0.38
2025-09-25,S02,SKU019,Personal Care,West,283.61,0,0,42,6,41.86,0.14
2025-09-26,S02,SKU019,Personal Care,West,261.82,1,0,51,7,56.92,5.92
2025-09-27,S02,SKU019,Personal Care,West,272.91,0,0,44,8,44.79,0.79
2025-09-28,S02,SKU019,Personal Care,West,278.13,0,0,48,7,44.71,3.29
2025-09-29,S02,SKU019,Personal Care,West,281.19,0,0,45,3,42.19,2.81
2025-09-30,S02,SKU019,Personal Care,West,290.14,0,0,39,5,42.53,3.53
2025-10-01,S02,SKU019,Personal Care,West,280.32,0,0,40,2,43.26,3.26
2025-10-02,S02,SKU019,Personal Care,West,277.06,0,1,50,4,48.79,1.21
2025-10-03,S02,SKU019,Personal Care,West,279.91,0,0,43,5,42.57,0.43
2025-10-04,S02,SKU019,Personal Care,West,277.73,0,0,38,7,45.75,7.75
2025-10-05,S02,SKU019,Personal Care,West,278.8,0,0,38,6,45.37,7.37
2025-10-06,S02,SKU019,Personal Care,West,275.23,0,0,43,6,41.91,1.09
2025-10-07,S02,SKU019,Personal Care,West,279.84,0,0,45,9,42.31,2.69
2025-10-08,S02,SKU019,Personal Care,West,275.73,0,0,48,3,42.1,5.9
2025-10-09,S02,SKU019,Personal Care,West,275.25,0,0,41,5,42.57,1.57
2025-10-10,S02,SKU019,Personal Care,West,277.7,0,0,42,8,43.57,1.57
2025-10-11,S02,SKU019,Personal Care,West,279.84,0,0,46,5,45.9,0.1
2025-10-12,S02,SKU019,Personal Care,West,279.36,0,0,51,7,46.17,4.83
2025-10-13,S02,SKU019,Personal Care,West,275.62,0,0,43,2,43.96,0.96
2025-10-14,S02,SKU019,Personal Care,West,276.12,0,0,47,7,43.61,3.39
2025-10-15,S02,SKU019,Personal Care,West,274.44,0,0,49,7,43.68,5.32
2025-10-16,S02,SKU019,Personal Care,West,278.22,0,0,39,8,43.72,4.72
2025-10-17,S02,SKU019,Personal Care,West,255.3,1,0,53,7,56.71,3.71
2025-10-18,S02,SKU019,Personal Care,West,256.22,1,0,56,5,60.56,4.56
2025-10-19,S02,SKU019,Personal Care,West,288.77,0,0,44,6,45.63,1.63
2025-10-20,S02,SKU019,Personal Care,West,277.03,0,0,40,3,43.15,3.15
2025-10-21,S02,SKU019,Personal Care,West,279.49,0,0,47,2,42.81,4.19
2025-10-22,S02,SKU019,Personal Care,West,277.54,0,0,35,9,43.68,8.68
2025-10-23,S02,SKU019,Personal Care,West,277.7,0,0,47,6,42.91,4.09
2025-10-24,S02,SKU019,Personal Care,West,277.11,0,0,50,8,43.15,6.85
2025-10-25,S02,SKU019,Personal Care,West,277.96,0,0,52,2,46.16,5.84
2025-10-26,S02,SKU019,Personal Care,West,253.97,1,0,67,3,62.1,4.9
2025-10-27,S02,SKU019,Personal Care,West,274.02,0,0,44,8,42.93,1.07
2025-10-28,S02,SKU019,Personal Care,West,282.57,0,0,47,3,44.85,2.15
2025-10-29,S02,SKU019,Personal Care,West,255.93,1,0,55,2,59.61,4.61
2025-10-30,S02,SKU019,Personal Care,West,251.76,1,0,63,4,59.43,3.57
2025-10-31,S02,SKU019,Personal Care,West,275.59,0,0,50,5,45.51,4.49
2025-11-01,S02,SKU019,Personal Care,West,271.6,0,0,46,6,49.88,3.88
2025-11-02,S02,SKU019,Personal Care,West,273.31,0,0,51,8,50.16,0.84
2025-11-03,S02,SKU019,Personal Care,West,283.27,0,0,45,9,46.95,1.95
2025-11-04,S02,SKU019,Personal Care,West,282.42,0,0,50,6,46.97,3.03
2025-11-05,S02,SKU019,Personal Care,West,273.24,0,0,46,7,46.9,0.9
2025-11-06,S02,SKU019,Personal Care,West,272.66,0,0,42,5,46.25,4.25
2025-11-07,S02,SKU019,Personal Care,West,277.99,0,0,39,5,46.62,7.62
2025-11-08,S02,SKU019,Personal Care,West,278.8,0,0,46,8,50.83,4.83
2025-11-09,S02,SKU019,Personal Care,West,282.66,0,0,55,7,50.71,4.29
2025-11-10,S02,SKU019,Personal Care,West,279.91,0,0,37,8,46.24,9.24
2025-11-11,S02,SKU019,Personal Care,West,284.92,0,0,39,8,46.77,7.77
2025-11-12,S02,SKU019,Personal Care,West,276.22,0,0,50,8,46.44,3.56
2025-11-13,S02,SKU019,Personal Care,West,268.78,0,0,41,8,44.43,3.43
2025-11-14,S02,SKU019,Personal Care,West,278.77,0,0,48,6,46.37,1.63
2025-11-15,S02,SKU019,Personal Care,West,275.97,0,0,45,7,50.49,5.49
2025-11-16,S02,SKU019,Personal Care,West,276.41,0,0,43,4,50.29,7.29
2025-11-17,S02,SKU019,Personal Care,West,274.03,0,0,44,6,45.11,1.11
2025-11-18,S02,SKU019,Personal Care,West,277.38,0,0,49,8,45.42,3.58
2025-11-19,S02,SKU019,Personal Care,West,280.02,0,0,53,4,45.57,7.43
2025-11-20,S02,SKU019,Personal Care,West,271.23,0,0,49,5,46.29,2.71
2025-11-21,S02,SKU019,Personal Care,West,273.01,0,0,43,7,46.64,3.64
2025-11-22,S02,SKU019,Personal Care,West,271.62,0,0,48,3,50.57,2.57
2025-11-23,S02,SKU019,Personal Care,West,254.25,1,0,75,7,67.07,7.93
2025-11-24,S02,SKU019,Personal Care,West,278.44,0,0,46,4,46.16,0.16
2025-11-25,S02,SKU019,Personal Care,West,275.46,0,0,46,5,47.4,1.4
2025-11-26,S02,SKU019,Personal Care,West,250.57,1,0,63,8,63.84,0.84
2025-11-27,S02,SKU019,Personal Care,West,271.78,0,0,38,4,47.37,9.37
2025-11-28,S02,SKU019,Personal Care,West,279.56,0,0,53,3,48.28,4.72
2025-11-29,S02,SKU019,Personal Care,West,276.67,0,0,55,6,52.33,2.67
2025-11-30,S02,SKU019,Personal Care,West,278.28,0,0,55,6,51.07,3.93
2025-12-01,S02,SKU019,Personal Care,West,284.43,0,0,46,3,47.44,1.44
2025-12-02,S02,SKU019,Personal Care,West,280.75,0,0,55,8,47.44,7.56
2025-12-03,S02,SKU019,Personal Care,West,278.52,0,0,47,8,47.17,0.17
2025-12-04,S02,SKU019,Personal Care,West,253.89,1,0,62,5,64.64,2.64
2025-12-05,S02,SKU019,Personal Care,West,280.87,0,0,47,8,46.74,0.26
2025-12-06,S02,SKU019,Personal Care,West,281.8,0,0,46,4,53.77,7.77
2025-12-07,S02,SKU019,Personal Care,West,255.66,1,0,66,8,67.83,1.83
2025-12-08,S02,SKU019,Personal Care,West,282.65,0,0,54,6,46.58,7.42
2025-12-09,S02,SKU019,Personal Care,West,259.13,1,0,62,4,65.92,3.92
2025-12-10,S02,SKU019,Personal Care,West,253.48,1,0,64,4,66.41,2.41
2025-12-11,S02,SKU019,Personal Care,West,280.55,0,0,48,5,49.57,1.57
2025-12-12,S02,SKU019,Personal Care,West,277.88,0,0,54,2,50.94,3.06
2025-12-13,S02,SKU019,Personal Care,West,249.06,1,0,68,7,73.26,5.26
2025-12-14,S02,SKU019,Personal Care,West,263.79,1,0,66,9,72.58,6.58
2025-12-15,S02,SKU019,Personal Care,West,273.73,0,0,52,8,51.34,0.66
2025-12-16,S02,SKU019,Personal Care,West,279.49,0,0,54,2,52.65,1.35
2025-12-17,S02,SKU019,Personal Care,West,277.71,0,0,39,9,53.78,14.78
2025-12-18,S02,SKU019,Personal Care,West,274.06,0,0,47,2,52.09,5.09
2025-12-19,S02,SKU019,Personal Care,West,279.89,0,0,45,5,52.17,7.17
2025-12-20,S02,SKU019,Personal Care,West,279.04,0,0,53,2,55.15,2.15
2025-12-21,S02,SKU019,Personal Care,West,273.76,0,0,52,5,57.05,5.05
2025-12-22,S02,SKU019,Personal Care,West,251.68,1,0,61,9,70.73,9.73
2025-12-23,S02,SKU019,Personal Care,West,278.56,0,0,50,6,52.74,2.74
2025-12-24,S02,SKU019,Personal Care,West,274.37,0,0,53,9,51.61,1.39
2025-12-25,S02,SKU019,Personal Care,West,252.67,1,1,69,3,74.35,5.35
2025-12-26,S02,SKU019,Personal Care,West,255.25,1,0,70,2,70.21,0.21
2025-12-27,S02,SKU019,Personal Care,West,276.41,0,0,57,3,59.24,2.24
2025-12-28,S02,SKU019,Personal Care,West,278.44,0,0,49,7,59.02,10.02
2025-12-29,S02,SKU019,Personal Care,West,281.62,0,0,54,7,54.63,0.63
2025-12-30,S02,SKU019,Personal Care,West,284.58,0,0,54,9,54.62,0.62
2025-12-31,S02,SKU019,Personal Care,West,280.71,0,0,55,6,54.02,0.98
2025-08-13,S02,SKU020,Household,West,382.71,0,0,47,3,45.94,1.06
2025-08-14,S02,SKU020,Household,West,369.51,0,0,49,4,45.64,3.36
2025-08-15,S02,SKU020,Household,West,379.2,0,1,57,9,52.94,4.06
2025-08-16,S02,SKU020,Household,West,384.75,0,0,53,7,49.96,3.04
2025-08-17,S02,SKU020,Household,West,369.13,0,0,49,5,49.8,0.8
2025-08-18,S02,SKU020,Household,West,346.82,1,0,55,2,60.87,5.87
2025-08-19,S02,SKU020,Household,West,363.88,0,0,53,4,45.54,7.46
2025-08-20,S02,SKU020,Household,West,373.27,0,0,40,9,45.32,5.32
2025-08-21,S02,SKU020,Household,West,368.6,0,0,37,7,45.66,8.66
2025-08-22,S02,SKU020,Household,West,343.96,1,0,57,5,60.01,3.01
2025-08-23,S02,SKU020,Household,West,379.87,0,0,51,7,48.48,2.52
2025-08-24,S02,SKU020,Household,West,385.1,0,0,54,6,49.04,4.96
2025-08-25,S02,SKU020,Household,West,338.44,1,0,61,7,60.6,0.4
2025-08-26,S02,SKU020,Household,West,360.39,0,0,43,9,45.22,2.22
2025-08-27,S02,SKU020,Household,West,376.86,0,0,44,8,45.66,1.66
2025-08-28,S02,SKU020,Household,West,383.1,0,0,47,6,45.36,1.64
2025-08-29,S02,SKU020,Household,West,368.66,0,0,49,3,45.7,3.3
2025-08-30,S02,SKU020,Household,West,370.12,0,0,37,5,49.14,12.14
2025-08-31,S02,SKU020,Household,West,375.92,0,0,45,5,49.14,4.14
2025-09-01,S02,SKU020,Household,West,368.49,0,0,47,7,44.78,2.22
2025-09-02,S02,SKU020,Household,West,371.77,0,0,41,6,44.88,3.88
2025-09-03,S02,SKU020,Household,West,369.58,0,0,42,2,43.84,1.84
2025-09-04,S02,SKU020,Household,West,363.48,0,0,43,5,43.73,0.73
2025-09-05,S02,SKU020,Household,West,379.5,0,0,55,8,43.65,11.35
2025-09-06,S02,SKU020,Household,West,367.56,0,0,48,8,47.18,0.82
2025-09-07,S02,SKU020,Household,West,375.18,0,0,45,8,47.98,2.98
2025-09-08,S02,SKU020,Household,West,371.41,0,0,47,4,43.62,3.38
2025-09-09,S02,SKU020,Household,West,379.42,0,0,45,7,43.54,1.46
2025-09-10,S02,SKU020,Household,West,378.0,0,0,49,6,43.88,5.12
2025-09-11,S02,SKU020,Household,West,384.1,0,0,38,3,44.17,6.17
2025-09-12,S02,SKU020,Household,West,369.69,0,0,42,7,44.39,2.39
2025-09-13,S02,SKU020,Household,West,371.53,0,0,45,5,45.78,0.78
2025-09-14,S02,SKU020,Household,West,379.02,0,0,50,9,45.66,4.34
2025-09-15,S02,SKU020,Household,West,376.32,0,0,49,4,43.15,5.85
2025-09-16,S02,SKU020,Household,West,387.72,0,0,40,7,42.55,2.55
2025-09-17,S02,SKU020,Household,West,373.33,0,0,35,3,42.17,7.17
2025-09-18,S02,SKU020,Household,West,372.62,0,0,36,4,42.32,6.32
2025-09-19,S02,SKU020,Household,West,373.28,0,0,41,7,42.56,1.56
2025-09-20,S02,SKU020,Household,West,367.5,0,0,48,3,45.06,2.94
2025-09-21,S02,SKU020,Household,West,373.83,0,0,54,4,44.75,9.25
2025-09-22,S02,SKU020,Household,West,370.1,0,0,52,2,41.73,10.27
2025-09-23,S02,SKU020,Household,West,372.79,0,0,47,9,41.5,5.5
2025-09-24,S02,SKU020,Household,West,368.31,0,0,48,3,41.46,6.54
2025-09-25,S02,SKU020,Household,West,369.55,0,0,46,6,42.29,3.71
2025-09-26,S02,SKU020,Household,West,367.11,0,0,44,9,42.55,1.45
2025-09-27,S02,SKU020,Household,West,352.55,1,0,56,6,60.7,4.7
2025-09-28,S02,SKU020,Household,West,368.49,0,0,48,8,47.32,0.68
2025-09-29,S02,SKU020,Household,West,375.5,0,0,45,4,43.91,1.09
2025-09-30,S02,SKU020,Household,West,369.36,0,0,44,5,43.24,0.76
2025-10-01,S02,SKU020,Household,West,380.24,0,0,41,6,43.96,2.96
2025-10-02,S02,SKU020,Household,West,366.02,0,1,53,5,50.35,2.65
2025-10-03,S02,SKU020,Household,West,370.23,0,0,47,2,43.75,3.25
2025-10-04,S02,SKU020,Household,West,370.78,0,0,36,5,47.44,11.44
2025-10-05,S02,SKU020,Household,West,387.98,0,0,44,7,47.34,3.34
2025-10-06,S02,SKU020,Household,West,373.42,0,0,45,4,43.23,1.77
2025-10-07,S02,SKU020,Household,West,364.32,0,0,43,5,43.08,0.08
2025-10-08,S02,SKU020,Household,West,364.49,0,0,41,3,43.1,2.1
2025-10-09,S02,SKU020,Household,West,375.56,0,0,47,6,42.4,4.6
2025-10-10,S02,SKU020,Household,West,380.86,0,0,49,5,42.93,6.07
2025-10-11,S02,SKU020,Household,West,376.35,0,0,48,3,46.31,1.69
2025-10-12,S02,SKU020,Household,West,338.98,1,0,55,3,62.57,7.57
2025-10-13,S02,SKU020,Household,West,368.85,0,0,45,4,44.09,0.91
2025-10-14,S02,SKU020,Household,West,370.87,0,0,36,8,43.83,7.83
2025-10-15,S02,SKU020,Household,West,370.67,0,0,46,9,43.88,2.12
2025-10-16,S02,SKU020,Household,West,369.38,0,0,46,4,44.2,1.8
2025-10-17,S02,SKU020,Household,West,377.53,0,0,43,2,44.43,1.43
2025-10-18,S02,SKU020,Household,West,372.64,0,0,48,5,46.86,1.14
2025-10-19,S02,SKU020,Household,West,379.92,0,0,41,3,47.32,6.32
2025-10-20,S02,SKU020,Household,West,374.28,0,0,40,7,44.06,4.06
2025-10-21,S02,SKU020,Household,West,365.87,0,0,49,2,43.68,5.32
2025-10-22,S02,SKU020,Household,West,369.08,0,0,44,7,43.92,0.08
2025-10-23,S02,SKU020,Household,West,367.57,0,0,49,2,43.49,5.51
2025-10-24,S02,SKU020,Household,West,377.32,0,0,36,7,44.16,8.16
2025-10-25,S02,SKU020,Household,West,359.04,0,0,39,5,46.49,7.49
2025-10-26,S02,SKU020,Household,West,371.97,0,0,50,7,45.83,4.17
2025-10-27,S02,SKU020,Household,West,370.25,0,0,48,9,42.94,5.06
2025-10-28,S02,SKU020,Household,West,374.96,0,0,39,4,42.85,3.85
2025-10-29,S02,SKU020,Household,West,373.36,0,0,36,4,42.66,6.66
2025-10-30,S02,SKU020,Household,West,369.33,0,0,47,7,42.75,4.25
2025-10-31,S02,SKU020,Household,West,366.83,0,0,48,6,42.71,5.29
2025-11-01,S02,SKU020,Household,West,365.78,0,0,44,8,45.82,1.82
2025-11-02,S02,SKU020,Household,West,357.53,0,0,43,9,45.94,2.94
2025-11-03,S02,SKU020,Household,West,376.71,0,0,44,6,43.24,0.76
2025-11-04,S02,SKU020,Household,West,366.99,0,0,52,3,42.9,9.1
2025-11-05,S02,SKU020,Household,West,373.26,0,0,51,8,43.42,7.58
2025-11-06,S02,SKU020,Household,West,366.41,0,0,34,2,44.52,10.52
2025-11-07,S02,SKU020,Household,West,342.25,1,0,75,7,57.48,17.52
2025-11-08,S02,SKU020,Household,West,375.1,0,0,43,8,47.16,4.16
2025-11-09,S02,SKU020,Household,West,373.83,0,0,50,3,48.89,1.11
2025-11-10,S02,SKU020,Household,West,368.3,0,0,48,2,45.08,2.92
2025-11-11,S02,SKU020,Household,West,367.84,0,0,57,3,44.72,12.28
2025-11-12,S02,SKU020,Household,West,368.49,0,0,46,6,45.8,0.2
2025-11-13,S02,SKU020,Household,West,381.23,0,0,48,6,46.17,1.83
2025-11-14,S02,SKU020,Household,West,369.51,0,0,50,3,45.8,4.2
2025-11-15,S02,SKU020,Household,West,389.84,0,0,42,5,49.23,7.23
2025-11-16,S02,SKU020,Household,West,375.23,0,0,52,8,48.28,3.72
2025-11-17,S02,SKU020,Household,West,374.05,0,0,43,8,45.86,2.86
2025-11-18,S02,SKU020,Household,West,373.43,0,0,46,8,46.05,0.05
2025-11-19,S02,SKU020,Household,West,379.5,0,0,49,3,45.55,3.45
2025-11-20,S02,SKU020,Household,West,377.22,0,0,40,5,45.75,5.75
2025-11-21,S02,SKU020,Household,West,367.24,0,0,51,7,43.52,7.48
2025-11-22,S02,SKU020,Household,West,365.81,0,0,45,7,48.53,3.53
2025-11-23,S02,SKU020,Household,West,372.61,0,0,64,9,49.96,14.04
2025-11-24,S02,SKU020,Household,West,339.34,1,0,70,8,62.81,7.19
2025-11-25,S02,SKU020,Household,West,380.08,0,0,46,4,45.65,0.35
2025-11-26,S02,SKU020,Household,West,376.18,0,0,44,2,48.29,4.29
2025-11-27,S02,SKU020,Household,West,371.27,0,0,56,5,48.17,7.83
2025-11-28,S02,SKU020,Household,West,362.88,0,0,59,6,49.08,9.92
2025-11-29,S02,SKU020,Household,West,373.97,0,0,56,9,52.59,3.41
2025-11-30,S02,SKU020,Household,West,371.32,0,0,52,3,54.6,2.6
2025-12-01,S02,SKU020,Household,West,370.39,0,0,57,8,48.73,8.27
2025-12-02,S02,SKU020,Household,West,335.53,1,0,66,7,67.22,1.22
2025-12-03,S02,SKU020,Household,West,366.65,0,0,51,7,50.45,0.55
2025-12-04,S02,SKU020,Household,West,380.56,0,0,55,7,49.95,5.05
2025-12-05,S02,SKU020,Household,West,356.51,0,0,51,5,53.7,2.7
2025-12-06,S02,SKU020,Household,West,383.16,0,0,50,7,55.35,5.35
2025-12-07,S02,SKU020,Household,West,342.78,1,0,77,7,72.53,4.47
2025-12-08,S02,SKU020,Household,West,378.33,0,0,40,5,52.38,12.38
2025-12-09,S02,SKU020,Household,West,366.32,0,0,43,2,51.26,8.26
2025-12-10,S02,SKU020,Household,West,369.58,0,0,53,5,50.76,2.24
2025-12-11,S02,SKU020,Household,West,375.74,0,0,50,5,51.65,1.65
2025-12-12,S02,SKU020,Household,West,377.19,0,0,58,5,51.2,6.8
2025-12-13,S02,SKU020,Household,West,372.44,0,0,61,7,55.92,5.08
2025-12-14,S02,SKU020,Household,West,371.56,0,0,51,8,55.44,4.44
2025-12-15,S02,SKU020,Household,West,364.96,0,0,51,5,51.6,0.6
2025-12-16,S02,SKU020,Household,West,384.5,0,0,51,5,51.73,0.73
2025-12-17,S02,SKU020,Household,West,378.14,0,0,45,2,52.46,7.46
2025-12-18,S02,SKU020,Household,West,374.48,0,0,54,4,51.75,2.25
2025-12-19,S02,SKU020,Household,West,373.31,0,0,44,7,52.81,8.81
2025-12-20,S02,SKU020,Household,West,364.64,0,0,55,5,56.06,1.06
2025-12-21,S02,SKU020,Household,West,369.14,0,0,60,2,57.31,2.69
2025-12-22,S02,SKU020,Household,West,371.83,0,0,53,8,51.08,1.92
2025-12-23,S02,SKU020,Household,West,364.88,0,0,53,6,51.64,1.36
2025-12-24,S02,SKU020,Household,West,374.42,0,0,51,4,51.6,0.6
2025-12-25,S02,SKU020,Household,West,360.18,0,1,66,4,60.12,5.88
2025-12-26,S02,SKU020,Household,West,369.87,0,0,61,5,53.62,7.38
2025-12-27,S02,SKU020,Household,West,361.07,0,0,55,6,59.79,4.79
2025-12-28,S02,SKU020,Household,West,376.93,0,0,61,2,59.19,1.81
2025-12-29,S02,SKU020,Household,West,369.89,0,0,55,9,54.87,0.13
2025-12-30,S02,SKU020,Household,West,373.17,0,0,59,4,54.68,4.32
2025-12-31,S02,SKU020,Household,West,361.27,0,0,60,8,54.44,5.56
2025-08-13,S03,SKU001,Beverages,North,286.0,0,0,63,2,67.64,4.64
2025-08-14,S03,SKU001,Beverages,North,282.06,0,0,68,8,65.52,2.48
2025-08-15,S03,SKU001,Beverages,North,281.13,0,1,75,6,77.13,2.13
2025-08-16,S03,SKU001,Beverages,North,257.6,1,0,89,3,89.98,0.98
2025-08-17,S03,SKU001,Beverages,North,283.31,0,0,74,7,70.71,3.29
2025-08-18,S03,SKU001,Beverages,North,258.88,1,0,79,6,84.15,5.15
2025-08-19,S03,SKU001,Beverages,North,280.81,0,0,71,3,66.47,4.53
2025-08-20,S03,SKU001,Beverages,North,292.58,0,0,58,5,66.12,8.12
2025-08-21,S03,SKU001,Beverages,North,281.07,0,0,74,3,65.41,8.59
2025-08-22,S03,SKU001,Beverages,North,282.61,0,0,78,5,65.72,12.28
2025-08-23,S03,SKU001,Beverages,North,283.49,0,0,72,9,69.11,2.89
2025-08-24,S03,SKU001,Beverages,North,289.74,0,0,60,3,70.56,10.56
2025-08-25,S03,SKU001,Beverages,North,280.81,0,0,69,5,65.1,3.9
2025-08-26,S03,SKU001,Beverages,North,279.88,0,0,57,9,65.94,8.94
2025-08-27,S03,SKU001,Beverages,North,286.7,0,0,59,2,64.64,5.64
2025-08-28,S03,SKU001,Beverages,North,281.99,0,0,65,2,64.64,0.36
2025-08-29,S03,SKU001,Beverages,North,268.47,1,0,76,3,82.07,6.07
2025-08-30,S03,SKU001,Beverages,North,278.57,0,0,61,5,69.24,8.24
2025-08-31,S03,SKU001,Beverages,North,278.46,0,0,69,2,68.57,0.43
2025-09-01,S03,SKU001,Beverages,North,255.86,1,0,85,9,82.91,2.09
2025-09-02,S03,SKU001,Beverages,North,280.57,0,0,63,5,63.35,0.35
2025-09-03,S03,SKU001,Beverages,North,284.2,0,0,64,3,63.64,0.36
2025-09-04,S03,SKU001,Beverages,North,285.31,0,0,72,6,63.33,8.67
2025-09-05,S03,SKU001,Beverages,North,289.44,0,0,64,4,62.95,1.05
2025-09-06,S03,SKU001,Beverages,North,283.2,0,0,70,9,67.76,2.24
2025-09-07,S03,SKU001,Beverages,North,286.02,0,0,71,7,67.66,3.34
2025-09-08,S03,SKU001,Beverages,North,281.89,0,0,59,9,63.08,4.08
2025-09-09,S03,SKU001,Beverages,North,280.36,0,0,64,6,62.92,1.08
2025-09-10,S03,SKU001,Beverages,North,290.65,0,0,61,8,62.65,1.65
2025-09-11,S03,SKU001,Beverages,North,279.2,0,0,67,7,63.08,3.92
2025-09-12,S03,SKU001,Beverages,North,282.98,0,0,60,5,63.33,3.33
2025-09-13,S03,SKU001,Beverages,North,280.95,0,0,70,5,67.45,2.55
2025-09-14,S03,SKU001,Beverages,North,275.21,0,0,68,9,66.95,1.05
2025-09-15,S03,SKU001,Beverages,North,287.02,0,0,60,8,61.58,1.58
2025-09-16,S03,SKU001,Beverages,North,286.24,0,0,67,9,61.26,5.74
2025-09-17,S03,SKU001,Beverages,North,286.08,0,0,60,9,61.01,1.01
2025-09-18,S03,SKU001,Beverages,North,287.61,0,0,67,6,61.28,5.72
2025-09-19,S03,SKU001,Beverages,North,282.43,0,0,60,8,61.19,1.19
2025-09-20,S03,SKU001,Beverages,North,284.01,0,0,69,4,65.78,3.22
2025-09-21,S03,SKU001,Beverages,North,274.81,0,0,70,2,65.35,4.65
2025-09-22,S03,SKU001,Beverages,North,283.79,0,0,65,8,61.72,3.28
2025-09-23,S03,SKU001,Beverages,North,284.03,0,0,51,2,61.19,10.19
2025-09-24,S03,SKU001,Beverages,North,285.87,0,0,63,5,60.98,2.02
2025-09-25,S03,SKU001,Beverages,North,258.91,1,0,77,2,78.9,1.9
2025-09-26,S03,SKU001,Beverages,North,284.17,0,0,69,9,61.26,7.74
2025-09-27,S03,SKU001,Beverages,North,282.66,0,0,66,2,66.76,0.76
2025-09-28,S03,SKU001,Beverages,North,290.13,0,0,67,9,66.34,0.66
2025-09-29,S03,SKU001,Beverages,North,290.79,0,0,69,4,60.95,8.05
2025-09-30,S03,SKU001,Beverages,North,286.53,0,0,66,3,60.86,5.14
2025-10-01,S03,SKU001,Beverages,North,293.44,0,0,64,9,61.76,2.24
2025-10-02,S03,SKU001,Beverages,North,277.27,0,1,70,6,70.4,0.4
2025-10-03,S03,SKU001,Beverages,North,277.67,0,0,55,6,61.57,6.57
2025-10-04,S03,SKU001,Beverages,North,277.0,0,0,69,7,65.63,3.37
2025-10-05,S03,SKU001,Beverages,North,286.47,0,0,70,4,65.5,4.5
2025-10-06,S03,SKU001,Beverages,North,274.09,0,0,65,6,61.15,3.85
2025-10-07,S03,SKU001,Beverages,North,284.74,0,0,59,5,60.65,1.65
2025-10-08,S03,SKU001,Beverages,North,287.23,0,0,60,4,60.76,0.76
2025-10-09,S03,SKU001,Beverages,North,277.87,0,0,61,7,60.45,0.55
2025-10-10,S03,SKU001,Beverages,North,289.42,0,0,60,6,59.82,0.18
2025-10-11,S03,SKU001,Beverages,North,281.18,0,0,74,9,64.96,9.04
2025-10-12,S03,SKU001,Beverages,North,263.03,1,0,81,8,85.38,4.38
2025-10-13,S03,SKU001,Beverages,North,282.48,0,0,52,6,62.1,10.1
2025-10-14,S03,SKU001,Beverages,North,282.14,0,0,65,9,60.55,4.45
2025-10-15,S03,SKU001,Beverages,North,288.52,0,0,62,2,60.95,1.05
2025-10-16,S03,SKU001,Beverages,North,293.91,0,0,55,6,61.31,6.31
2025-10-17,S03,SKU001,Beverages,North,286.08,0,0,73,9,60.71,12.29
2025-10-18,S03,SKU001,Beverages,North,278.79,0,0,70,2,66.56,3.44
2025-10-19,S03,SKU001,Beverages,North,286.47,0,0,67,9,65.81,1.19
2025-10-20,S03,SKU001,Beverages,North,285.21,0,0,65,2,60.32,4.68
2025-10-21,S03,SKU001,Beverages,North,277.5,0,0,66,8,60.84,5.16
2025-10-22,S03,SKU001,Beverages,North,277.58,0,0,65,3,62.3,2.7
2025-10-23,S03,SKU001,Beverages,North,286.63,0,0,58,5,63.03,5.03
2025-10-24,S03,SKU001,Beverages,North,286.87,0,0,59,5,61.43,2.43
2025-10-25,S03,SKU001,Beverages,North,284.77,0,0,64,3,65.9,1.9
2025-10-26,S03,SKU001,Beverages,North,289.59,0,0,77,3,66.06,10.94
2025-10-27,S03,SKU001,Beverages,North,279.01,0,0,55,2,60.72,5.72
2025-10-28,S03,SKU001,Beverages,North,253.83,1,0,82,5,78.07,3.93
2025-10-29,S03,SKU001,Beverages,North,283.0,0,0,62,4,61.84,0.16
2025-10-30,S03,SKU001,Beverages,North,283.34,0,0,61,6,61.79,0.79
2025-10-31,S03,SKU001,Beverages,North,280.62,0,0,60,5,62.09,2.09
2025-11-01,S03,SKU001,Beverages,North,282.77,0,0,75,8,67.79,7.21
2025-11-02,S03,SKU001,Beverages,North,285.46,0,0,70,3,66.76,3.24
2025-11-03,S03,SKU001,Beverages,North,281.49,0,0,54,4,62.78,8.78
2025-11-04,S03,SKU001,Beverages,North,255.9,1,0,88,2,78.58,9.42
2025-11-05,S03,SKU001,Beverages,North,288.25,0,0,55,7,62.98,7.98
2025-11-06,S03,SKU001,Beverages,North,286.76,0,0,66,2,63.25,2.75
2025-11-07,S03,SKU001,Beverages,North,290.69,0,0,69,5,63.19,5.81
2025-11-08,S03,SKU001,Beverages,North,285.95,0,0,82,9,67.94,14.06
2025-11-09,S03,SKU001,Beverages,North,281.14,0,0,70,3,68.93,1.07
2025-11-10,S03,SKU001,Beverages,North,284.6,0,0,63,4,63.48,0.48
2025-11-11,S03,SKU001,Beverages,North,285.2,0,0,69,9,63.82,5.18
2025-11-12,S03,SKU001,Beverages,North,263.67,1,0,90,6,81.87,8.13
2025-11-13,S03,SKU001,Beverages,North,289.85,0,0,61,8,65.63,4.63
2025-11-14,S03,SKU001,Beverages,North,284.97,0,0,72,2,65.41,6.59
2025-11-15,S03,SKU001,Beverages,North,260.83,1,0,91,4,89.97,1.03
2025-11-16,S03,SKU001,Beverages,North,278.6,0,0,76,2,71.19,4.81
2025-11-17,S03,SKU001,Beverages,North,284.4,0,0,67,9,65.11,1.89
2025-11-18,S03,SKU001,Beverages,North,289.45,0,0,75,4,66.38,8.62
2025-11-19,S03,SKU001,Beverages,North,265.44,1,0,87,8,83.92,3.08
2025-11-20,S03,SKU001,Beverages,North,286.66,0,0,65,4,67.24,2.24
2025-11-21,S03,SKU001,Beverages,North,282.85,0,0,72,2,67.45,4.55
2025-11-22,S03,SKU001,Beverages,North,279.66,0,0,77,2,73.5,3.5
2025-11-23,S03,SKU001,Beverages,North,284.1,0,0,72,3,73.83,1.83
2025-11-24,S03,SKU001,Beverages,North,289.1,0,0,71,3,69.16,1.84
2025-11-25,S03,SKU001,Beverages,North,283.69,0,0,73,2,69.18,3.82
2025-11-26,S03,SKU001,Beverages,North,281.15,0,0,75,4,67.82,7.18
2025-11-27,S03,SKU001,Beverages,North,281.72,0,0,64,8,69.54,5.54
2025-11-28,S03,SKU001,Beverages,North,280.32,0,0,68,4,70.19,2.19
2025-11-29,S03,SKU001,Beverages,North,281.83,0,0,76,3,74.47,1.53
2025-11-30,S03,SKU001,Beverages,North,284.84,0,0,76,4,75.97,0.03
2025-12-01,S03,SKU001,Beverages,North,260.93,1,0,88,5,88.25,0.25
2025-12-02,S03,SKU001,Beverages,North,288.57,0,0,79,3,71.71,7.29
2025-12-03,S03,SKU001,Beverages,North,260.29,1,0,100,9,86.14,13.86
2025-12-04,S03,SKU001,Beverages,North,275.61,0,0,67,8,74.39,7.39
2025-12-05,S03,SKU001,Beverages,North,281.49,0,0,72,8,74.39,2.39
2025-12-06,S03,SKU001,Beverages,North,284.27,0,0,68,4,80.88,12.88
2025-12-07,S03,SKU001,Beverages,North,275.9,0,0,88,6,79.31,8.69
2025-12-08,S03,SKU001,Beverages,North,281.57,0,0,73,9,73.48,0.48
2025-12-09,S03,SKU001,Beverages,North,276.76,0,0,73,8,74.74,1.74
2025-12-10,S03,SKU001,Beverages,North,290.23,0,0,70,5,74.61,4.61
2025-12-11,S03,SKU001,Beverages,North,284.09,0,0,75,9,73.49,1.51
2025-12-12,S03,SKU001,Beverages,North,282.14,0,0,71,9,74.94,3.94
2025-12-13,S03,SKU001,Beverages,North,277.99,0,0,85,9,80.53,4.47
2025-12-14,S03,SKU001,Beverages,North,284.86,0,0,85,4,81.22,3.78
2025-12-15,S03,SKU001,Beverages,North,289.22,0,0,75,5,74.76,0.24
2025-12-16,S03,SKU001,Beverages,North,288.58,0,0,82,7,75.32,6.68
2025-12-17,S03,SKU001,Beverages,North,278.02,0,0,75,3,75.74,0.74
2025-12-18,S03,SKU001,Beverages,North,259.42,1,0,97,6,93.71,3.29
2025-12-19,S03,SKU001,Beverages,North,280.7,0,0,76,9,75.73,0.27
2025-12-20,S03,SKU001,Beverages,North,282.89,0,0,73,3,81.66,8.66
2025-12-21,S03,SKU001,Beverages,North,280.92,0,0,79,7,81.73,2.73
2025-12-22,S03,SKU001,Beverages,North,278.47,0,0,82,9,75.24,6.76
2025-12-23,S03,SKU001,Beverages,North,277.19,0,0,72,3,75.56,3.56
2025-12-24,S03,SKU001,Beverages,North,259.27,1,0,107,8,95.83,11.17
2025-12-25,S03,SKU001,Beverages,North,277.53,0,1,86,6,79.33,6.67
2025-12-26,S03,SKU001,Beverages,North,283.18,0,0,84,9,77.7,6.3
2025-12-27,S03,SKU001,Beverages,North,282.6,0,0,90,8,85.34,4.66
2025-12-28,S03,SKU001,Beverages,North,275.79,0,0,87,9,79.33,7.67
2025-12-29,S03,SKU001,Beverages,North,285.0,0,0,75,6,75.32,0.32
2025-12-30,S03,SKU001,Beverages,North,285.28,0,0,83,2,75.99,7.01
2025-12-31,S03,SKU001,Beverages,North,285.53,0,0,72,7,75.7,3.7
2025-08-13,S03,SKU002,Snacks,North,226.09,1,0,48,8,39.31,8.69
2025-08-14,S03,SKU002,Snacks,North,243.9,0,0,33,6,31.33,1.67
2025-08-15,S03,SKU002,Snacks,North,244.64,0,1,33,3,36.97,3.97
2025-08-16,S03,SKU002,Snacks,North,244.55,0,0,31,5,33.39,2.39
2025-08-17,S03,SKU002,Snacks,North,248.01,0,0,26,7,32.43,6.43
2025-08-18,S03,SKU002,Snacks,North,248.82,0,0,29,3,29.49,0.49
2025-08-19,S03,SKU002,Snacks,North,249.62,0,0,26,4,29.73,3.73
2025-08-20,S03,SKU002,Snacks,North,245.54,0,0,31,4,28.89,2.11
2025-08-21,S03,SKU002,Snacks,North,246.27,0,0,32,3,29.71,2.29
2025-08-22,S03,SKU002,Snacks,North,253.67,0,0,31,4,29.19,1.81
2025-08-23,S03,SKU002,Snacks,North,245.08,0,0,31,4,32.01,1.01
2025-08-24,S03,SKU002,Snacks,North,250.3,0,0,39,2,31.88,7.12
2025-08-25,S03,SKU002,Snacks,North,248.07,0,0,34,4,29.86,4.14
2025-08-26,S03,SKU002,Snacks,North,244.21,0,0,28,7,29.53,1.53
2025-08-27,S03,SKU002,Snacks,North,247.49,0,0,28,4,29.64,1.64
2025-08-28,S03,SKU002,Snacks,North,246.4,0,0,29,6,29.46,0.46
2025-08-29,S03,SKU002,Snacks,North,246.85,0,0,26,4,29.47,3.47
2025-08-30,S03,SKU002,Snacks,North,243.95,0,0,24,7,31.44,7.44
2025-08-31,S03,SKU002,Snacks,North,240.17,0,0,35,4,30.57,4.43
2025-09-01,S03,SKU002,Snacks,North,241.65,0,0,25,6,27.83,2.83
2025-09-02,S03,SKU002,Snacks,North,243.39,0,0,20,7,27.62,7.62
2025-09-03,S03,SKU002,Snacks,North,240.73,0,0,24,3,27.35,3.35
2025-09-04,S03,SKU002,Snacks,North,245.37,0,0,26,3,27.5,1.5
2025-09-05,S03,SKU002,Snacks,North,247.1,0,0,35,7,27.08,7.92
2025-09-06,S03,SKU002,Snacks,North,252.44,0,0,20,3,30.05,10.05
2025-09-07,S03,SKU002,Snacks,North,243.55,0,0,24,6,29.28,5.28
2025-09-08,S03,SKU002,Snacks,North,245.63,0,0,22,9,26.78,4.78
2025-09-09,S03,SKU002,Snacks,North,248.56,0,0,26,7,25.81,0.19
2025-09-10,S03,SKU002,Snacks,North,248.02,0,0,33,6,27.4,5.6
2025-09-11,S03,SKU002,Snacks,North,239.06,0,0,32,2,26.31,5.69
2025-09-12,S03,SKU002,Snacks,North,242.07,0,0,29,9,26.32,2.68
2025-09-13,S03,SKU002,Snacks,North,246.19,0,0,38,4,27.55,10.45
2025-09-14,S03,SKU002,Snacks,North,241.19,0,0,31,7,28.74,2.26
2025-09-15,S03,SKU002,Snacks,North,237.98,0,0,29,6,27.25,1.75
2025-09-16,S03,SKU002,Snacks,North,228.3,1,0,39,9,34.22,4.78
2025-09-17,S03,SKU002,Snacks,North,246.29,0,0,30,6,27.31,2.69
2025-09-18,S03,SKU002,Snacks,North,228.04,1,0,39,3,37.24,1.76
2025-09-19,S03,SKU002,Snacks,North,250.6,0,0,33,5,27.61,5.39
2025-09-20,S03,SKU002,Snacks,North,244.12,0,0,32,3,30.25,1.75
2025-09-21,S03,SKU002,Snacks,North,223.22,1,0,40,9,40.03,0.03
2025-09-22,S03,SKU002,Snacks,North,246.02,0,0,30,9,29.28,0.72
2025-09-23,S03,SKU002,Snacks,North,227.6,1,0,36,5,37.28,1.28
2025-09-24,S03,SKU002,Snacks,North,243.71,0,0,31,6,28.64,2.36
2025-09-25,S03,SKU002,Snacks,North,244.3,0,0,30,5,28.43,1.57
2025-09-26,S03,SKU002,Snacks,North,246.99,0,0,32,4,28.07,3.93
2025-09-27,S03,SKU002,Snacks,North,251.19,0,0,34,2,30.44,3.56
2025-09-28,S03,SKU002,Snacks,North,250.04,0,0,25,2,30.87,5.87
2025-09-29,S03,SKU002,Snacks,North,228.0,1,0,41,9,36.86,4.14
2025-09-30,S03,SKU002,Snacks,North,248.96,0,0,23,4,28.11,5.11
2025-10-01,S03,SKU002,Snacks,North,248.59,0,0,32,9,29.14,2.86
2025-10-02,S03,SKU002,Snacks,North,245.99,0,1,27,5,36.19,9.19
2025-10-03,S03,SKU002,Snacks,North,220.23,1,0,40,5,38.92,1.08
2025-10-04,S03,SKU002,Snacks,North,246.02,0,0,38,9,31.94,6.06
2025-10-05,S03,SKU002,Snacks,North,250.46,0,0,32,8,33.14,1.14
2025-10-06,S03,SKU002,Snacks,North,246.7,0,0,36,2,29.72,6.28
2025-10-07,S03,SKU002,Snacks,North,240.48,0,0,23,9,30.89,7.89
2025-10-08,S03,SKU002,Snacks,North,251.87,0,0,22,3,30.95,8.95
2025-10-09,S03,SKU002,Snacks,North,228.54,1,0,41,3,40.49,0.51
2025-10-10,S03,SKU002,Snacks,North,244.1,0,0,31,6,30.16,0.84
2025-10-11,S03,SKU002,Snacks,North,240.61,0,0,31,9,33.38,2.38
2025-10-12,S03,SKU002,Snacks,North,246.86,0,0,19,4,33.12,14.12
2025-10-13,S03,SKU002,Snacks,North,241.86,0,0,36,6,29.74,6.26
2025-10-14,S03,SKU002,Snacks,North,241.97,0,0,27,2,30.62,3.62
2025-10-15,S03,SKU002,Snacks,North,243.04,0,0,32,9,30.67,1.33
2025-10-16,S03,SKU002,Snacks,North,242.41,0,0,20,9,30.73,10.73
2025-10-17,S03,SKU002,Snacks,North,246.88,0,0,25,2,29.22,4.22
2025-10-18,S03,SKU002,Snacks,North,243.06,0,0,36,5,31.15,4.85
2025-10-19,S03,SKU002,Snacks,North,240.96,0,0,28,7,30.61,2.61
2025-10-20,S03,SKU002,Snacks,North,241.85,0,0,29,4,29.22,0.22
2025-10-21,S03,SKU002,Snacks,North,243.27,0,0,29,3,28.96,0.04
2025-10-22,S03,SKU002,Snacks,North,225.88,1,0,48,7,38.68,9.32
2025-10-23,S03,SKU002,Snacks,North,225.33,1,0,48,2,38.81,9.19
2025-10-24,S03,SKU002,Snacks,North,254.61,0,0,34,7,30.87,3.13
2025-10-25,S03,SKU002,Snacks,North,248.78,0,0,39,5,33.61,5.39
2025-10-26,S03,SKU002,Snacks,North,244.38,0,0,29,3,32.96,3.96
2025-10-27,S03,SKU002,Snacks,North,245.55,0,0,24,8,32.13,8.13
2025-10-28,S03,SKU002,Snacks,North,248.29,0,0,35,2,31.44,3.56
2025-10-29,S03,SKU002,Snacks,North,253.26,0,0,41,8,31.52,9.48
2025-10-30,S03,SKU002,Snacks,North,246.01,0,0,28,5,30.75,2.75
2025-10-31,S03,SKU002,Snacks,North,254.11,0,0,28,5,31.47,3.47
2025-11-01,S03,SKU002,Snacks,North,246.99,0,0,40,5,33.84,6.16
2025-11-02,S03,SKU002,Snacks,North,247.55,0,0,39,8,33.58,5.42
2025-11-03,S03,SKU002,Snacks,North,240.24,0,0,35,9,32.01,2.99
2025-11-04,S03,SKU002,Snacks,North,239.93,0,0,35,5,31.69,3.31
2025-11-05,S03,SKU002,Snacks,North,248.62,0,0,38,6,32.23,5.77
2025-11-06,S03,SKU002,Snacks,North,246.53,0,0,36,3,33.09,2.91
2025-11-07,S03,SKU002,Snacks,North,245.14,0,0,23,9,32.82,9.82
2025-11-08,S03,SKU002,Snacks,North,247.56,0,0,36,5,34.47,1.53
2025-11-09,S03,SKU002,Snacks,North,248.7,0,0,30,5,34.49,4.49
2025-11-10,S03,SKU002,Snacks,North,228.16,1,0,52,5,42.23,9.77
2025-11-11,S03,SKU002,Snacks,North,244.21,0,0,33,7,33.45,0.45
2025-11-12,S03,SKU002,Snacks,North,223.7,1,0,45,4,42.92,2.08
2025-11-13,S03,SKU002,Snacks,North,241.32,0,0,32,8,33.19,1.19
2025-11-14,S03,SKU002,Snacks,North,248.17,0,0,31,4,34.69,3.69
2025-11-15,S03,SKU002,Snacks,North,247.53,0,0,26,2,37.12,11.12
2025-11-16,S03,SKU002,Snacks,North,243.21,0,0,38,4,36.74,1.26
2025-11-17,S03,SKU002,Snacks,North,240.95,0,0,31,9,34.31,3.31
2025-11-18,S03,SKU002,Snacks,North,244.34,0,0,28,5,34.3,6.3
2025-11-19,S03,SKU002,Snacks,North,252.79,0,0,34,2,34.69,0.69
2025-11-20,S03,SKU002,Snacks,North,245.1,0,0,41,7,35.13,5.87
2025-11-21,S03,SKU002,Snacks,North,223.74,1,0,45,3,45.58,0.58
2025-11-22,S03,SKU002,Snacks,North,249.52,0,0,48,8,37.14,10.86
2025-11-23,S03,SKU002,Snacks,North,240.93,0,0,43,4,36.38,6.62
2025-11-24,S03,SKU002,Snacks,North,238.94,0,0,35,8,36.0,1.0
2025-11-25,S03,SKU002,Snacks,North,243.81,0,0,34,4,34.99,0.99
2025-11-26,S03,SKU002,Snacks,North,245.68,0,0,37,8,36.19,0.81
2025-11-27,S03,SKU002,Snacks,North,250.57,0,0,39,5,35.79,3.21
2025-11-28,S03,SKU002,Snacks,North,243.81,0,0,34,2,35.78,1.78
2025-11-29,S03,SKU002,Snacks,North,244.23,0,0,31,5,38.41,7.41
2025-11-30,S03,SKU002,Snacks,North,242.63,0,0,39,3,39.07,0.07
2025-12-01,S03,SKU002,Snacks,North,250.25,0,0,37,8,35.53,1.47
2025-12-02,S03,SKU002,Snacks,North,242.29,0,0,39,8,35.34,3.66
2025-12-03,S03,SKU002,Snacks,North,245.92,0,0,33,8,35.7,2.7
2025-12-04,S03,SKU002,Snacks,North,245.86,0,0,31,4,35.56,4.56
2025-12-05,S03,SKU002,Snacks,North,244.59,0,0,37,4,35.3,1.7
2025-12-06,S03,SKU002,Snacks,North,221.15,1,0,44,6,51.23,7.23
2025-12-07,S03,SKU002,Snacks,North,250.6,0,0,32,4,39.55,7.55
2025-12-08,S03,SKU002,Snacks,North,242.56,0,0,24,3,36.88,12.88
2025-12-09,S03,SKU002,Snacks,North,250.85,0,0,34,9,35.65,1.65
2025-12-10,S03,SKU002,Snacks,North,244.32,0,0,31,5,35.61,4.61
2025-12-11,S03,SKU002,Snacks,North,249.37,0,0,32,3,34.77,2.77
2025-12-12,S03,SKU002,Snacks,North,247.13,0,0,34,3,34.54,0.54
2025-12-13,S03,SKU002,Snacks,North,243.38,0,0,41,8,37.45,3.55
2025-12-14,S03,SKU002,Snacks,North,246.89,0,0,36,4,38.24,2.24
2025-12-15,S03,SKU002,Snacks,North,242.48,0,0,25,4,34.78,9.78
2025-12-16,S03,SKU002,Snacks,North,242.69,0,0,40,8,34.54,5.46
2025-12-17,S03,SKU002,Snacks,North,247.22,0,0,35,7,35.27,0.27
2025-12-18,S03,SKU002,Snacks,North,249.09,0,0,30,7,35.79,5.79
2025-12-19,S03,SKU002,Snacks,North,242.08,0,0,30,2,35.76,5.76
2025-12-20,S03,SKU002,Snacks,North,242.44,0,0,49,4,37.7,11.3
2025-12-21,S03,SKU002,Snacks,North,243.27,0,0,46,6,36.78,9.22
2025-12-22,S03,SKU002,Snacks,North,243.94,0,0,35,9,35.59,0.59
2025-12-23,S03,SKU002,Snacks,North,244.52,0,0,32,5,34.57,2.57
2025-12-24,S03,SKU002,Snacks,North,248.14,0,0,37,6,35.25,1.75
2025-12-25,S03,SKU002,Snacks,North,249.18,0,1,53,4,41.06,11.94
2025-12-26,S03,SKU002,Snacks,North,246.93,0,0,31,6,34.87,3.87
2025-12-27,S03,SKU002,Snacks,North,247.28,0,0,37,9,37.36,0.36
2025-12-28,S03,SKU002,Snacks,North,224.06,1,0,54,7,49.93,4.07
2025-12-29,S03,SKU002,Snacks,North,246.43,0,0,31,4,36.6,5.6
2025-12-30,S03,SKU002,Snacks,North,241.93,0,0,30,8,34.82,4.82
2025-12-31,S03,SKU002,Snacks,North,246.03,0,0,29,2,34.43,5.43
2025-08-13,S03,SKU003,Personal Care,North,258.1,0,0,31,7,37.04,6.04
2025-08-14,S03,SKU003,Personal Care,North,263.25,0,0,37,3,36.98,0.02
2025-08-15,S03,SKU003,Personal Care,North,261.55,0,1,35,7,41.32,6.32
2025-08-16,S03,SKU003,Personal Care,North,258.26,0,0,47,9,38.7,8.3
2025-08-17,S03,SKU003,Personal Care,North,260.52,0,0,31,7,38.9,7.9
2025-08-18,S03,SKU003,Personal Care,North,256.55,0,0,36,4,35.81,0.19
2025-08-19,S03,SKU003,Personal Care,North,256.68,0,0,38,5,35.97,2.03
2025-08-20,S03,SKU003,Personal Care,North,253.98,0,0,28,8,35.6,7.6
2025-08-21,S03,SKU003,Personal Care,North,262.66,0,0,37,6,34.66,2.34
2025-08-22,S03,SKU003,Personal Care,North,266.28,0,0,41,4,34.88,6.12
2025-08-23,S03,SKU003,Personal Care,North,235.77,1,0,43,9,49.98,6.98
2025-08-24,S03,SKU003,Personal Care,North,249.34,0,0,40,3,37.65,2.35
2025-08-25,S03,SKU003,Personal Care,North,260.15,0,0,36,9,35.02,0.98
2025-08-26,S03,SKU003,Personal Care,North,258.56,0,0,36,5,33.97,2.03
2025-08-27,S03,SKU003,Personal Care,North,262.81,0,0,41,2,34.2,6.8
2025-08-28,S03,SKU003,Personal Care,North,253.01,0,0,35,7,34.49,0.51
2025-08-29,S03,SKU003,Personal Care,North,265.03,0,0,31,9,34.55,3.55
2025-08-30,S03,SKU003,Personal Care,North,259.83,0,0,38,6,37.56,0.44
2025-08-31,S03,SKU003,Personal Care,North,258.58,0,0,47,4,37.34,9.66
2025-09-01,S03,SKU003,Personal Care,North,257.63,0,0,41,5,33.95,7.05
2025-09-02,S03,SKU003,Personal Care,North,259.94,0,0,41,2,34.6,6.4
2025-09-03,S03,SKU003,Personal Care,North,268.92,0,0,27,7,34.53,7.53
2025-09-04,S03,SKU003,Personal Care,North,252.48,0,0,45,2,34.29,10.71
2025-09-05,S03,SKU003,Personal Care,North,260.08,0,0,35,2,34.52,0.48
2025-09-06,S03,SKU003,Personal Care,North,255.74,0,0,45,7,37.71,7.29
2025-09-07,S03,SKU003,Personal Care,North,259.09,0,0,41,4,37.43,3.57
2025-09-08,S03,SKU003,Personal Care,North,256.85,0,0,31,2,34.77,3.77
2025-09-09,S03,SKU003,Personal Care,North,261.29,0,0,29,6,34.08,5.08
2025-09-10,S03,SKU003,Personal Care,North,261.74,0,0,28,3,34.41,6.41
2025-09-11,S03,SKU003,Personal Care,North,249.08,0,0,39,4,34.68,4.32
2025-09-12,S03,SKU003,Personal Care,North,255.42,0,0,27,6,34.3,7.3
2025-09-13,S03,SKU003,Personal Care,North,264.93,0,0,33,2,37.08,4.08
2025-09-14,S03,SKU003,Personal Care,North,238.32,1,0,43,3,48.41,5.41
2025-09-15,S03,SKU003,Personal Care,North,253.28,0,0,42,4,33.7,8.3
2025-09-16,S03,SKU003,Personal Care,North,256.89,0,0,47,6,34.15,12.85
2025-09-17,S03,SKU003,Personal Care,North,261.28,0,0,28,3,34.38,6.38
2025-09-18,S03,SKU003,Personal Care,North,256.49,0,0,38,7,34.86,3.14
2025-09-19,S03,SKU003,Personal Care,North,236.71,1,0,56,4,45.32,10.68
2025-09-20,S03,SKU003,Personal Care,North,255.49,0,0,45,8,37.91,7.09
2025-09-21,S03,SKU003,Personal Care,North,256.84,0,0,33,9,38.71,5.71
2025-09-22,S03,SKU003,Personal Care,North,238.5,1,0,45,6,46.28,1.28
2025-09-23,S03,SKU003,Personal Care,North,232.25,1,0,51,9,47.22,3.78
2025-09-24,S03,SKU003,Personal Care,North,253.83,0,0,38,7,36.53,1.47
2025-09-25,S03,SKU003,Personal Care,North,261.33,0,0,33,3,35.85,2.85
2025-09-26,S03,SKU003,Personal Care,North,255.6,0,0,28,5,35.78,7.78
2025-09-27,S03,SKU003,Personal Care,North,259.71,0,0,31,9,38.0,7.0
2025-09-28,S03,SKU003,Personal Care,North,239.42,1,0,55,8,50.22,4.78
2025-09-29,S03,SKU003,Personal Care,North,254.93,0,0,36,3,35.62,0.38
2025-09-30,S03,SKU003,Personal Care,North,257.35,0,0,32,4,36.17,4.17
2025-10-01,S03,SKU003,Personal Care,North,256.99,0,0,46,5,34.91,11.09
2025-10-02,S03,SKU003,Personal Care,North,235.52,1,1,45,6,48.81,3.81
2025-10-03,S03,SKU003,Personal Care,North,259.28,0,0,35,7,36.2,1.2
2025-10-04,S03,SKU003,Personal Care,North,251.75,0,0,36,6,39.47,3.47
2025-10-05,S03,SKU003,Personal Care,North,260.85,0,0,44,2,39.16,4.84
2025-10-06,S03,SKU003,Personal Care,North,255.38,0,0,32,5,36.36,4.36
2025-10-07,S03,SKU003,Personal Care,North,260.38,0,0,30,2,36.36,6.36
2025-10-08,S03,SKU003,Personal Care,North,236.96,1,0,58,9,46.4,11.6
2025-10-09,S03,SKU003,Personal Care,North,234.87,1,0,39,7,49.03,10.03
2025-10-10,S03,SKU003,Personal Care,North,253.49,0,0,37,6,36.88,0.12
2025-10-11,S03,SKU003,Personal Care,North,254.84,0,0,43,3,39.97,3.03
2025-10-12,S03,SKU003,Personal Care,North,252.04,0,0,42,5,41.39,0.61
2025-10-13,S03,SKU003,Personal Care,North,234.1,1,0,49,4,48.81,0.19
2025-10-14,S03,SKU003,Personal Care,North,230.45,1,0,60,5,49.89,10.11
2025-10-15,S03,SKU003,Personal Care,North,256.21,0,0,25,4,38.09,13.09
2025-10-16,S03,SKU003,Personal Care,North,255.7,0,0,33,3,39.74,6.74
2025-10-17,S03,SKU003,Personal Care,North,259.3,0,0,40,8,38.75,1.25
2025-10-18,S03,SKU003,Personal Care,North,239.81,1,0,50,2,53.55,3.55
2025-10-19,S03,SKU003,Personal Care,North,262.63,0,0,39,9,41.65,2.65
2025-10-20,S03,SKU003,Personal Care,North,257.85,0,0,42,7,39.35,2.65
2025-10-21,S03,SKU003,Personal Care,North,242.12,1,0,44,4,50.09,6.09
2025-10-22,S03,SKU003,Personal Care,North,252.21,0,0,31,4,38.3,7.3
2025-10-23,S03,SKU003,Personal Care,North,253.84,0,0,32,8,38.1,6.1
2025-10-24,S03,SKU003,Personal Care,North,259.45,0,0,38,4,37.84,0.16
2025-10-25,S03,SKU003,Personal Care,North,251.57,0,0,46,9,41.07,4.93
2025-10-26,S03,SKU003,Personal Care,North,260.2,0,0,33,9,41.1,8.1
2025-10-27,S03,SKU003,Personal Care,North,260.53,0,0,39,8,38.31,0.69
2025-10-28,S03,SKU003,Personal Care,North,254.94,0,0,36,5,36.46,0.46
2025-10-29,S03,SKU003,Personal Care,North,240.16,1,0,44,4,48.39,4.39
2025-10-30,S03,SKU003,Personal Care,North,254.35,0,0,32,4,38.4,6.4
2025-10-31,S03,SKU003,Personal Care,North,261.77,0,0,32,8,38.06,6.06
2025-11-01,S03,SKU003,Personal Care,North,256.92,0,0,43,4,40.96,2.04
2025-11-02,S03,SKU003,Personal Care,North,260.68,0,0,37,2,41.16,4.16
2025-11-03,S03,SKU003,Personal Care,North,262.65,0,0,34,3,37.49,3.49
2025-11-04,S03,SKU003,Personal Care,North,253.69,0,0,35,6,37.86,2.86
2025-11-05,S03,SKU003,Personal Care,North,258.79,0,0,47,5,37.95,9.05
2025-11-06,S03,SKU003,Personal Care,North,256.8,0,0,35,4,38.06,3.06
2025-11-07,S03,SKU003,Personal Care,North,262.77,0,0,32,5,38.14,6.14
2025-11-08,S03,SKU003,Personal Care,North,255.38,0,0,40,3,40.93,0.93
2025-11-09,S03,SKU003,Personal Care,North,254.77,0,0,40,5,40.24,0.24
2025-11-10,S03,SKU003,Personal Care,North,239.14,1,0,53,8,48.02,4.98
2025-11-11,S03,SKU003,Personal Care,North,258.12,0,0,35,9,36.68,1.68
2025-11-12,S03,SKU003,Personal Care,North,262.86,0,0,48,4,37.31,10.69
2025-11-13,S03,SKU003,Personal Care,North,259.38,0,0,36,5,37.9,1.9
2025-11-14,S03,SKU003,Personal Care,North,257.51,0,0,41,2,38.41,2.59
2025-11-15,S03,SKU003,Personal Care,North,258.72,0,0,45,4,42.0,3.0
2025-11-16,S03,SKU003,Personal Care,North,262.58,0,0,44,7,41.79,2.21
2025-11-17,S03,SKU003,Personal Care,North,238.94,1,0,44,4,49.73,5.73
2025-11-18,S03,SKU003,Personal Care,North,258.54,0,0,39,2,39.11,0.11
2025-11-19,S03,SKU003,Personal Care,North,239.62,1,0,47,6,50.79,3.79
2025-11-20,S03,SKU003,Personal Care,North,261.47,0,0,36,3,38.66,2.66
2025-11-21,S03,SKU003,Personal Care,North,258.95,0,0,45,3,39.8,5.2
2025-11-22,S03,SKU003,Personal Care,North,254.16,0,0,36,9,42.58,6.58
2025-11-23,S03,SKU003,Personal Care,North,253.2,0,0,47,8,42.13,4.87
2025-11-24,S03,SKU003,Personal Care,North,250.16,0,0,34,4,40.76,6.76
2025-11-25,S03,SKU003,Personal Care,North,235.5,1,0,45,5,49.81,4.81
2025-11-26,S03,SKU003,Personal Care,North,256.05,0,0,37,4,40.8,3.8
2025-11-27,S03,SKU003,Personal Care,North,249.26,0,0,31,9,39.35,8.35
2025-11-28,S03,SKU003,Personal Care,North,235.23,1,0,50,3,50.29,0.29
2025-11-29,S03,SKU003,Personal Care,North,263.93,0,0,36,8,43.06,7.06
2025-11-30,S03,SKU003,Personal Care,North,257.83,0,0,40,9,43.1,3.1
2025-12-01,S03,SKU003,Personal Care,North,259.5,0,0,33,3,39.42,6.42
2025-12-02,S03,SKU003,Personal Care,North,256.69,0,0,43,6,39.7,3.3
2025-12-03,S03,SKU003,Personal Care,North,258.78,0,0,34,2,40.32,6.32
2025-12-04,S03,SKU003,Personal Care,North,258.05,0,0,42,5,39.26,2.74
2025-12-05,S03,SKU003,Personal Care,North,261.21,0,0,35,3,40.08,5.08
2025-12-06,S03,SKU003,Personal Care,North,253.09,0,0,54,9,42.77,11.23
2025-12-07,S03,SKU003,Personal Care,North,254.05,0,0,44,8,43.25,0.75
2025-12-08,S03,SKU003,Personal Care,North,258.72,0,0,40,3,39.98,0.02
2025-12-09,S03,SKU003,Personal Care,North,251.9,0,0,39,7,41.0,2.0
2025-12-10,S03,SKU003,Personal Care,North,255.84,0,0,41,9,40.3,0.7
2025-12-11,S03,SKU003,Personal Care,North,258.85,0,0,38,6,40.42,2.42
2025-12-12,S03,SKU003,Personal Care,North,263.34,0,0,42,6,41.08,0.92
2025-12-13,S03,SKU003,Personal Care,North,240.02,1,0,57,6,56.95,0.05
2025-12-14,S03,SKU003,Personal Care,North,251.48,0,0,47,3,43.96,3.04
2025-12-15,S03,SKU003,Personal Care,North,259.72,0,0,36,9,40.74,4.74
2025-12-16,S03,SKU003,Personal Care,North,259.3,0,0,45,9,40.74,4.26
2025-12-17,S03,SKU003,Personal Care,North,235.91,1,0,53,8,53.53,0.53
2025-12-18,S03,SKU003,Personal Care,North,257.89,0,0,42,2,40.71,1.29
2025-12-19,S03,SKU003,Personal Care,North,259.17,0,0,40,7,42.05,2.05
2025-12-20,S03,SKU003,Personal Care,North,257.85,0,0,42,5,45.48,3.48
2025-12-21,S03,SKU003,Personal Care,North,258.02,0,0,42,4,44.79,2.79
2025-12-22,S03,SKU003,Personal Care,North,256.86,0,0,32,9,40.8,8.8
2025-12-23,S03,SKU003,Personal Care,North,256.98,0,0,45,4,41.45,3.55
2025-12-24,S03,SKU003,Personal Care,North,257.27,0,0,34,4,40.66,6.66
2025-12-25,S03,SKU003,Personal Care,North,263.25,0,1,50,2,47.38,2.62
2025-12-26,S03,SKU003,Personal Care,North,256.51,0,0,33,8,41.26,8.26
2025-12-27,S03,SKU003,Personal Care,North,255.91,0,0,56,2,43.33,12.67
2025-12-28,S03,SKU003,Personal Care,North,258.3,0,0,48,3,44.96,3.04
2025-12-29,S03,SKU003,Personal Care,North,256.43,0,0,55,6,41.21,13.79
2025-12-30,S03,SKU003,Personal Care,North,256.49,0,0,43,7,42.48,0.52
2025-12-31,S03,SKU003,Personal Care,North,256.62,0,0,36,9,41.98,5.98
2025-08-13,S03,SKU004,Household,North,291.52,0,0,49,3,51.75,2.75
2025-08-14,S03,SKU004,Household,North,302.76,0,0,69,9,51.65,17.35
2025-08-15,S03,SKU004,Household,North,264.26,1,1,81,7,73.48,7.52
2025-08-16,S03,SKU004,Household,North,293.31,0,0,59,3,57.01,1.99
2025-08-17,S03,SKU004,Household,North,292.31,0,0,54,7,56.11,2.11
2025-08-18,S03,SKU004,Household,North,297.36,0,0,52,9,52.02,0.02
2025-08-19,S03,SKU004,Household,North,287.58,0,0,48,5,51.35,3.35
2025-08-20,S03,SKU004,Household,North,298.12,0,0,49,4,51.02,2.02
2025-08-21,S03,SKU004,Household,North,293.43,0,0,49,9,50.86,1.86
2025-08-22,S03,SKU004,Household,North,295.36,0,0,53,9,50.29,2.71
2025-08-23,S03,SKU004,Household,North,287.28,0,0,57,7,53.55,3.45
2025-08-24,S03,SKU004,Household,North,280.9,0,0,53,9,53.69,0.69
2025-08-25,S03,SKU004,Household,North,289.75,0,0,54,8,50.01,3.99
2025-08-26,S03,SKU004,Household,North,285.57,0,0,46,9,50.01,4.01
2025-08-27,S03,SKU004,Household,North,287.41,0,0,56,3,49.86,6.14
2025-08-28,S03,SKU004,Household,North,282.03,0,0,44,9,50.88,6.88
2025-08-29,S03,SKU004,Household,North,288.37,0,0,52,2,49.85,2.15
2025-08-30,S03,SKU004,Household,North,286.71,0,0,57,3,53.95,3.05
2025-08-31,S03,SKU004,Household,North,295.38,0,0,60,6,53.95,6.05
2025-09-01,S03,SKU004,Household,North,293.91,0,0,52,3,50.8,1.2
2025-09-02,S03,SKU004,Household,North,296.33,0,0,50,3,50.08,0.08
2025-09-03,S03,SKU004,Household,North,265.77,1,0,69,9,66.6,2.4
2025-09-04,S03,SKU004,Household,North,298.99,0,0,49,9,49.48,0.48
2025-09-05,S03,SKU004,Household,North,286.45,0,0,42,7,50.36,8.36
2025-09-06,S03,SKU004,Household,North,288.11,0,0,50,9,53.58,3.58
2025-09-07,S03,SKU004,Household,North,266.86,1,0,71,3,70.35,0.65
2025-09-08,S03,SKU004,Household,North,290.86,0,0,44,2,49.97,5.97
2025-09-09,S03,SKU004,Household,North,289.14,0,0,51,8,49.78,1.22
2025-09-10,S03,SKU004,Household,North,295.99,0,0,46,5,49.72,3.72
2025-09-11,S03,SKU004,Household,North,295.05,0,0,60,7,49.93,10.07
2025-09-12,S03,SKU004,Household,North,285.41,0,0,52,3,49.34,2.66
2025-09-13,S03,SKU004,Household,North,295.2,0,0,54,2,52.83,1.17
2025-09-14,S03,SKU004,Household,North,296.61,0,0,55,8,51.62,3.38
2025-09-15,S03,SKU004,Household,North,289.19,0,0,50,9,48.6,1.4
2025-09-16,S03,SKU004,Household,North,286.36,0,0,52,5,49.19,2.81
2025-09-17,S03,SKU004,Household,North,291.05,0,0,40,6,49.11,9.11
2025-09-18,S03,SKU004,Household,North,285.82,0,0,48,2,48.43,0.43
2025-09-19,S03,SKU004,Household,North,287.71,0,0,42,3,48.57,6.57
2025-09-20,S03,SKU004,Household,North,296.37,0,0,48,4,52.48,4.48
2025-09-21,S03,SKU004,Household,North,294.56,0,0,57,3,52.39,4.61
2025-09-22,S03,SKU004,Household,North,290.33,0,0,48,6,48.28,0.28
2025-09-23,S03,SKU004,Household,North,298.36,0,0,64,7,48.11,15.89
2025-09-24,S03,SKU004,Household,North,290.41,0,0,46,5,48.23,2.23
2025-09-25,S03,SKU004,Household,North,290.78,0,0,51,9,48.38,2.62
2025-09-26,S03,SKU004,Household,North,261.93,1,0,61,6,66.11,5.11
2025-09-27,S03,SKU004,Household,North,293.73,0,0,43,3,52.96,9.96
2025-09-28,S03,SKU004,Household,North,291.87,0,0,48,7,52.75,4.75
2025-09-29,S03,SKU004,Household,North,284.31,0,0,54,5,48.07,5.93
2025-09-30,S03,SKU004,Household,North,290.94,0,0,57,9,48.3,8.7
2025-10-01,S03,SKU004,Household,North,291.97,0,0,53,7,48.8,4.2
2025-10-02,S03,SKU004,Household,North,289.76,0,1,56,4,57.16,1.16
2025-10-03,S03,SKU004,Household,North,291.96,0,0,50,5,48.21,1.79
2025-10-04,S03,SKU004,Household,North,293.67,0,0,53,4,52.82,0.18
2025-10-05,S03,SKU004,Household,North,289.8,0,0,58,8,53.1,4.9
2025-10-06,S03,SKU004,Household,North,299.39,0,0,49,5,48.24,0.76
2025-10-07,S03,SKU004,Household,North,264.56,1,0,68,3,64.76,3.24
2025-10-08,S03,SKU004,Household,North,294.52,0,0,51,8,48.62,2.38
2025-10-09,S03,SKU004,Household,North,295.05,0,0,51,7,49.37,1.63
2025-10-10,S03,SKU004,Household,North,290.2,0,0,49,5,49.07,0.07
2025-10-11,S03,SKU004,Household,North,290.31,0,0,46,7,52.87,6.87
2025-10-12,S03,SKU004,Household,North,282.86,0,0,52,4,53.49,1.49
2025-10-13,S03,SKU004,Household,North,303.49,0,0,48,9,49.52,1.52
2025-10-14,S03,SKU004,Household,North,281.16,0,0,55,2,48.65,6.35
2025-10-15,S03,SKU004,Household,North,292.79,0,0,42,4,49.03,7.03
2025-10-16,S03,SKU004,Household,North,289.75,0,0,50,8,49.47,0.53
2025-10-17,S03,SKU004,Household,North,258.09,1,0,70,2,65.59,4.41
2025-10-18,S03,SKU004,Household,North,261.5,1,0,69,5,70.75,1.75
2025-10-19,S03,SKU004,Household,North,286.23,0,0,57,3,54.49,2.51
2025-10-20,S03,SKU004,Household,North,295.96,0,0,47,3,50.72,3.72
2025-10-21,S03,SKU004,Household,North,290.63,0,0,56,4,50.78,5.22
2025-10-22,S03,SKU004,Household,North,286.98,0,0,62,9,50.18,11.82
2025-10-23,S03,SKU004,Household,North,293.18,0,0,48,6,51.29,3.29
2025-10-24,S03,SKU004,Household,North,269.85,1,0,71,9,67.56,3.44
2025-10-25,S03,SKU004,Household,North,291.25,0,0,58,3,54.74,3.26
2025-10-26,S03,SKU004,Household,North,291.49,0,0,62,4,56.37,5.63
2025-10-27,S03,SKU004,Household,North,289.79,0,0,46,2,53.28,7.28
2025-10-28,S03,SKU004,Household,North,283.79,0,0,50,9,53.07,3.07
2025-10-29,S03,SKU004,Household,North,288.57,0,0,48,5,52.89,4.89
2025-10-30,S03,SKU004,Household,North,291.32,0,0,56,2,51.84,4.16
2025-10-31,S03,SKU004,Household,North,267.82,1,0,66,8,68.43,2.43
2025-11-01,S03,SKU004,Household,North,290.89,0,0,57,5,56.93,0.07
2025-11-02,S03,SKU004,Household,North,288.33,0,0,55,4,56.73,1.73
2025-11-03,S03,SKU004,Household,North,276.53,1,0,68,7,69.88,1.88
2025-11-04,S03,SKU004,Household,North,266.72,1,0,71,3,69.99,1.01
2025-11-05,S03,SKU004,Household,North,297.17,0,0,52,5,54.07,2.07
2025-11-06,S03,SKU004,Household,North,291.63,0,0,49,8,54.66,5.66
2025-11-07,S03,SKU004,Household,North,297.03,0,0,49,5,53.88,4.88
2025-11-08,S03,SKU004,Household,North,280.92,0,0,53,6,58.77,5.77
2025-11-09,S03,SKU004,Household,North,298.04,0,0,56,8,59.13,3.13
2025-11-10,S03,SKU004,Household,North,295.1,0,0,53,3,55.09,2.09
2025-11-11,S03,SKU004,Household,North,298.21,0,0,59,6,54.14,4.86
2025-11-12,S03,SKU004,Household,North,293.98,0,0,50,4,55.37,5.37
2025-11-13,S03,SKU004,Household,North,289.96,0,0,48,4,55.71,7.71
2025-11-14,S03,SKU004,Household,North,294.22,0,0,46,5,55.48,9.48
2025-11-15,S03,SKU004,Household,North,290.56,0,0,66,6,58.29,7.71
2025-11-16,S03,SKU004,Household,North,296.87,0,0,57,2,58.61,1.61
2025-11-17,S03,SKU004,Household,North,301.29,0,0,49,9,54.3,5.3
2025-11-18,S03,SKU004,Household,North,294.18,0,0,47,6,54.99,7.99
2025-11-19,S03,SKU004,Household,North,259.3,1,0,67,6,69.82,2.82
2025-11-20,S03,SKU004,Household,North,288.2,0,0,52,4,54.07,2.07
2025-11-21,S03,SKU004,Household,North,293.71,0,0,55,5,54.23,0.77
2025-11-22,S03,SKU004,Household,North,289.63,0,0,61,3,58.14,2.86
2025-11-23,S03,SKU004,Household,North,293.0,0,0,58,6,58.84,0.84
2025-11-24,S03,SKU004,Household,North,291.93,0,0,55,8,54.11,0.89
2025-11-25,S03,SKU004,Household,North,264.31,1,0,71,8,71.27,0.27
2025-11-26,S03,SKU004,Household,North,291.75,0,0,49,7,55.09,6.09
2025-11-27,S03,SKU004,Household,North,292.24,0,0,59,7,56.07,2.93
2025-11-28,S03,SKU004,Household,North,285.75,0,0,50,3,55.8,5.8
2025-11-29,S03,SKU004,Household,North,266.26,1,0,79,9,77.61,1.39
2025-11-30,S03,SKU004,Household,North,285.07,0,0,63,9,59.89,3.11
2025-12-01,S03,SKU004,Household,North,298.27,0,0,53,7,56.48,3.48
2025-12-02,S03,SKU004,Household,North,290.28,0,0,49,2,54.41,5.41
2025-12-03,S03,SKU004,Household,North,285.66,0,0,60,7,55.68,4.32
2025-12-04,S03,SKU004,Household,North,287.49,0,0,55,2,55.51,0.51
2025-12-05,S03,SKU004,Household,North,289.04,0,0,53,4,55.83,2.83
2025-12-06,S03,SKU004,Household,North,286.58,0,0,58,7,58.58,0.58
2025-12-07,S03,SKU004,Household,North,290.24,0,0,68,5,59.82,8.18
2025-12-08,S03,SKU004,Household,North,291.89,0,0,58,9,56.45,1.55
2025-12-09,S03,SKU004,Household,North,290.33,0,0,63,3,57.16,5.84
2025-12-10,S03,SKU004,Household,North,289.47,0,0,55,4,56.65,1.65
2025-12-11,S03,SKU004,Household,North,291.78,0,0,61,4,56.8,4.2
2025-12-12,S03,SKU004,Household,North,287.03,0,0,46,2,57.33,11.33
2025-12-13,S03,SKU004,Household,North,286.49,0,0,61,6,62.43,1.43
2025-12-14,S03,SKU004,Household,North,286.87,0,0,68,5,61.85,6.15
2025-12-15,S03,SKU004,Household,North,285.9,0,0,59,7,57.3,1.7
2025-12-16,S03,SKU004,Household,North,291.8,0,0,55,8,56.93,1.93
2025-12-17,S03,SKU004,Household,North,282.03,0,0,60,6,58.24,1.76
2025-12-18,S03,SKU004,Household,North,290.95,0,0,50,4,57.93,7.93
2025-12-19,S03,SKU004,Household,North,295.05,0,0,53,6,58.26,5.26
2025-12-20,S03,SKU004,Household,North,291.03,0,0,64,7,62.34,1.66
2025-12-21,S03,SKU004,Household,North,290.27,0,0,64,2,62.67,1.33
2025-12-22,S03,SKU004,Household,North,289.13,0,0,57,9,58.36,1.36
2025-12-23,S03,SKU004,Household,North,285.25,0,0,60,3,58.45,1.55
2025-12-24,S03,SKU004,Household,North,305.98,0,0,55,8,58.26,3.26
2025-12-25,S03,SKU004,Household,North,290.89,0,1,72,7,67.5,4.5
2025-12-26,S03,SKU004,Household,North,268.89,1,0,75,9,72.42,2.58
2025-12-27,S03,SKU004,Household,North,289.09,0,0,64,6,63.19,0.81
2025-12-28,S03,SKU004,Household,North,300.05,0,0,70,7,64.05,5.95
2025-12-29,S03,SKU004,Household,North,287.41,0,0,56,8,59.26,3.26
2025-12-30,S03,SKU004,Household,North,290.54,0,0,60,5,59.18,0.82
2025-12-31,S03,SKU004,Household,North,292.88,0,0,62,4,59.69,2.31
2025-08-13,S03,SKU005,Beverages,North,245.33,0,0,60,9,58.55,1.45
2025-08-14,S03,SKU005,Beverages,North,215.43,1,0,81,8,76.69,4.31
2025-08-15,S03,SKU005,Beverages,North,241.35,0,1,72,6,69.14,2.86
2025-08-16,S03,SKU005,Beverages,North,238.57,0,0,68,7,64.69,3.31
2025-08-17,S03,SKU005,Beverages,North,239.9,0,0,59,7,65.12,6.12
2025-08-18,S03,SKU005,Beverages,North,216.82,1,0,76,2,77.78,1.78
2025-08-19,S03,SKU005,Beverages,North,215.46,1,0,75,8,78.83,3.83
2025-08-20,S03,SKU005,Beverages,North,244.2,0,0,53,2,60.17,7.17
2025-08-21,S03,SKU005,Beverages,North,242.97,0,0,69,9,59.75,9.25
2025-08-22,S03,SKU005,Beverages,North,236.62,0,0,66,8,59.97,6.03
2025-08-23,S03,SKU005,Beverages,North,239.13,0,0,59,4,64.58,5.58
2025-08-24,S03,SKU005,Beverages,North,240.74,0,0,64,7,63.79,0.21
2025-08-25,S03,SKU005,Beverages,North,241.88,0,0,58,4,58.95,0.95
2025-08-26,S03,SKU005,Beverages,North,238.3,0,0,61,9,58.63,2.37
2025-08-27,S03,SKU005,Beverages,North,239.11,0,0,60,6,57.04,2.96
2025-08-28,S03,SKU005,Beverages,North,241.13,0,0,66,7,57.8,8.2
2025-08-29,S03,SKU005,Beverages,North,236.18,0,0,67,8,57.42,9.58
2025-08-30,S03,SKU005,Beverages,North,239.54,0,0,59,7,62.77,3.77
2025-08-31,S03,SKU005,Beverages,North,234.22,0,0,63,3,62.1,0.9
2025-09-01,S03,SKU005,Beverages,North,240.41,0,0,54,2,57.37,3.37
2025-09-02,S03,SKU005,Beverages,North,237.83,0,0,59,9,56.73,2.27
2025-09-03,S03,SKU005,Beverages,North,243.28,0,0,57,4,57.45,0.45
2025-09-04,S03,SKU005,Beverages,North,235.28,0,0,59,5,57.5,1.5
2025-09-05,S03,SKU005,Beverages,North,224.26,1,0,89,5,76.06,12.94
2025-09-06,S03,SKU005,Beverages,North,240.68,0,0,66,5,61.11,4.89
2025-09-07,S03,SKU005,Beverages,North,236.68,0,0,64,3,62.95,1.05
2025-09-08,S03,SKU005,Beverages,North,226.27,1,0,80,5,76.82,3.18
2025-09-09,S03,SKU005,Beverages,North,241.6,0,0,59,3,60.67,1.67
2025-09-10,S03,SKU005,Beverages,North,235.56,0,0,61,3,58.97,2.03
2025-09-11,S03,SKU005,Beverages,North,242.19,0,0,67,2,59.61,7.39
2025-09-12,S03,SKU005,Beverages,North,241.96,0,0,53,7,59.32,6.32
2025-09-13,S03,SKU005,Beverages,North,243.07,0,0,53,6,62.38,9.38
2025-09-14,S03,SKU005,Beverages,North,245.17,0,0,68,3,62.62,5.38
2025-09-15,S03,SKU005,Beverages,North,240.98,0,0,71,3,58.11,12.89
2025-09-16,S03,SKU005,Beverages,North,241.47,0,0,56,5,58.34,2.34
2025-09-17,S03,SKU005,Beverages,North,240.72,0,0,61,8,57.4,3.6
2025-09-18,S03,SKU005,Beverages,North,244.37,0,0,65,7,58.12,6.88
2025-09-19,S03,SKU005,Beverages,North,242.98,0,0,62,4,57.86,4.14
2025-09-20,S03,SKU005,Beverages,North,239.19,0,0,64,7,62.01,1.99
2025-09-21,S03,SKU005,Beverages,North,240.19,0,0,72,8,62.64,9.36
2025-09-22,S03,SKU005,Beverages,North,240.5,0,0,59,4,58.26,0.74
2025-09-23,S03,SKU005,Beverages,North,243.96,0,0,55,4,58.06,3.06
2025-09-24,S03,SKU005,Beverages,North,237.0,0,0,66,5,58.14,7.86
2025-09-25,S03,SKU005,Beverages,North,242.68,0,0,61,3,58.84,2.16
2025-09-26,S03,SKU005,Beverages,North,240.86,0,0,64,7,58.45,5.55
2025-09-27,S03,SKU005,Beverages,North,246.89,0,0,65,5,62.22,2.78
2025-09-28,S03,SKU005,Beverages,North,239.44,0,0,58,9,63.17,5.17
2025-09-29,S03,SKU005,Beverages,North,239.92,0,0,61,3,57.56,3.44
2025-09-30,S03,SKU005,Beverages,North,219.65,1,0,78,6,76.72,1.28
2025-10-01,S03,SKU005,Beverages,North,242.08,0,0,65,4,59.38,5.62
2025-10-02,S03,SKU005,Beverages,North,234.08,0,1,65,8,70.37,5.37
2025-10-03,S03,SKU005,Beverages,North,234.61,0,0,60,6,59.64,0.36
2025-10-04,S03,SKU005,Beverages,North,242.34,0,0,69,8,64.1,4.9
2025-10-05,S03,SKU005,Beverages,North,222.59,1,0,87,6,84.77,2.23
2025-10-06,S03,SKU005,Beverages,North,239.3,0,0,52,7,58.88,6.88
2025-10-07,S03,SKU005,Beverages,North,246.06,0,0,55,5,58.65,3.65
2025-10-08,S03,SKU005,Beverages,North,234.92,0,0,66,5,59.08,6.92
2025-10-09,S03,SKU005,Beverages,North,243.91,0,0,50,4,59.89,9.89
2025-10-10,S03,SKU005,Beverages,North,238.34,0,0,54,4,58.89,4.89
2025-10-11,S03,SKU005,Beverages,North,240.69,0,0,63,4,62.82,0.18
2025-10-12,S03,SKU005,Beverages,North,238.19,0,0,70,2,63.62,6.38
2025-10-13,S03,SKU005,Beverages,North,240.74,0,0,58,3,59.07,1.07
2025-10-14,S03,SKU005,Beverages,North,220.47,1,0,79,5,77.6,1.4
2025-10-15,S03,SKU005,Beverages,North,240.02,0,0,61,2,59.27,1.73
2025-10-16,S03,SKU005,Beverages,North,241.99,0,0,40,4,59.03,19.03
2025-10-17,S03,SKU005,Beverages,North,242.38,0,0,66,6,60.4,5.6
2025-10-18,S03,SKU005,Beverages,North,237.14,0,0,66,3,63.84,2.16
2025-10-19,S03,SKU005,Beverages,North,219.91,1,0,84,4,83.88,0.12
2025-10-20,S03,SKU005,Beverages,North,245.83,0,0,58,4,59.31,1.31
2025-10-21,S03,SKU005,Beverages,North,240.2,0,0,72,9,59.62,12.38
2025-10-22,S03,SKU005,Beverages,North,222.69,1,0,76,6,78.97,2.97
2025-10-23,S03,SKU005,Beverages,North,240.86,0,0,54,2,58.27,4.27
2025-10-24,S03,SKU005,Beverages,North,244.0,0,0,63,4,59.37,3.63
2025-10-25,S03,SKU005,Beverages,North,237.14,0,0,73,2,65.3,7.7
2025-10-26,S03,SKU005,Beverages,North,241.7,0,0,61,6,65.24,4.24
2025-10-27,S03,SKU005,Beverages,North,238.14,0,0,68,3,60.64,7.36
2025-10-28,S03,SKU005,Beverages,North,237.38,0,0,68,4,61.98,6.02
2025-10-29,S03,SKU005,Beverages,North,233.68,0,0,64,7,61.09,2.91
2025-10-30,S03,SKU005,Beverages,North,238.82,0,0,59,2,58.4,0.6
2025-10-31,S03,SKU005,Beverages,North,242.11,0,0,63,4,60.88,2.12
2025-11-01,S03,SKU005,Beverages,North,236.58,0,0,60,3,66.82,6.82
2025-11-02,S03,SKU005,Beverages,North,242.93,0,0,65,5,65.34,0.34
2025-11-03,S03,SKU005,Beverages,North,245.79,0,0,71,6,60.46,10.54
2025-11-04,S03,SKU005,Beverages,North,233.81,0,0,57,4,60.94,3.94
2025-11-05,S03,SKU005,Beverages,North,242.62,0,0,58,6,61.21,3.21
2025-11-06,S03,SKU005,Beverages,North,242.72,0,0,62,4,60.88,1.12
2025-11-07,S03,SKU005,Beverages,North,240.92,0,0,65,2,61.56,3.44
2025-11-08,S03,SKU005,Beverages,North,221.78,1,0,79,8,85.56,6.56
2025-11-09,S03,SKU005,Beverages,North,240.57,0,0,67,9,67.15,0.15
2025-11-10,S03,SKU005,Beverages,North,239.38,0,0,51,6,63.3,12.3
2025-11-11,S03,SKU005,Beverages,North,220.13,1,0,85,7,79.0,6.0
2025-11-12,S03,SKU005,Beverages,North,239.69,0,0,54,2,62.94,8.94
2025-11-13,S03,SKU005,Beverages,North,240.25,0,0,56,9,61.89,5.89
2025-11-14,S03,SKU005,Beverages,North,236.71,0,0,66,3,63.57,2.43
2025-11-15,S03,SKU005,Beverages,North,237.86,0,0,60,5,67.21,7.21
2025-11-16,S03,SKU005,Beverages,North,240.14,0,0,73,8,67.85,5.15
2025-11-17,S03,SKU005,Beverages,North,240.26,0,0,59,8,62.79,3.79
2025-11-18,S03,SKU005,Beverages,North,236.59,0,0,59,8,61.81,2.81
2025-11-19,S03,SKU005,Beverages,North,235.85,0,0,61,7,62.24,1.24
2025-11-20,S03,SKU005,Beverages,North,233.87,0,0,64,8,62.46,1.54
2025-11-21,S03,SKU005,Beverages,North,236.76,0,0,64,8,62.59,1.41
2025-11-22,S03,SKU005,Beverages,North,233.61,0,0,74,5,67.34,6.66
2025-11-23,S03,SKU005,Beverages,North,216.95,1,0,92,5,86.61,5.39
2025-11-24,S03,SKU005,Beverages,North,240.54,0,0,56,7,62.67,6.67
2025-11-25,S03,SKU005,Beverages,North,222.91,1,0,95,7,77.94,17.06
2025-11-26,S03,SKU005,Beverages,North,240.19,0,0,56,9,62.48,6.48
2025-11-27,S03,SKU005,Beverages,North,217.9,1,0,91,2,81.72,9.28
2025-11-28,S03,SKU005,Beverages,North,240.69,0,0,62,7,65.42,3.42
2025-11-29,S03,SKU005,Beverages,North,237.28,0,0,67,3,70.41,3.41
2025-11-30,S03,SKU005,Beverages,North,246.99,0,0,68,5,71.77,3.77
2025-12-01,S03,SKU005,Beverages,North,237.59,0,0,72,2,65.58,6.42
2025-12-02,S03,SKU005,Beverages,North,217.77,1,0,82,9,85.34,3.34
2025-12-03,S03,SKU005,Beverages,North,241.72,0,0,64,5,65.8,1.8
2025-12-04,S03,SKU005,Beverages,North,244.26,0,0,64,3,66.27,2.27
2025-12-05,S03,SKU005,Beverages,North,240.89,0,0,67,5,66.27,0.73
2025-12-06,S03,SKU005,Beverages,North,241.47,0,0,72,4,71.71,0.29
2025-12-07,S03,SKU005,Beverages,North,236.87,0,0,79,4,71.53,7.47
2025-12-08,S03,SKU005,Beverages,North,240.73,0,0,70,5,65.07,4.93
2025-12-09,S03,SKU005,Beverages,North,241.87,0,0,72,8,66.03,5.97
2025-12-10,S03,SKU005,Beverages,North,233.76,0,0,72,3,66.6,5.4
2025-12-11,S03,SKU005,Beverages,North,234.46,0,0,71,6,66.47,4.53
2025-12-12,S03,SKU005,Beverages,North,236.2,0,0,65,4,67.66,2.66
2025-12-13,S03,SKU005,Beverages,North,233.86,0,0,84,7,72.28,11.72
2025-12-14,S03,SKU005,Beverages,North,245.3,0,0,79,5,74.41,4.59
2025-12-15,S03,SKU005,Beverages,North,236.69,0,0,61,9,69.15,8.15
2025-12-16,S03,SKU005,Beverages,North,246.04,0,0,69,7,68.91,0.09
2025-12-17,S03,SKU005,Beverages,North,236.4,0,0,79,2,69.57,9.43
2025-12-18,S03,SKU005,Beverages,North,237.01,0,0,75,9,70.51,4.49
2025-12-19,S03,SKU005,Beverages,North,236.79,0,0,72,3,70.89,1.11
2025-12-20,S03,SKU005,Beverages,North,242.09,0,0,81,5,75.77,5.23
2025-12-21,S03,SKU005,Beverages,North,245.82,0,0,75,6,75.74,0.74
2025-12-22,S03,SKU005,Beverages,North,238.98,0,0,74,7,70.86,3.14
2025-12-23,S03,SKU005,Beverages,North,216.02,1,0,100,3,91.46,8.54
2025-12-24,S03,SKU005,Beverages,North,244.87,0,0,65,2,71.72,6.72
2025-12-25,S03,SKU005,Beverages,North,236.43,0,1,85,9,82.08,2.92
2025-12-26,S03,SKU005,Beverages,North,242.31,0,0,68,5,72.82,4.82
2025-12-27,S03,SKU005,Beverages,North,241.22,0,0,81,2,78.05,2.95
2025-12-28,S03,SKU005,Beverages,North,218.95,1,0,100,8,99.83,0.17
2025-12-29,S03,SKU005,Beverages,North,220.04,1,0,96,6,92.67,3.33
2025-12-30,S03,SKU005,Beverages,North,239.75,0,0,73,5,72.62,0.38
2025-12-31,S03,SKU005,Beverages,North,240.57,0,0,75,8,73.92,1.08
2025-08-13,S03,SKU006,Snacks,North,317.32,0,0,39,3,40.45,1.45
2025-08-14,S03,SKU006,Snacks,North,312.77,0,0,33,9,40.53,7.53
2025-08-15,S03,SKU006,Snacks,North,309.47,0,1,43,5,47.03,4.03
2025-08-16,S03,SKU006,Snacks,North,307.52,0,0,38,9,43.67,5.67
2025-08-17,S03,SKU006,Snacks,North,308.91,0,0,35,9,42.97,7.97
2025-08-18,S03,SKU006,Snacks,North,289.68,1,0,42,8,49.49,7.49
2025-08-19,S03,SKU006,Snacks,North,291.05,1,0,52,7,50.92,1.08
2025-08-20,S03,SKU006,Snacks,North,309.39,0,0,36,5,38.95,2.95
2025-08-21,S03,SKU006,Snacks,North,319.98,0,0,31,6,38.41,7.41
2025-08-22,S03,SKU006,Snacks,North,311.68,0,0,39,2,38.99,0.01
2025-08-23,S03,SKU006,Snacks,North,317.75,0,0,57,9,41.37,15.63
2025-08-24,S03,SKU006,Snacks,North,313.6,0,0,32,5,42.57,10.57
2025-08-25,S03,SKU006,Snacks,North,313.45,0,0,38,6,39.0,1.0
2025-08-26,S03,SKU006,Snacks,North,309.96,0,0,38,5,38.2,0.2
2025-08-27,S03,SKU006,Snacks,North,321.03,0,0,41,8,38.26,2.74
2025-08-28,S03,SKU006,Snacks,North,314.18,0,0,43,4,38.14,4.86
2025-08-29,S03,SKU006,Snacks,North,285.92,1,0,55,8,51.33,3.67
2025-08-30,S03,SKU006,Snacks,North,318.33,0,0,46,8,42.37,3.63
2025-08-31,S03,SKU006,Snacks,North,308.26,0,0,39,6,42.69,3.69
2025-09-01,S03,SKU006,Snacks,North,309.42,0,0,28,8,39.06,11.06
2025-09-02,S03,SKU006,Snacks,North,314.22,0,0,39,4,38.17,0.83
2025-09-03,S03,SKU006,Snacks,North,312.4,0,0,45,2,38.04,6.96
2025-09-04,S03,SKU006,Snacks,North,313.41,0,0,33,9,38.16,5.16
2025-09-05,S03,SKU006,Snacks,North,311.2,0,0,38,2,37.69,0.31
2025-09-06,S03,SKU006,Snacks,North,311.24,0,0,44,8,40.33,3.67
2025-09-07,S03,SKU006,Snacks,North,307.6,0,0,36,5,39.69,3.69
2025-09-08,S03,SKU006,Snacks,North,288.25,1,0,47,3,46.82,0.18
2025-09-09,S03,SKU006,Snacks,North,317.52,0,0,38,6,36.79,1.21
2025-09-10,S03,SKU006,Snacks,North,307.6,0,0,44,4,37.12,6.88
2025-09-11,S03,SKU006,Snacks,North,305.37,0,0,22,8,37.01,15.01
2025-09-12,S03,SKU006,Snacks,North,313.25,0,0,38,2,37.48,0.52
2025-09-13,S03,SKU006,Snacks,North,311.61,0,0,36,7,39.77,3.77
2025-09-14,S03,SKU006,Snacks,North,320.62,0,0,46,3,39.25,6.75
2025-09-15,S03,SKU006,Snacks,North,313.98,0,0,35,7,37.04,2.04
2025-09-16,S03,SKU006,Snacks,North,320.71,0,0,40,7,36.34,3.66
2025-09-17,S03,SKU006,Snacks,North,313.89,0,0,30,2,36.2,6.2
2025-09-18,S03,SKU006,Snacks,North,309.47,0,0,30,5,35.73,5.73
2025-09-19,S03,SKU006,Snacks,North,310.91,0,0,41,8,36.21,4.79
2025-09-20,S03,SKU006,Snacks,North,305.64,0,0,46,5,38.1,7.9
2025-09-21,S03,SKU006,Snacks,North,308.65,0,0,43,7,38.45,4.55
2025-09-22,S03,SKU006,Snacks,North,308.46,0,0,39,6,36.16,2.84
2025-09-23,S03,SKU006,Snacks,North,313.11,0,0,31,5,36.46,5.46
2025-09-24,S03,SKU006,Snacks,North,288.61,1,0,45,8,45.75,0.75
2025-09-25,S03,SKU006,Snacks,North,308.81,0,0,35,8,37.44,2.44
2025-09-26,S03,SKU006,Snacks,North,320.46,0,0,39,7,36.21,2.79
2025-09-27,S03,SKU006,Snacks,North,310.92,0,0,43,3,38.43,4.57
2025-09-28,S03,SKU006,Snacks,North,308.84,0,0,40,4,38.8,1.2
2025-09-29,S03,SKU006,Snacks,North,308.1,0,0,39,4,35.06,3.94
2025-09-30,S03,SKU006,Snacks,North,313.52,0,0,31,2,36.0,5.0
2025-10-01,S03,SKU006,Snacks,North,288.04,1,0,53,7,47.0,6.0
2025-10-02,S03,SKU006,Snacks,North,312.85,0,1,51,8,41.15,9.85
2025-10-03,S03,SKU006,Snacks,North,314.68,0,0,28,4,37.86,9.86
2025-10-04,S03,SKU006,Snacks,North,312.21,0,0,43,8,40.22,2.78
2025-10-05,S03,SKU006,Snacks,North,304.26,0,0,46,5,39.63,6.37
2025-10-06,S03,SKU006,Snacks,North,310.77,0,0,37,6,38.17,1.17
2025-10-07,S03,SKU006,Snacks,North,308.37,0,0,40,6,37.67,2.33
2025-10-08,S03,SKU006,Snacks,North,310.72,0,0,39,6,37.99,1.01
2025-10-09,S03,SKU006,Snacks,North,311.64,0,0,35,2,35.29,0.29
2025-10-10,S03,SKU006,Snacks,North,312.11,0,0,37,5,37.42,0.42
2025-10-11,S03,SKU006,Snacks,North,308.9,0,0,44,5,40.22,3.78
2025-10-12,S03,SKU006,Snacks,North,305.63,0,0,34,3,40.32,6.32
2025-10-13,S03,SKU006,Snacks,North,308.73,0,0,32,4,37.01,5.01
2025-10-14,S03,SKU006,Snacks,North,312.53,0,0,27,3,37.04,10.04
2025-10-15,S03,SKU006,Snacks,North,319.51,0,0,40,8,36.49,3.51
2025-10-16,S03,SKU006,Snacks,North,321.67,0,0,36,6,36.4,0.4
2025-10-17,S03,SKU006,Snacks,North,306.45,0,0,35,7,37.05,2.05
2025-10-18,S03,SKU006,Snacks,North,319.34,0,0,42,6,39.56,2.44
2025-10-19,S03,SKU006,Snacks,North,308.02,0,0,39,3,39.14,0.14
2025-10-20,S03,SKU006,Snacks,North,314.1,0,0,36,4,36.94,0.94
2025-10-21,S03,SKU006,Snacks,North,314.75,0,0,36,5,36.83,0.83
2025-10-22,S03,SKU006,Snacks,North,317.99,0,0,25,9,37.17,12.17
2025-10-23,S03,SKU006,Snacks,North,317.3,0,0,38,6,35.68,2.32
2025-10-24,S03,SKU006,Snacks,North,307.67,0,0,31,7,36.04,5.04
2025-10-25,S03,SKU006,Snacks,North,316.88,0,0,41,3,38.44,2.56
2025-10-26,S03,SKU006,Snacks,North,311.06,0,0,44,4,38.09,5.91
2025-10-27,S03,SKU006,Snacks,North,316.17,0,0,35,7,36.15,1.15
2025-10-28,S03,SKU006,Snacks,North,318.02,0,0,29,8,35.91,6.91
2025-10-29,S03,SKU006,Snacks,North,308.88,0,0,41,5,35.93,5.07
2025-10-30,S03,SKU006,Snacks,North,318.36,0,0,24,4,36.32,12.32
2025-10-31,S03,SKU006,Snacks,North,313.22,0,0,35,4,34.83,0.17
2025-11-01,S03,SKU006,Snacks,North,306.73,0,0,47,7,38.65,8.35
2025-11-02,S03,SKU006,Snacks,North,310.98,0,0,46,8,38.77,7.23
2025-11-03,S03,SKU006,Snacks,North,312.79,0,0,40,7,35.63,4.37
2025-11-04,S03,SKU006,Snacks,North,304.42,0,0,38,7,36.2,1.8
2025-11-05,S03,SKU006,Snacks,North,313.24,0,0,43,8,36.68,6.32
2025-11-06,S03,SKU006,Snacks,North,314.79,0,0,40,7,36.21,3.79
2025-11-07,S03,SKU006,Snacks,North,314.15,0,0,43,8,37.26,5.74
2025-11-08,S03,SKU006,Snacks,North,306.5,0,0,45,8,40.6,4.4
2025-11-09,S03,SKU006,Snacks,North,305.99,0,0,38,4,40.45,2.45
2025-11-10,S03,SKU006,Snacks,North,286.51,1,0,53,9,47.97,5.03
2025-11-11,S03,SKU006,Snacks,North,287.21,1,0,49,9,47.86,1.14
2025-11-12,S03,SKU006,Snacks,North,317.11,0,0,41,6,38.94,2.06
2025-11-13,S03,SKU006,Snacks,North,320.55,0,0,38,5,38.35,0.35
2025-11-14,S03,SKU006,Snacks,North,310.64,0,0,38,5,38.6,0.6
2025-11-15,S03,SKU006,Snacks,North,320.23,0,0,43,3,42.27,0.73
2025-11-16,S03,SKU006,Snacks,North,307.31,0,0,36,5,42.33,6.33
2025-11-17,S03,SKU006,Snacks,North,304.56,0,0,48,7,39.02,8.98
2025-11-18,S03,SKU006,Snacks,North,313.85,0,0,41,3,39.06,1.94
2025-11-19,S03,SKU006,Snacks,North,306.92,0,0,47,6,39.25,7.75
2025-11-20,S03,SKU006,Snacks,North,287.43,1,0,61,2,51.11,9.89
2025-11-21,S03,SKU006,Snacks,North,310.41,0,0,41,6,40.53,0.47
2025-11-22,S03,SKU006,Snacks,North,316.41,0,0,46,9,45.04,0.96
2025-11-23,S03,SKU006,Snacks,North,316.4,0,0,40,2,44.9,4.9
2025-11-24,S03,SKU006,Snacks,North,313.45,0,0,39,9,42.07,3.07
2025-11-25,S03,SKU006,Snacks,North,320.3,0,0,39,7,41.04,2.04
2025-11-26,S03,SKU006,Snacks,North,309.68,0,0,39,5,41.97,2.97
2025-11-27,S03,SKU006,Snacks,North,287.54,1,0,52,8,54.44,2.44
2025-11-28,S03,SKU006,Snacks,North,310.41,0,0,45,3,42.1,2.9
2025-11-29,S03,SKU006,Snacks,North,308.33,0,0,49,4,46.68,2.32
2025-11-30,S03,SKU006,Snacks,North,311.42,0,0,40,6,46.78,6.78
2025-12-01,S03,SKU006,Snacks,North,312.01,0,0,38,6,42.98,4.98
2025-12-02,S03,SKU006,Snacks,North,317.12,0,0,44,7,42.26,1.74
2025-12-03,S03,SKU006,Snacks,North,314.42,0,0,41,6,43.18,2.18
2025-12-04,S03,SKU006,Snacks,North,316.71,0,0,39,6,41.38,2.38
2025-12-05,S03,SKU006,Snacks,North,312.96,0,0,54,7,43.29,10.71
2025-12-06,S03,SKU006,Snacks,North,317.55,0,0,55,4,46.97,8.03
2025-12-07,S03,SKU006,Snacks,North,315.9,0,0,43,7,46.28,3.28
2025-12-08,S03,SKU006,Snacks,North,316.49,0,0,29,6,44.02,15.02
2025-12-09,S03,SKU006,Snacks,North,318.45,0,0,44,9,43.05,0.95
2025-12-10,S03,SKU006,Snacks,North,313.28,0,0,33,8,42.11,9.11
2025-12-11,S03,SKU006,Snacks,North,312.05,0,0,39,8,41.99,2.99
2025-12-12,S03,SKU006,Snacks,North,316.33,0,0,43,8,42.5,0.5
2025-12-13,S03,SKU006,Snacks,North,314.05,0,0,38,4,46.82,8.82
2025-12-14,S03,SKU006,Snacks,North,315.82,0,0,42,3,44.65,2.65
2025-12-15,S03,SKU006,Snacks,North,309.99,0,0,44,2,41.06,2.94
2025-12-16,S03,SKU006,Snacks,North,315.54,0,0,39,7,41.16,2.16
2025-12-17,S03,SKU006,Snacks,North,318.13,0,0,44,5,41.2,2.8
2025-12-18,S03,SKU006,Snacks,North,313.24,0,0,43,5,41.79,1.21
2025-12-19,S03,SKU006,Snacks,North,324.36,0,0,40,5,42.01,2.01
2025-12-20,S03,SKU006,Snacks,North,311.0,0,0,59,4,45.93,13.07
2025-12-21,S03,SKU006,Snacks,North,309.75,0,0,49,2,44.98,4.02
2025-12-22,S03,SKU006,Snacks,North,308.8,0,0,39,8,42.23,3.23
2025-12-23,S03,SKU006,Snacks,North,314.82,0,0,39,7,41.77,2.77
2025-12-24,S03,SKU006,Snacks,North,312.22,0,0,46,6,41.8,4.2
2025-12-25,S03,SKU006,Snacks,North,285.94,1,1,64,4,59.81,4.19
2025-12-26,S03,SKU006,Snacks,North,295.9,1,0,60,5,57.74,2.26
2025-12-27,S03,SKU006,Snacks,North,286.96,1,0,63,6,61.9,1.1
2025-12-28,S03,SKU006,Snacks,North,312.2,0,0,45,7,45.94,0.94
2025-12-29,S03,SKU006,Snacks,North,316.44,0,0,46,3,43.75,2.25
2025-12-30,S03,SKU006,Snacks,North,310.3,0,0,44,2,44.84,0.84
2025-12-31,S03,SKU006,Snacks,North,310.12,0,0,44,5,45.16,1.16
2025-08-13,S03,SKU007,Personal Care,North,230.69,1,0,95,9,81.27,13.73
2025-08-14,S03,SKU007,Personal Care,North,251.63,0,0,67,7,63.71,3.29
2025-08-15,S03,SKU007,Personal Care,North,252.81,0,1,86,6,75.99,10.01
2025-08-16,S03,SKU007,Personal Care,North,255.4,0,0,71,7,70.18,0.82
2025-08-17,S03,SKU007,Personal Care,North,249.68,0,0,70,5,70.72,0.72
2025-08-18,S03,SKU007,Personal Care,North,259.12,0,0,67,6,64.52,2.48
2025-08-19,S03,SKU007,Personal Care,North,246.56,0,0,70,7,65.72,4.28
2025-08-20,S03,SKU007,Personal Care,North,254.54,0,0,69,5,63.81,5.19
2025-08-21,S03,SKU007,Personal Care,North,255.8,0,0,59,6,64.3,5.3
2025-08-22,S03,SKU007,Personal Care,North,244.81,0,0,69,9,64.34,4.66
2025-08-23,S03,SKU007,Personal Care,North,256.36,0,0,65,9,69.65,4.65
2025-08-24,S03,SKU007,Personal Care,North,260.25,0,0,67,3,68.52,1.52
2025-08-25,S03,SKU007,Personal Care,North,256.18,0,0,66,4,63.63,2.37
2025-08-26,S03,SKU007,Personal Care,North,251.88,0,0,64,9,64.68,0.68
2025-08-27,S03,SKU007,Personal Care,North,247.11,0,0,58,2,63.57,5.57
2025-08-28,S03,SKU007,Personal Care,North,259.86,0,0,69,4,63.6,5.4
2025-08-29,S03,SKU007,Personal Care,North,254.64,0,0,64,7,63.94,0.06
2025-08-30,S03,SKU007,Personal Care,North,257.46,0,0,66,5,68.92,2.92
2025-08-31,S03,SKU007,Personal Care,North,249.96,0,0,70,7,68.78,1.22
2025-09-01,S03,SKU007,Personal Care,North,246.72,0,0,63,9,63.67,0.67
2025-09-02,S03,SKU007,Personal Care,North,262.33,0,0,61,4,62.55,1.55
2025-09-03,S03,SKU007,Personal Care,North,246.13,0,0,67,6,62.56,4.44
2025-09-04,S03,SKU007,Personal Care,North,252.93,0,0,64,4,62.4,1.6
2025-09-05,S03,SKU007,Personal Care,North,256.93,0,0,71,3,62.35,8.65
2025-09-06,S03,SKU007,Personal Care,North,253.5,0,0,64,6,67.77,3.77
2025-09-07,S03,SKU007,Personal Care,North,245.31,0,0,67,6,66.97,0.03
2025-09-08,S03,SKU007,Personal Care,North,255.67,0,0,64,5,61.46,2.54
2025-09-09,S03,SKU007,Personal Care,North,255.61,0,0,58,8,61.87,3.87
2025-09-10,S03,SKU007,Personal Care,North,257.29,0,0,69,5,61.95,7.05
2025-09-11,S03,SKU007,Personal Care,North,251.31,0,0,54,5,61.51,7.51
2025-09-12,S03,SKU007,Personal Care,North,247.34,0,0,64,8,60.68,3.32
2025-09-13,S03,SKU007,Personal Care,North,250.84,0,0,57,7,64.64,7.64
2025-09-14,S03,SKU007,Personal Care,North,246.7,0,0,71,3,63.58,7.42
2025-09-15,S03,SKU007,Personal Care,North,253.21,0,0,64,9,59.51,4.49
2025-09-16,S03,SKU007,Personal Care,North,250.14,0,0,70,4,59.51,10.49
2025-09-17,S03,SKU007,Personal Care,North,252.61,0,0,61,8,59.96,1.04
2025-09-18,S03,SKU007,Personal Care,North,233.47,1,0,83,5,76.94,6.06
2025-09-19,S03,SKU007,Personal Care,North,252.2,0,0,64,2,60.73,3.27
2025-09-20,S03,SKU007,Personal Care,North,249.69,0,0,68,9,64.4,3.6
2025-09-21,S03,SKU007,Personal Care,North,252.94,0,0,66,4,65.64,0.36
2025-09-22,S03,SKU007,Personal Care,North,249.39,0,0,60,6,61.5,1.5
2025-09-23,S03,SKU007,Personal Care,North,248.77,0,0,64,5,60.43,3.57
2025-09-24,S03,SKU007,Personal Care,North,251.34,0,0,67,5,60.31,6.69
2025-09-25,S03,SKU007,Personal Care,North,249.53,0,0,59,3,60.16,1.16
2025-09-26,S03,SKU007,Personal Care,North,255.54,0,0,58,8,60.06,2.06
2025-09-27,S03,SKU007,Personal Care,North,247.5,0,0,63,2,64.08,1.08
2025-09-28,S03,SKU007,Personal Care,North,254.48,0,0,62,2,64.5,2.5
2025-09-29,S03,SKU007,Personal Care,North,232.38,1,0,81,2,76.87,4.13
2025-09-30,S03,SKU007,Personal Care,North,253.92,0,0,62,8,60.01,1.99
2025-10-01,S03,SKU007,Personal Care,North,255.42,0,0,53,4,60.79,7.79
2025-10-02,S03,SKU007,Personal Care,North,253.24,0,1,73,5,69.23,3.77
2025-10-03,S03,SKU007,Personal Care,North,256.75,0,0,67,2,60.9,6.1
2025-10-04,S03,SKU007,Personal Care,North,251.26,0,0,62,8,65.37,3.37
2025-10-05,S03,SKU007,Personal Care,North,251.36,0,0,63,8,65.58,2.58
2025-10-06,S03,SKU007,Personal Care,North,241.69,0,0,56,7,59.84,3.84
2025-10-07,S03,SKU007,Personal Care,North,250.73,0,0,66,2,59.35,6.65
2025-10-08,S03,SKU007,Personal Care,North,255.61,0,0,74,8,59.36,14.64
2025-10-09,S03,SKU007,Personal Care,North,255.05,0,0,65,5,60.35,4.65
2025-10-10,S03,SKU007,Personal Care,North,252.0,0,0,59,2,60.78,1.78
2025-10-11,S03,SKU007,Personal Care,North,250.31,0,0,72,9,64.32,7.68
2025-10-12,S03,SKU007,Personal Care,North,233.12,1,0,84,3,86.64,2.64
2025-10-13,S03,SKU007,Personal Care,North,235.65,1,0,85,2,79.42,5.58
2025-10-14,S03,SKU007,Personal Care,North,248.47,0,0,57,6,62.18,5.18
2025-10-15,S03,SKU007,Personal Care,North,250.24,0,0,71,7,62.22,8.78
2025-10-16,S03,SKU007,Personal Care,North,255.08,0,0,63,8,62.82,0.18
2025-10-17,S03,SKU007,Personal Care,North,249.2,0,0,58,6,62.75,4.75
2025-10-18,S03,SKU007,Personal Care,North,249.64,0,0,59,7,67.36,8.36
2025-10-19,S03,SKU007,Personal Care,North,254.52,0,0,68,2,66.28,1.72
2025-10-20,S03,SKU007,Personal Care,North,228.33,1,0,85,4,78.54,6.46
2025-10-21,S03,SKU007,Personal Care,North,250.5,0,0,59,5,62.4,3.4
2025-10-22,S03,SKU007,Personal Care,North,235.59,1,0,80,9,80.95,0.95
2025-10-23,S03,SKU007,Personal Care,North,227.07,1,0,80,7,81.41,1.41
2025-10-24,S03,SKU007,Personal Care,North,259.93,0,0,62,5,63.13,1.13
2025-10-25,S03,SKU007,Personal Care,North,246.84,0,0,69,5,69.08,0.08
2025-10-26,S03,SKU007,Personal Care,North,250.71,0,0,70,2,68.81,1.19
2025-10-27,S03,SKU007,Personal Care,North,258.22,0,0,64,3,64.19,0.19
2025-10-28,S03,SKU007,Personal Care,North,256.21,0,0,61,3,63.66,2.66
2025-10-29,S03,SKU007,Personal Care,North,255.33,0,0,64,8,62.5,1.5
2025-10-30,S03,SKU007,Personal Care,North,249.45,0,0,63,4,63.17,0.17
2025-10-31,S03,SKU007,Personal Care,North,249.37,0,0,70,5,63.71,6.29
2025-11-01,S03,SKU007,Personal Care,North,246.37,0,0,73,4,68.76,4.24
2025-11-02,S03,SKU007,Personal Care,North,252.94,0,0,76,9,69.91,6.09
2025-11-03,S03,SKU007,Personal Care,North,255.28,0,0,53,8,63.89,10.89
2025-11-04,S03,SKU007,Personal Care,North,257.4,0,0,64,6,65.08,1.08
2025-11-05,S03,SKU007,Personal Care,North,250.82,0,0,65,2,65.13,0.13
2025-11-06,S03,SKU007,Personal Care,North,252.98,0,0,62,8,64.83,2.83
2025-11-07,S03,SKU007,Personal Care,North,256.53,0,0,68,4,64.5,3.5
2025-11-08,S03,SKU007,Personal Care,North,260.23,0,0,71,2,69.53,1.47
2025-11-09,S03,SKU007,Personal Care,North,252.14,0,0,81,7,69.62,11.38
2025-11-10,S03,SKU007,Personal Care,North,257.09,0,0,67,3,65.35,1.65
2025-11-11,S03,SKU007,Personal Care,North,255.22,0,0,66,6,65.8,0.2
2025-11-12,S03,SKU007,Personal Care,North,249.67,0,0,63,9,65.98,2.98
2025-11-13,S03,SKU007,Personal Care,North,250.17,0,0,65,2,65.92,0.92
2025-11-14,S03,SKU007,Personal Care,North,253.8,0,0,68,5,65.49,2.51
2025-11-15,S03,SKU007,Personal Care,North,247.62,0,0,76,6,70.26,5.74
2025-11-16,S03,SKU007,Personal Care,North,250.96,0,0,67,6,70.92,3.92
2025-11-17,S03,SKU007,Personal Care,North,254.91,0,0,66,7,64.69,1.31
2025-11-18,S03,SKU007,Personal Care,North,253.24,0,0,61,7,65.85,4.85
2025-11-19,S03,SKU007,Personal Care,North,250.14,0,0,59,6,65.82,6.82
2025-11-20,S03,SKU007,Personal Care,North,250.56,0,0,67,8,65.31,1.69
2025-11-21,S03,SKU007,Personal Care,North,259.57,0,0,70,6,64.98,5.02
2025-11-22,S03,SKU007,Personal Care,North,256.89,0,0,63,9,69.48,6.48
2025-11-23,S03,SKU007,Personal Care,North,248.62,0,0,67,2,69.57,2.57
2025-11-24,S03,SKU007,Personal Care,North,249.49,0,0,79,6,65.27,13.73
2025-11-25,S03,SKU007,Personal Care,North,248.16,0,0,74,8,66.18,7.82
2025-11-26,S03,SKU007,Personal Care,North,246.55,0,0,64,5,65.92,1.92
2025-11-27,S03,SKU007,Personal Care,North,248.32,0,0,74,9,66.29,7.71
2025-11-28,S03,SKU007,Personal Care,North,249.89,0,0,69,4,66.88,2.12
2025-11-29,S03,SKU007,Personal Care,North,253.38,0,0,78,7,71.83,6.17
2025-11-30,S03,SKU007,Personal Care,North,253.53,0,0,79,8,72.15,6.85
2025-12-01,S03,SKU007,Personal Care,North,246.74,0,0,65,2,64.86,0.14
2025-12-02,S03,SKU007,Personal Care,North,253.66,0,0,66,7,66.66,0.66
2025-12-03,S03,SKU007,Personal Care,North,249.37,0,0,76,9,66.04,9.96
2025-12-04,S03,SKU007,Personal Care,North,254.44,0,0,69,4,66.51,2.49
2025-12-05,S03,SKU007,Personal Care,North,245.69,0,0,77,8,67.55,9.45
2025-12-06,S03,SKU007,Personal Care,North,257.21,0,0,74,2,72.14,1.86
2025-12-07,S03,SKU007,Personal Care,North,252.76,0,0,84,4,73.28,10.72
2025-12-08,S03,SKU007,Personal Care,North,254.0,0,0,71,6,68.01,2.99
2025-12-09,S03,SKU007,Personal Care,North,253.62,0,0,74,4,69.0,5.0
2025-12-10,S03,SKU007,Personal Care,North,258.05,0,0,69,9,68.82,0.18
2025-12-11,S03,SKU007,Personal Care,North,257.55,0,0,71,5,69.82,1.18
2025-12-12,S03,SKU007,Personal Care,North,255.88,0,0,73,6,69.41,3.59
2025-12-13,S03,SKU007,Personal Care,North,254.91,0,0,78,2,75.12,2.88
2025-12-14,S03,SKU007,Personal Care,North,254.13,0,0,83,3,74.64,8.36
2025-12-15,S03,SKU007,Personal Care,North,253.61,0,0,70,5,70.0,0.0
2025-12-16,S03,SKU007,Personal Care,North,256.27,0,0,80,6,69.94,10.06
2025-12-17,S03,SKU007,Personal Care,North,251.35,0,0,80,7,71.15,8.85
2025-12-18,S03,SKU007,Personal Care,North,250.11,0,0,73,5,72.16,0.84
2025-12-19,S03,SKU007,Personal Care,North,254.2,0,0,69,9,72.77,3.77
2025-12-20,S03,SKU007,Personal Care,North,243.39,0,0,83,3,76.06,6.94
2025-12-21,S03,SKU007,Personal Care,North,248.54,0,0,79,2,79.15,0.15
2025-12-22,S03,SKU007,Personal Care,North,247.14,0,0,67,6,73.89,6.89
2025-12-23,S03,SKU007,Personal Care,North,253.69,0,0,79,7,72.67,6.33
2025-12-24,S03,SKU007,Personal Care,North,254.12,0,0,73,8,72.73,0.27
2025-12-25,S03,SKU007,Personal Care,North,250.04,0,1,85,9,84.03,0.97
2025-12-26,S03,SKU007,Personal Care,North,248.9,0,0,66,6,76.05,10.05
2025-12-27,S03,SKU007,Personal Care,North,228.77,1,0,105,3,101.13,3.87
2025-12-28,S03,SKU007,Personal Care,North,246.08,0,0,76,2,83.15,7.15
2025-12-29,S03,SKU007,Personal Care,North,248.97,0,0,77,3,72.11,4.89
2025-12-30,S03,SKU007,Personal Care,North,253.36,0,0,78,2,74.69,3.31
2025-12-31,S03,SKU007,Personal Care,North,253.9,0,0,77,8,74.13,2.87
2025-08-13,S03,SKU008,Household,North,116.19,0,0,63,8,65.57,2.57
2025-08-14,S03,SKU008,Household,North,116.57,0,0,64,2,65.51,1.51
2025-08-15,S03,SKU008,Household,North,117.92,0,1,73,9,75.39,2.39
2025-08-16,S03,SKU008,Household,North,119.25,0,0,66,6,70.31,4.31
2025-08-17,S03,SKU008,Household,North,116.61,0,0,74,9,70.73,3.27
2025-08-18,S03,SKU008,Household,North,118.46,0,0,66,7,63.12,2.88
2025-08-19,S03,SKU008,Household,North,119.52,0,0,60,3,63.96,3.96
2025-08-20,S03,SKU008,Household,North,106.68,1,0,89,9,84.01,4.99
2025-08-21,S03,SKU008,Household,North,116.52,0,0,61,3,63.24,2.24
2025-08-22,S03,SKU008,Household,North,118.25,0,0,52,5,64.43,12.43
2025-08-23,S03,SKU008,Household,North,116.71,0,0,64,6,67.49,3.49
2025-08-24,S03,SKU008,Household,North,116.23,0,0,58,7,67.6,9.6
2025-08-25,S03,SKU008,Household,North,117.79,0,0,57,8,61.7,4.7
2025-08-26,S03,SKU008,Household,North,114.14,0,0,65,4,61.6,3.4
2025-08-27,S03,SKU008,Household,North,116.1,0,0,57,5,59.96,2.96
2025-08-28,S03,SKU008,Household,North,118.53,0,0,73,5,61.42,11.58
2025-08-29,S03,SKU008,Household,North,106.97,1,0,79,5,80.76,1.76
2025-08-30,S03,SKU008,Household,North,117.4,0,0,63,4,66.99,3.99
2025-08-31,S03,SKU008,Household,North,109.24,1,0,93,9,87.17,5.83
2025-09-01,S03,SKU008,Household,North,115.82,0,0,63,5,62.18,0.82
2025-09-02,S03,SKU008,Household,North,120.51,0,0,61,5,61.34,0.34
2025-09-03,S03,SKU008,Household,North,117.51,0,0,64,2,61.49,2.51
2025-09-04,S03,SKU008,Household,North,119.76,0,0,51,2,62.02,11.02
2025-09-05,S03,SKU008,Household,North,119.17,0,0,63,7,59.68,3.32
2025-09-06,S03,SKU008,Household,North,119.87,0,0,58,4,65.62,7.62
2025-09-07,S03,SKU008,Household,North,117.04,0,0,64,3,62.64,1.36
2025-09-08,S03,SKU008,Household,North,118.43,0,0,62,2,59.97,2.03
2025-09-09,S03,SKU008,Household,North,107.61,1,0,87,5,78.05,8.95
2025-09-10,S03,SKU008,Household,North,118.09,0,0,66,5,59.82,6.18
2025-09-11,S03,SKU008,Household,North,115.52,0,0,52,5,59.9,7.9
2025-09-12,S03,SKU008,Household,North,115.75,0,0,57,4,61.16,4.16
2025-09-13,S03,SKU008,Household,North,116.61,0,0,66,5,63.88,2.12
2025-09-14,S03,SKU008,Household,North,116.57,0,0,64,8,64.18,0.18
2025-09-15,S03,SKU008,Household,North,117.59,0,0,54,4,59.95,5.95
2025-09-16,S03,SKU008,Household,North,108.23,1,0,78,7,75.93,2.07
2025-09-17,S03,SKU008,Household,North,116.4,0,0,61,8,59.25,1.75
2025-09-18,S03,SKU008,Household,North,119.28,0,0,61,8,57.25,3.75
2025-09-19,S03,SKU008,Household,North,116.75,0,0,66,2,58.24,7.76
2025-09-20,S03,SKU008,Household,North,115.08,0,0,68,7,63.07,4.93
2025-09-21,S03,SKU008,Household,North,117.16,0,0,65,7,64.06,0.94
2025-09-22,S03,SKU008,Household,North,116.88,0,0,59,2,59.68,0.68
2025-09-23,S03,SKU008,Household,North,115.36,0,0,56,2,58.93,2.93
2025-09-24,S03,SKU008,Household,North,118.6,0,0,60,8,59.36,0.64
2025-09-25,S03,SKU008,Household,North,119.21,0,0,57,2,59.47,2.47
2025-09-26,S03,SKU008,Household,North,107.81,1,0,82,7,77.66,4.34
2025-09-27,S03,SKU008,Household,North,107.77,1,0,84,9,82.95,1.05
2025-09-28,S03,SKU008,Household,North,117.97,0,0,66,4,64.28,1.72
2025-09-29,S03,SKU008,Household,North,116.97,0,0,58,8,58.51,0.51
2025-09-30,S03,SKU008,Household,North,116.79,0,0,67,2,58.66,8.34
2025-10-01,S03,SKU008,Household,North,114.03,0,0,69,2,60.14,8.86
2025-10-02,S03,SKU008,Household,North,116.65,0,1,68,4,66.63,1.37
2025-10-03,S03,SKU008,Household,North,114.34,0,0,67,3,61.01,5.99
2025-10-04,S03,SKU008,Household,North,116.91,0,0,57,6,64.61,7.61
2025-10-05,S03,SKU008,Household,North,118.92,0,0,66,9,65.23,0.77
2025-10-06,S03,SKU008,Household,North,105.25,1,0,83,4,79.13,3.87
2025-10-07,S03,SKU008,Household,North,114.53,0,0,57,8,60.35,3.35
2025-10-08,S03,SKU008,Household,North,117.25,0,0,71,3,61.0,10.0
2025-10-09,S03,SKU008,Household,North,116.11,0,0,61,4,60.28,0.72
2025-10-10,S03,SKU008,Household,North,116.48,0,0,62,5,61.36,0.64
2025-10-11,S03,SKU008,Household,North,116.38,0,0,59,5,66.6,7.6
2025-10-12,S03,SKU008,Household,North,112.54,0,0,67,6,65.85,1.15
2025-10-13,S03,SKU008,Household,North,116.83,0,0,69,4,60.34,8.66
2025-10-14,S03,SKU008,Household,North,110.21,1,0,88,6,80.41,7.59
2025-10-15,S03,SKU008,Household,North,107.1,1,0,82,9,80.07,1.93
2025-10-16,S03,SKU008,Household,North,115.13,0,0,64,4,62.62,1.38
2025-10-17,S03,SKU008,Household,North,118.12,0,0,64,4,63.49,0.51
2025-10-18,S03,SKU008,Household,North,117.44,0,0,70,5,68.42,1.58
2025-10-19,S03,SKU008,Household,North,114.36,0,0,56,8,68.04,12.04
2025-10-20,S03,SKU008,Household,North,116.22,0,0,72,6,61.97,10.03
2025-10-21,S03,SKU008,Household,North,115.42,0,0,58,6,62.87,4.87
2025-10-22,S03,SKU008,Household,North,117.62,0,0,61,7,63.32,2.32
2025-10-23,S03,SKU008,Household,North,117.33,0,0,58,6,63.05,5.05
2025-10-24,S03,SKU008,Household,North,118.12,0,0,62,7,62.91,0.91
2025-10-25,S03,SKU008,Household,North,117.53,0,0,80,6,65.84,14.16
2025-10-26,S03,SKU008,Household,North,118.33,0,0,78,5,67.09,10.91
2025-10-27,S03,SKU008,Household,North,114.09,0,0,61,9,62.56,1.56
2025-10-28,S03,SKU008,Household,North,108.24,1,0,79,6,78.87,0.13
2025-10-29,S03,SKU008,Household,North,118.48,0,0,59,7,63.19,4.19
2025-10-30,S03,SKU008,Household,North,118.05,0,0,62,9,64.22,2.22
2025-10-31,S03,SKU008,Household,North,114.89,0,0,67,7,63.66,3.34
2025-11-01,S03,SKU008,Household,North,108.31,1,0,89,7,88.92,0.08
2025-11-02,S03,SKU008,Household,North,117.14,0,0,63,3,67.28,4.28
2025-11-03,S03,SKU008,Household,North,119.75,0,0,64,9,64.56,0.56
2025-11-04,S03,SKU008,Household,North,117.31,0,0,65,4,62.93,2.07
2025-11-05,S03,SKU008,Household,North,117.02,0,0,55,2,64.15,9.15
2025-11-06,S03,SKU008,Household,North,113.25,0,0,62,3,64.59,2.59
2025-11-07,S03,SKU008,Household,North,119.54,0,0,58,2,64.62,6.62
2025-11-08,S03,SKU008,Household,North,113.73,0,0,64,5,68.61,4.61
2025-11-09,S03,SKU008,Household,North,118.27,0,0,63,7,68.53,5.53
2025-11-10,S03,SKU008,Household,North,110.94,1,0,79,3,80.5,1.5
2025-11-11,S03,SKU008,Household,North,116.9,0,0,64,9,64.29,0.29
2025-11-12,S03,SKU008,Household,North,108.57,1,0,96,4,80.61,15.39
2025-11-13,S03,SKU008,Household,North,114.91,0,0,55,2,64.8,9.8
2025-11-14,S03,SKU008,Household,North,106.99,1,0,88,5,81.47,6.53
2025-11-15,S03,SKU008,Household,North,107.02,1,0,94,9,83.98,10.02
2025-11-16,S03,SKU008,Household,North,117.49,0,0,75,7,70.82,4.18
2025-11-17,S03,SKU008,Household,North,119.51,0,0,62,5,64.38,2.38
2025-11-18,S03,SKU008,Household,North,116.31,0,0,61,6,65.57,4.57
2025-11-19,S03,SKU008,Household,North,117.82,0,0,61,5,66.03,5.03
2025-11-20,S03,SKU008,Household,North,118.36,0,0,63,8,66.07,3.07
2025-11-21,S03,SKU008,Household,North,117.76,0,0,77,2,65.45,11.55
2025-11-22,S03,SKU008,Household,North,119.64,0,0,66,8,70.39,4.39
2025-11-23,S03,SKU008,Household,North,118.22,0,0,71,6,70.93,0.07
2025-11-24,S03,SKU008,Household,North,115.73,0,0,65,4,66.55,1.55
2025-11-25,S03,SKU008,Household,North,118.23,0,0,64,2,66.37,2.37
2025-11-26,S03,SKU008,Household,North,117.35,0,0,77,7,66.03,10.97
2025-11-27,S03,SKU008,Household,North,106.77,1,0,86,8,83.18,2.82
2025-11-28,S03,SKU008,Household,North,117.62,0,0,67,4,66.73,0.27
2025-11-29,S03,SKU008,Household,North,118.07,0,0,78,2,73.59,4.41
2025-11-30,S03,SKU008,Household,North,119.61,0,0,72,5,72.24,0.24
2025-12-01,S03,SKU008,Household,North,113.3,0,0,70,8,66.86,3.14
2025-12-02,S03,SKU008,Household,North,113.58,0,0,59,3,67.69,8.69
2025-12-03,S03,SKU008,Household,North,114.92,0,0,75,3,66.34,8.66
2025-12-04,S03,SKU008,Household,North,109.21,1,0,79,7,87.1,8.1
2025-12-05,S03,SKU008,Household,North,114.27,0,0,70,6,68.75,1.25
2025-12-06,S03,SKU008,Household,North,119.8,0,0,66,9,73.59,7.59
2025-12-07,S03,SKU008,Household,North,111.48,1,0,105,5,95.35,9.65
2025-12-08,S03,SKU008,Household,North,118.38,0,0,68,7,71.82,3.82
2025-12-09,S03,SKU008,Household,North,117.75,0,0,73,7,70.92,2.08
2025-12-10,S03,SKU008,Household,North,113.96,0,0,73,4,70.97,2.03
2025-12-11,S03,SKU008,Household,North,118.23,0,0,68,9,70.26,2.26
2025-12-12,S03,SKU008,Household,North,119.61,0,0,71,7,70.97,0.03
2025-12-13,S03,SKU008,Household,North,115.35,0,0,73,5,76.2,3.2
2025-12-14,S03,SKU008,Household,North,117.55,0,0,74,6,75.29,1.29
2025-12-15,S03,SKU008,Household,North,105.25,1,0,82,5,91.52,9.52
2025-12-16,S03,SKU008,Household,North,109.32,1,0,95,2,89.78,5.22
2025-12-17,S03,SKU008,Household,North,115.03,0,0,75,8,70.96,4.04
2025-12-18,S03,SKU008,Household,North,117.76,0,0,64,9,71.85,7.85
2025-12-19,S03,SKU008,Household,North,108.78,1,0,85,5,92.18,7.18
2025-12-20,S03,SKU008,Household,North,117.39,0,0,82,2,77.1,4.9
2025-12-21,S03,SKU008,Household,North,116.19,0,0,85,2,80.02,4.98
2025-12-22,S03,SKU008,Household,North,114.36,0,0,73,8,73.25,0.25
2025-12-23,S03,SKU008,Household,North,118.24,0,0,66,4,73.52,7.52
2025-12-24,S03,SKU008,Household,North,117.03,0,0,77,2,74.31,2.69
2025-12-25,S03,SKU008,Household,North,123.6,0,1,78,6,83.55,5.55
2025-12-26,S03,SKU008,Household,North,116.87,0,0,80,9,73.83,6.17
2025-12-27,S03,SKU008,Household,North,116.46,0,0,84,2,80.82,3.18
2025-12-28,S03,SKU008,Household,North,106.93,1,0,110,4,101.68,8.32
2025-12-29,S03,SKU008,Household,North,115.69,0,0,78,9,75.02,2.98
2025-12-30,S03,SKU008,Household,North,117.31,0,0,79,9,72.99,6.01
2025-12-31,S03,SKU008,Household,North,105.32,1,0,96,6,97.92,1.92
2025-08-13,S03,SKU009,Beverages,North,305.82,0,0,33,8,36.25,3.25
2025-08-14,S03,SKU009,Beverages,North,315.02,0,0,40,2,36.44,3.56
2025-08-15,S03,SKU009,Beverages,North,306.5,0,1,46,6,41.63,4.37
2025-08-16,S03,SKU009,Beverages,North,282.84,1,0,54,9,51.37,2.63
2025-08-17,S03,SKU009,Beverages,North,310.54,0,0,29,7,39.54,10.54
2025-08-18,S03,SKU009,Beverages,North,310.1,0,0,39,4,37.12,1.88
2025-08-19,S03,SKU009,Beverages,North,313.95,0,0,42,7,36.42,5.58
2025-08-20,S03,SKU009,Beverages,North,324.3,0,0,43,9,36.4,6.6
2025-08-21,S03,SKU009,Beverages,North,310.33,0,0,27,5,37.37,10.37
2025-08-22,S03,SKU009,Beverages,North,317.73,0,0,39,9,36.23,2.77
2025-08-23,S03,SKU009,Beverages,North,309.9,0,0,44,5,39.43,4.57
2025-08-24,S03,SKU009,Beverages,North,290.75,1,0,39,8,49.94,10.94
2025-08-25,S03,SKU009,Beverages,North,309.22,0,0,33,5,35.8,2.8
2025-08-26,S03,SKU009,Beverages,North,306.09,0,0,30,3,35.7,5.7
2025-08-27,S03,SKU009,Beverages,North,309.05,0,0,30,4,34.97,4.97
2025-08-28,S03,SKU009,Beverages,North,309.41,0,0,27,3,34.16,7.16
2025-08-29,S03,SKU009,Beverages,North,306.49,0,0,37,5,34.27,2.73
2025-08-30,S03,SKU009,Beverages,North,310.43,0,0,47,3,36.95,10.05
2025-08-31,S03,SKU009,Beverages,North,317.47,0,0,44,2,36.37,7.63
2025-09-01,S03,SKU009,Beverages,North,319.66,0,0,28,4,34.41,6.41
2025-09-02,S03,SKU009,Beverages,North,304.25,0,0,37,9,34.28,2.72
2025-09-03,S03,SKU009,Beverages,North,306.92,0,0,35,4,34.35,0.65
2025-09-04,S03,SKU009,Beverages,North,314.54,0,0,37,8,34.56,2.44
2025-09-05,S03,SKU009,Beverages,North,288.83,1,0,48,2,45.29,2.71
2025-09-06,S03,SKU009,Beverages,North,310.66,0,0,31,3,37.97,6.97
2025-09-07,S03,SKU009,Beverages,North,307.44,0,0,40,2,37.52,2.48
2025-09-08,S03,SKU009,Beverages,North,306.01,0,0,38,5,34.22,3.78
2025-09-09,S03,SKU009,Beverages,North,307.87,0,0,31,2,34.35,3.35
2025-09-10,S03,SKU009,Beverages,North,310.21,0,0,43,8,34.25,8.75
2025-09-11,S03,SKU009,Beverages,North,313.16,0,0,40,5,34.48,5.52
2025-09-12,S03,SKU009,Beverages,North,310.49,0,0,32,3,34.98,2.98
2025-09-13,S03,SKU009,Beverages,North,314.42,0,0,49,8,37.33,11.67
2025-09-14,S03,SKU009,Beverages,North,310.56,0,0,38,7,37.51,0.49
2025-09-15,S03,SKU009,Beverages,North,316.12,0,0,37,7,34.41,2.59
2025-09-16,S03,SKU009,Beverages,North,307.18,0,0,38,9,34.73,3.27
2025-09-17,S03,SKU009,Beverages,North,304.83,0,0,30,5,34.91,4.91
2025-09-18,S03,SKU009,Beverages,North,308.08,0,0,43,8,33.95,9.05
2025-09-19,S03,SKU009,Beverages,North,314.49,0,0,31,2,34.85,3.85
2025-09-20,S03,SKU009,Beverages,North,312.86,0,0,32,6,36.9,4.9
2025-09-21,S03,SKU009,Beverages,North,311.27,0,0,38,5,36.63,1.37
2025-09-22,S03,SKU009,Beverages,North,309.33,0,0,32,9,33.69,1.69
2025-09-23,S03,SKU009,Beverages,North,310.12,0,0,42,6,33.69,8.31
2025-09-24,S03,SKU009,Beverages,North,307.09,0,0,45,8,34.76,10.24
2025-09-25,S03,SKU009,Beverages,North,293.57,0,0,32,4,34.09,2.09
2025-09-26,S03,SKU009,Beverages,North,308.71,0,0,33,2,34.85,1.85
2025-09-27,S03,SKU009,Beverages,North,309.92,0,0,39,8,38.66,0.34
2025-09-28,S03,SKU009,Beverages,North,316.95,0,0,40,3,37.76,2.24
2025-09-29,S03,SKU009,Beverages,North,302.66,0,0,33,3,34.05,1.05
2025-09-30,S03,SKU009,Beverages,North,287.14,1,0,49,8,45.97,3.03
2025-10-01,S03,SKU009,Beverages,North,315.95,0,0,25,5,35.37,10.37
2025-10-02,S03,SKU009,Beverages,North,304.86,0,1,39,6,41.5,2.5
2025-10-03,S03,SKU009,Beverages,North,310.81,0,0,44,8,35.48,8.52
2025-10-04,S03,SKU009,Beverages,North,308.11,0,0,34,2,37.78,3.78
2025-10-05,S03,SKU009,Beverages,North,299.64,0,0,38,6,37.99,0.01
2025-10-06,S03,SKU009,Beverages,North,316.08,0,0,33,7,35.02,2.02
2025-10-07,S03,SKU009,Beverages,North,309.4,0,0,29,9,34.84,5.84
2025-10-08,S03,SKU009,Beverages,North,304.06,0,0,31,5,35.85,4.85
2025-10-09,S03,SKU009,Beverages,North,308.95,0,0,29,8,35.33,6.33
2025-10-10,S03,SKU009,Beverages,North,314.09,0,0,38,8,33.6,4.4
2025-10-11,S03,SKU009,Beverages,North,306.6,0,0,41,8,36.93,4.07
2025-10-12,S03,SKU009,Beverages,North,284.75,1,0,51,4,47.51,3.49
2025-10-13,S03,SKU009,Beverages,North,304.87,0,0,29,8,35.56,6.56
2025-10-14,S03,SKU009,Beverages,North,315.47,0,0,29,2,35.34,6.34
2025-10-15,S03,SKU009,Beverages,North,304.05,0,0,37,9,34.08,2.92
2025-10-16,S03,SKU009,Beverages,North,306.88,0,0,34,5,34.82,0.82
2025-10-17,S03,SKU009,Beverages,North,311.36,0,0,34,6,33.86,0.14
2025-10-18,S03,SKU009,Beverages,North,299.31,0,0,40,7,37.01,2.99
2025-10-19,S03,SKU009,Beverages,North,305.33,0,0,41,7,37.64,3.36
2025-10-20,S03,SKU009,Beverages,North,297.98,0,0,36,8,34.89,1.11
2025-10-21,S03,SKU009,Beverages,North,309.74,0,0,38,4,35.21,2.79
2025-10-22,S03,SKU009,Beverages,North,288.27,1,0,61,9,45.85,15.15
2025-10-23,S03,SKU009,Beverages,North,304.27,0,0,34,5,35.34,1.34
2025-10-24,S03,SKU009,Beverages,North,307.57,0,0,35,6,35.99,0.99
2025-10-25,S03,SKU009,Beverages,North,310.56,0,0,36,9,39.15,3.15
2025-10-26,S03,SKU009,Beverages,North,312.61,0,0,36,9,39.36,3.36
2025-10-27,S03,SKU009,Beverages,North,302.92,0,0,34,2,35.89,1.89
2025-10-28,S03,SKU009,Beverages,North,304.95,0,0,34,7,36.37,2.37
2025-10-29,S03,SKU009,Beverages,North,308.36,0,0,31,7,36.18,5.18
2025-10-30,S03,SKU009,Beverages,North,300.12,0,0,37,4,35.94,1.06
2025-10-31,S03,SKU009,Beverages,North,308.55,0,0,37,5,35.38,1.62
2025-11-01,S03,SKU009,Beverages,North,312.2,0,0,46,8,37.9,8.1
2025-11-02,S03,SKU009,Beverages,North,313.65,0,0,34,5,39.35,5.35
2025-11-03,S03,SKU009,Beverages,North,306.66,0,0,36,5,35.22,0.78
2025-11-04,S03,SKU009,Beverages,North,308.02,0,0,38,3,35.97,2.03
2025-11-05,S03,SKU009,Beverages,North,316.86,0,0,34,2,33.57,0.43
2025-11-06,S03,SKU009,Beverages,North,307.19,0,0,32,3,35.55,3.55
2025-11-07,S03,SKU009,Beverages,North,307.88,0,0,30,2,36.24,6.24
2025-11-08,S03,SKU009,Beverages,North,303.89,0,0,43,9,39.24,3.76
2025-11-09,S03,SKU009,Beverages,North,315.17,0,0,44,4,38.89,5.11
2025-11-10,S03,SKU009,Beverages,North,308.32,0,0,36,9,36.25,0.25
2025-11-11,S03,SKU009,Beverages,North,314.16,0,0,33,5,35.94,2.94
2025-11-12,S03,SKU009,Beverages,North,314.16,0,0,41,6,36.44,4.56
2025-11-13,S03,SKU009,Beverages,North,317.13,0,0,41,7,36.62,4.38
2025-11-14,S03,SKU009,Beverages,North,304.8,0,0,37,5,36.49,0.51
2025-11-15,S03,SKU009,Beverages,North,307.92,0,0,38,8,39.87,1.87
2025-11-16,S03,SKU009,Beverages,North,311.2,0,0,38,4,39.34,1.34
2025-11-17,S03,SKU009,Beverages,North,279.31,1,0,42,8,48.62,6.62
2025-11-18,S03,SKU009,Beverages,North,312.25,0,0,41,6,36.64,4.36
2025-11-19,S03,SKU009,Beverages,North,305.1,0,0,34,8,34.17,0.17
2025-11-20,S03,SKU009,Beverages,North,300.98,0,0,34,8,36.61,2.61
2025-11-21,S03,SKU009,Beverages,North,310.52,0,0,38,2,35.94,2.06
2025-11-22,S03,SKU009,Beverages,North,309.79,0,0,42,4,38.73,3.27
2025-11-23,S03,SKU009,Beverages,North,313.45,0,0,38,7,39.05,1.05
2025-11-24,S03,SKU009,Beverages,North,309.07,0,0,51,8,36.87,14.13
2025-11-25,S03,SKU009,Beverages,North,309.63,0,0,41,7,36.56,4.44
2025-11-26,S03,SKU009,Beverages,North,310.76,0,0,37,3,37.59,0.59
2025-11-27,S03,SKU009,Beverages,North,308.76,0,0,38,5,38.15,0.15
2025-11-28,S03,SKU009,Beverages,North,275.76,1,0,59,7,50.4,8.6
2025-11-29,S03,SKU009,Beverages,North,321.14,0,0,40,9,42.32,2.32
2025-11-30,S03,SKU009,Beverages,North,310.38,0,0,48,9,41.67,6.33
2025-12-01,S03,SKU009,Beverages,North,310.12,0,0,33,8,39.04,6.04
2025-12-02,S03,SKU009,Beverages,North,309.72,0,0,42,5,39.67,2.33
2025-12-03,S03,SKU009,Beverages,North,310.53,0,0,42,8,38.77,3.23
2025-12-04,S03,SKU009,Beverages,North,320.81,0,0,31,8,39.37,8.37
2025-12-05,S03,SKU009,Beverages,North,315.16,0,0,39,6,40.7,1.7
2025-12-06,S03,SKU009,Beverages,North,282.99,1,0,58,2,54.83,3.17
2025-12-07,S03,SKU009,Beverages,North,315.54,0,0,43,8,43.77,0.77
2025-12-08,S03,SKU009,Beverages,North,312.73,0,0,39,4,39.29,0.29
2025-12-09,S03,SKU009,Beverages,North,303.05,0,0,40,2,40.57,0.57
2025-12-10,S03,SKU009,Beverages,North,303.36,0,0,36,6,41.15,5.15
2025-12-11,S03,SKU009,Beverages,North,311.6,0,0,44,3,40.14,3.86
2025-12-12,S03,SKU009,Beverages,North,309.21,0,0,43,3,40.9,2.1
2025-12-13,S03,SKU009,Beverages,North,306.09,0,0,36,8,44.01,8.01
2025-12-14,S03,SKU009,Beverages,North,282.63,1,0,61,8,58.65,2.35
2025-12-15,S03,SKU009,Beverages,North,314.44,0,0,24,9,41.31,17.31
2025-12-16,S03,SKU009,Beverages,North,307.56,0,0,32,4,40.49,8.49
2025-12-17,S03,SKU009,Beverages,North,292.51,1,0,51,3,52.08,1.08
2025-12-18,S03,SKU009,Beverages,North,304.37,0,0,40,7,40.81,0.81
2025-12-19,S03,SKU009,Beverages,North,309.87,0,0,35,6,41.14,6.14
2025-12-20,S03,SKU009,Beverages,North,306.98,0,0,43,5,44.81,1.81
2025-12-21,S03,SKU009,Beverages,North,311.97,0,0,38,6,44.37,6.37
2025-12-22,S03,SKU009,Beverages,North,285.13,1,0,51,5,52.0,1.0
2025-12-23,S03,SKU009,Beverages,North,310.02,0,0,41,7,41.29,0.29
2025-12-24,S03,SKU009,Beverages,North,298.56,0,0,38,7,41.45,3.45
2025-12-25,S03,SKU009,Beverages,North,308.73,0,1,52,3,46.82,5.18
2025-12-26,S03,SKU009,Beverages,North,301.56,0,0,45,3,41.59,3.41
2025-12-27,S03,SKU009,Beverages,North,311.07,0,0,47,5,44.82,2.18
2025-12-28,S03,SKU009,Beverages,North,307.66,0,0,48,6,45.22,2.78
2025-12-29,S03,SKU009,Beverages,North,308.51,0,0,41,3,41.41,0.41
2025-12-30,S03,SKU009,Beverages,North,308.44,0,0,50,7,41.65,8.35
2025-12-31,S03,SKU009,Beverages,North,306.18,0,0,40,8,42.35,2.35
2025-08-13,S03,SKU010,Snacks,North,448.36,0,0,63,8,50.97,12.03
2025-08-14,S03,SKU010,Snacks,North,430.19,0,0,52,4,53.27,1.27
2025-08-15,S03,SKU010,Snacks,North,436.68,0,1,63,5,64.24,1.24
2025-08-16,S03,SKU010,Snacks,North,446.19,0,0,69,8,56.47,12.53
2025-08-17,S03,SKU010,Snacks,North,417.11,0,0,64,7,58.05,5.95
2025-08-18,S03,SKU010,Snacks,North,407.8,1,0,77,9,69.21,7.79
2025-08-19,S03,SKU010,Snacks,North,439.33,0,0,58,2,53.9,4.1
2025-08-20,S03,SKU010,Snacks,North,434.95,0,0,50,6,53.44,3.44
2025-08-21,S03,SKU010,Snacks,North,394.37,1,0,73,2,67.78,5.22
2025-08-22,S03,SKU010,Snacks,North,438.87,0,0,54,8,52.67,1.33
2025-08-23,S03,SKU010,Snacks,North,442.0,0,0,60,3,55.86,4.14
2025-08-24,S03,SKU010,Snacks,North,442.17,0,0,43,3,56.77,13.77
2025-08-25,S03,SKU010,Snacks,North,397.38,1,0,69,5,67.1,1.9
2025-08-26,S03,SKU010,Snacks,North,434.4,0,0,61,6,52.76,8.24
2025-08-27,S03,SKU010,Snacks,North,429.99,0,0,62,2,53.01,8.99
2025-08-28,S03,SKU010,Snacks,North,429.9,0,0,58,3,53.21,4.79
2025-08-29,S03,SKU010,Snacks,North,436.59,0,0,56,6,53.34,2.66
2025-08-30,S03,SKU010,Snacks,North,444.67,0,0,59,8,58.36,0.64
2025-08-31,S03,SKU010,Snacks,North,438.84,0,0,58,3,57.83,0.17
2025-09-01,S03,SKU010,Snacks,North,438.98,0,0,56,7,52.83,3.17
2025-09-02,S03,SKU010,Snacks,North,440.32,0,0,55,4,53.04,1.96
2025-09-03,S03,SKU010,Snacks,North,428.48,0,0,54,4,53.31,0.69
2025-09-04,S03,SKU010,Snacks,North,406.17,1,0,70,6,70.86,0.86
2025-09-05,S03,SKU010,Snacks,North,419.22,0,0,49,4,54.42,5.42
2025-09-06,S03,SKU010,Snacks,North,444.19,0,0,62,5,58.42,3.58
2025-09-07,S03,SKU010,Snacks,North,426.17,0,0,55,4,59.12,4.12
2025-09-08,S03,SKU010,Snacks,North,440.35,0,0,53,2,55.1,2.1
2025-09-09,S03,SKU010,Snacks,North,435.33,0,0,58,8,54.59,3.41
2025-09-10,S03,SKU010,Snacks,North,422.97,0,0,52,8,55.6,3.6
2025-09-11,S03,SKU010,Snacks,North,441.54,0,0,55,8,53.67,1.33
2025-09-12,S03,SKU010,Snacks,North,412.52,1,0,72,6,70.24,1.76
2025-09-13,S03,SKU010,Snacks,North,438.98,0,0,62,6,58.91,3.09
2025-09-14,S03,SKU010,Snacks,North,444.87,0,0,56,6,58.72,2.72
2025-09-15,S03,SKU010,Snacks,North,436.67,0,0,57,5,54.66,2.34
2025-09-16,S03,SKU010,Snacks,North,440.67,0,0,56,4,53.26,2.74
2025-09-17,S03,SKU010,Snacks,North,434.37,0,0,49,9,53.21,4.21
2025-09-18,S03,SKU010,Snacks,North,410.48,1,0,69,6,69.98,0.98
2025-09-19,S03,SKU010,Snacks,North,436.97,0,0,51,8,52.44,1.44
2025-09-20,S03,SKU010,Snacks,North,407.46,1,0,75,8,75.73,0.73
2025-09-21,S03,SKU010,Snacks,North,430.52,0,0,59,7,57.34,1.66
2025-09-22,S03,SKU010,Snacks,North,437.98,0,0,61,6,54.49,6.51
2025-09-23,S03,SKU010,Snacks,North,434.86,0,0,50,4,54.18,4.18
2025-09-24,S03,SKU010,Snacks,North,442.05,0,0,59,2,54.15,4.85
2025-09-25,S03,SKU010,Snacks,North,438.5,0,0,48,2,53.03,5.03
2025-09-26,S03,SKU010,Snacks,North,430.14,0,0,55,4,52.92,2.08
2025-09-27,S03,SKU010,Snacks,North,428.29,0,0,60,9,57.44,2.56
2025-09-28,S03,SKU010,Snacks,North,447.68,0,0,48,5,57.22,9.22
2025-09-29,S03,SKU010,Snacks,North,434.66,0,0,53,7,52.55,0.45
2025-09-30,S03,SKU010,Snacks,North,442.7,0,0,46,7,52.19,6.19
2025-10-01,S03,SKU010,Snacks,North,431.96,0,0,59,8,53.27,5.73
2025-10-02,S03,SKU010,Snacks,North,435.02,0,1,61,3,63.17,2.17
2025-10-03,S03,SKU010,Snacks,North,404.43,1,0,79,8,69.49,9.51
2025-10-04,S03,SKU010,Snacks,North,446.01,0,0,50,2,58.17,8.17
2025-10-05,S03,SKU010,Snacks,North,433.91,0,0,66,5,57.9,8.1
2025-10-06,S03,SKU010,Snacks,North,435.11,0,0,55,8,54.08,0.92
2025-10-07,S03,SKU010,Snacks,North,427.74,0,0,42,2,54.11,12.11
2025-10-08,S03,SKU010,Snacks,North,433.42,0,0,50,5,53.95,3.95
2025-10-09,S03,SKU010,Snacks,North,436.24,0,0,60,4,53.91,6.09
2025-10-10,S03,SKU010,Snacks,North,433.88,0,0,52,2,54.27,2.27
2025-10-11,S03,SKU010,Snacks,North,433.88,0,0,59,9,56.46,2.54
2025-10-12,S03,SKU010,Snacks,North,428.17,0,0,54,9,56.58,2.58
2025-10-13,S03,SKU010,Snacks,North,430.09,0,0,49,8,53.27,4.27
2025-10-14,S03,SKU010,Snacks,North,391.85,1,0,69,8,68.02,0.98
2025-10-15,S03,SKU010,Snacks,North,436.59,0,0,54,8,53.05,0.95
2025-10-16,S03,SKU010,Snacks,North,399.57,1,0,72,7,69.84,2.16
2025-10-17,S03,SKU010,Snacks,North,432.6,0,0,53,5,54.03,1.03
2025-10-18,S03,SKU010,Snacks,North,438.06,0,0,50,9,58.04,8.04
2025-10-19,S03,SKU010,Snacks,North,436.81,0,0,61,6,57.28,3.72
2025-10-20,S03,SKU010,Snacks,North,435.6,0,0,60,5,53.59,6.41
2025-10-21,S03,SKU010,Snacks,North,448.13,0,0,54,4,52.52,1.48
2025-10-22,S03,SKU010,Snacks,North,429.53,0,0,51,7,54.0,3.0
2025-10-23,S03,SKU010,Snacks,North,438.94,0,0,57,6,53.49,3.51
2025-10-24,S03,SKU010,Snacks,North,434.29,0,0,55,6,53.58,1.42
2025-10-25,S03,SKU010,Snacks,North,437.83,0,0,52,2,57.92,5.92
2025-10-26,S03,SKU010,Snacks,North,427.58,0,0,55,8,56.56,1.56
2025-10-27,S03,SKU010,Snacks,North,403.16,1,0,69,5,69.38,0.38
2025-10-28,S03,SKU010,Snacks,North,432.76,0,0,53,9,54.14,1.14
2025-10-29,S03,SKU010,Snacks,North,434.26,0,0,46,6,54.8,8.8
2025-10-30,S03,SKU010,Snacks,North,438.01,0,0,61,9,54.02,6.98
2025-10-31,S03,SKU010,Snacks,North,425.97,0,0,53,7,54.71,1.71
2025-11-01,S03,SKU010,Snacks,North,437.6,0,0,55,2,58.26,3.26
2025-11-02,S03,SKU010,Snacks,North,437.04,0,0,64,4,59.05,4.95
2025-11-03,S03,SKU010,Snacks,North,435.72,0,0,52,9,53.98,1.98
2025-11-04,S03,SKU010,Snacks,North,437.19,0,0,55,9,54.04,0.96
2025-11-05,S03,SKU010,Snacks,North,422.29,0,0,54,8,54.13,0.13
2025-11-06,S03,SKU010,Snacks,North,446.05,0,0,55,5,55.37,0.37
2025-11-07,S03,SKU010,Snacks,North,430.43,0,0,40,4,54.66,14.66
2025-11-08,S03,SKU010,Snacks,North,435.29,0,0,58,3,57.74,0.26
2025-11-09,S03,SKU010,Snacks,North,436.03,0,0,63,2,57.55,5.45
2025-11-10,S03,SKU010,Snacks,North,440.17,0,0,52,9,54.45,2.45
2025-11-11,S03,SKU010,Snacks,North,442.76,0,0,45,2,55.59,10.59
2025-11-12,S03,SKU010,Snacks,North,435.23,0,0,58,3,54.27,3.73
2025-11-13,S03,SKU010,Snacks,North,441.55,0,0,55,4,54.31,0.69
2025-11-14,S03,SKU010,Snacks,North,446.0,0,0,56,2,52.51,3.49
2025-11-15,S03,SKU010,Snacks,North,434.92,0,0,57,5,58.24,1.24
2025-11-16,S03,SKU010,Snacks,North,451.78,0,0,64,9,57.33,6.67
2025-11-17,S03,SKU010,Snacks,North,427.39,0,0,51,5,53.28,2.28
2025-11-18,S03,SKU010,Snacks,North,435.25,0,0,54,7,53.83,0.17
2025-11-19,S03,SKU010,Snacks,North,453.89,0,0,59,7,55.16,3.84
2025-11-20,S03,SKU010,Snacks,North,437.82,0,0,54,4,54.76,0.76
2025-11-21,S03,SKU010,Snacks,North,438.43,0,0,54,6,54.43,0.43
2025-11-22,S03,SKU010,Snacks,North,439.56,0,0,65,5,58.6,6.4
2025-11-23,S03,SKU010,Snacks,North,425.97,0,0,63,4,59.57,3.43
2025-11-24,S03,SKU010,Snacks,North,427.82,0,0,49,7,55.13,6.13
2025-11-25,S03,SKU010,Snacks,North,428.4,0,0,50,2,54.87,4.87
2025-11-26,S03,SKU010,Snacks,North,444.03,0,0,62,5,54.86,7.14
2025-11-27,S03,SKU010,Snacks,North,435.51,0,0,58,5,55.8,2.2
2025-11-28,S03,SKU010,Snacks,North,437.1,0,0,50,7,55.89,5.89
2025-11-29,S03,SKU010,Snacks,North,433.87,0,0,67,2,60.22,6.78
2025-11-30,S03,SKU010,Snacks,North,448.08,0,0,66,5,60.41,5.59
2025-12-01,S03,SKU010,Snacks,North,446.35,0,0,65,9,53.99,11.01
2025-12-02,S03,SKU010,Snacks,North,399.25,1,0,77,6,71.88,5.12
2025-12-03,S03,SKU010,Snacks,North,439.91,0,0,65,6,54.92,10.08
2025-12-04,S03,SKU010,Snacks,North,430.21,0,0,66,2,56.39,9.61
2025-12-05,S03,SKU010,Snacks,North,445.02,0,0,71,5,55.4,15.6
2025-12-06,S03,SKU010,Snacks,North,434.26,0,0,62,9,64.85,2.85
2025-12-07,S03,SKU010,Snacks,North,426.89,0,0,58,9,64.99,6.99
2025-12-08,S03,SKU010,Snacks,North,435.59,0,0,66,8,57.9,8.1
2025-12-09,S03,SKU010,Snacks,North,435.26,0,0,64,6,58.04,5.96
2025-12-10,S03,SKU010,Snacks,North,431.12,0,0,63,8,59.73,3.27
2025-12-11,S03,SKU010,Snacks,North,428.43,0,0,66,4,59.83,6.17
2025-12-12,S03,SKU010,Snacks,North,436.64,0,0,64,5,59.29,4.71
2025-12-13,S03,SKU010,Snacks,North,441.48,0,0,62,5,64.99,2.99
2025-12-14,S03,SKU010,Snacks,North,431.22,0,0,65,2,65.86,0.86
2025-12-15,S03,SKU010,Snacks,North,436.69,0,0,63,9,59.87,3.13
2025-12-16,S03,SKU010,Snacks,North,394.3,1,0,80,2,79.31,0.69
2025-12-17,S03,SKU010,Snacks,North,426.24,0,0,69,5,62.75,6.25
2025-12-18,S03,SKU010,Snacks,North,434.9,0,0,63,5,62.4,0.6
2025-12-19,S03,SKU010,Snacks,North,438.8,0,0,53,6,62.7,9.7
2025-12-20,S03,SKU010,Snacks,North,436.65,0,0,58,2,67.36,9.36
2025-12-21,S03,SKU010,Snacks,North,431.86,0,0,64,5,66.68,2.68
2025-12-22,S03,SKU010,Snacks,North,434.2,0,0,68,4,62.08,5.92
2025-12-23,S03,SKU010,Snacks,North,432.35,0,0,62,6,62.61,0.61
2025-12-24,S03,SKU010,Snacks,North,439.47,0,0,68,5,62.18,5.82
2025-12-25,S03,SKU010,Snacks,North,439.75,0,1,72,2,73.12,1.12
2025-12-26,S03,SKU010,Snacks,North,438.61,0,0,56,7,63.19,7.19
2025-12-27,S03,SKU010,Snacks,North,438.59,0,0,66,4,68.13,2.13
2025-12-28,S03,SKU010,Snacks,North,434.39,0,0,70,9,69.08,0.92
2025-12-29,S03,SKU010,Snacks,North,439.38,0,0,54,9,64.27,10.27
2025-12-30,S03,SKU010,Snacks,North,436.2,0,0,71,5,63.54,7.46
2025-12-31,S03,SKU010,Snacks,North,433.09,0,0,64,5,63.62,0.38
2025-08-13,S03,SKU011,Personal Care,North,184.8,0,0,64,4,55.94,8.06
2025-08-14,S03,SKU011,Personal Care,North,187.93,0,0,48,6,55.09,7.09
2025-08-15,S03,SKU011,Personal Care,North,174.64,1,1,86,5,76.91,9.09
2025-08-16,S03,SKU011,Personal Care,North,185.4,0,0,57,9,59.44,2.44
2025-08-17,S03,SKU011,Personal Care,North,171.17,1,0,85,6,79.73,5.27
2025-08-18,S03,SKU011,Personal Care,North,186.26,0,0,49,6,56.15,7.15
2025-08-19,S03,SKU011,Personal Care,North,186.92,0,0,56,7,55.11,0.89
2025-08-20,S03,SKU011,Personal Care,North,190.2,0,0,57,4,55.66,1.34
2025-08-21,S03,SKU011,Personal Care,North,187.92,0,0,55,2,54.71,0.29
2025-08-22,S03,SKU011,Personal Care,North,187.98,0,0,57,7,54.31,2.69
2025-08-23,S03,SKU011,Personal Care,North,173.84,1,0,76,7,80.9,4.9
2025-08-24,S03,SKU011,Personal Care,North,186.4,0,0,52,4,57.9,5.9
2025-08-25,S03,SKU011,Personal Care,North,187.3,0,0,49,8,55.44,6.44
2025-08-26,S03,SKU011,Personal Care,North,171.38,1,0,82,9,73.93,8.07
2025-08-27,S03,SKU011,Personal Care,North,187.51,0,0,55,2,56.49,1.49
2025-08-28,S03,SKU011,Personal Care,North,185.86,0,0,53,7,55.72,2.72
2025-08-29,S03,SKU011,Personal Care,North,190.89,0,0,55,2,56.04,1.04
2025-08-30,S03,SKU011,Personal Care,North,189.18,0,0,52,2,59.61,7.61
2025-08-31,S03,SKU011,Personal Care,North,186.93,0,0,51,8,58.52,7.52
2025-09-01,S03,SKU011,Personal Care,North,178.73,1,0,75,2,72.69,2.31
2025-09-02,S03,SKU011,Personal Care,North,185.2,0,0,52,9,52.92,0.92
2025-09-03,S03,SKU011,Personal Care,North,190.87,0,0,57,8,54.34,2.66
2025-09-04,S03,SKU011,Personal Care,North,188.88,0,0,55,7,55.05,0.05
2025-09-05,S03,SKU011,Personal Care,North,187.47,0,0,59,8,54.44,4.56
2025-09-06,S03,SKU011,Personal Care,North,172.53,1,0,73,7,77.48,4.48
2025-09-07,S03,SKU011,Personal Care,North,168.56,1,0,76,7,78.53,2.53
2025-09-08,S03,SKU011,Personal Care,North,187.85,0,0,55,4,55.44,0.44
2025-09-09,S03,SKU011,Personal Care,North,186.94,0,0,61,2,56.53,4.47
2025-09-10,S03,SKU011,Personal Care,North,188.96,0,0,52,7,56.45,4.45
2025-09-11,S03,SKU011,Personal Care,North,193.35,0,0,49,6,54.68,5.68
2025-09-12,S03,SKU011,Personal Care,North,184.26,0,0,55,2,55.57,0.57
2025-09-13,S03,SKU011,Personal Care,North,185.19,0,0,67,7,57.41,9.59
2025-09-14,S03,SKU011,Personal Care,North,172.11,1,0,78,9,78.92,0.92
2025-09-15,S03,SKU011,Personal Care,North,187.61,0,0,50,5,54.46,4.46
2025-09-16,S03,SKU011,Personal Care,North,189.03,0,0,48,7,54.35,6.35
2025-09-17,S03,SKU011,Personal Care,North,189.28,0,0,49,7,55.49,6.49
2025-09-18,S03,SKU011,Personal Care,North,187.93,0,0,60,9,54.71,5.29
2025-09-19,S03,SKU011,Personal Care,North,188.67,0,0,56,5,54.8,1.2
2025-09-20,S03,SKU011,Personal Care,North,187.92,0,0,56,6,58.64,2.64
2025-09-21,S03,SKU011,Personal Care,North,186.78,0,0,54,8,56.65,2.65
2025-09-22,S03,SKU011,Personal Care,North,188.92,0,0,49,3,53.5,4.5
2025-09-23,S03,SKU011,Personal Care,North,188.89,0,0,47,6,54.22,7.22
2025-09-24,S03,SKU011,Personal Care,North,185.57,0,0,54,9,52.22,1.78
2025-09-25,S03,SKU011,Personal Care,North,190.08,0,0,46,3,52.57,6.57
2025-09-26,S03,SKU011,Personal Care,North,188.99,0,0,49,3,52.41,3.41
2025-09-27,S03,SKU011,Personal Care,North,189.74,0,0,50,2,55.97,5.97
2025-09-28,S03,SKU011,Personal Care,North,186.53,0,0,54,7,55.11,1.11
2025-09-29,S03,SKU011,Personal Care,North,190.33,0,0,35,4,52.3,17.3
2025-09-30,S03,SKU011,Personal Care,North,187.9,0,0,55,8,50.68,4.32
2025-10-01,S03,SKU011,Personal Care,North,188.46,0,0,55,2,51.71,3.29
2025-10-02,S03,SKU011,Personal Care,North,192.14,0,1,65,3,58.97,6.03
2025-10-03,S03,SKU011,Personal Care,North,186.7,0,0,56,5,51.65,4.35
2025-10-04,S03,SKU011,Personal Care,North,189.85,0,0,55,5,55.92,0.92
2025-10-05,S03,SKU011,Personal Care,North,188.45,0,0,54,6,55.24,1.24
2025-10-06,S03,SKU011,Personal Care,North,185.7,0,0,56,5,50.31,5.69
2025-10-07,S03,SKU011,Personal Care,North,192.28,0,0,55,8,51.85,3.15
2025-10-08,S03,SKU011,Personal Care,North,184.03,0,0,47,4,51.0,4.0
2025-10-09,S03,SKU011,Personal Care,North,187.45,0,0,38,9,50.21,12.21
2025-10-10,S03,SKU011,Personal Care,North,189.13,0,0,49,9,49.37,0.37
2025-10-11,S03,SKU011,Personal Care,North,190.88,0,0,55,9,53.73,1.27
2025-10-12,S03,SKU011,Personal Care,North,188.62,0,0,53,5,53.99,0.99
2025-10-13,S03,SKU011,Personal Care,North,190.95,0,0,47,9,49.46,2.46
2025-10-14,S03,SKU011,Personal Care,North,195.83,0,0,53,4,49.66,3.34
2025-10-15,S03,SKU011,Personal Care,North,189.25,0,0,48,9,49.66,1.66
2025-10-16,S03,SKU011,Personal Care,North,190.33,0,0,48,2,49.42,1.42
2025-10-17,S03,SKU011,Personal Care,North,192.54,0,0,47,8,48.59,1.59
2025-10-18,S03,SKU011,Personal Care,North,190.85,0,0,60,5,52.71,7.29
2025-10-19,S03,SKU011,Personal Care,North,186.43,0,0,57,8,52.54,4.46
2025-10-20,S03,SKU011,Personal Care,North,191.19,0,0,55,2,48.6,6.4
2025-10-21,S03,SKU011,Personal Care,North,189.33,0,0,51,9,49.56,1.44
2025-10-22,S03,SKU011,Personal Care,North,190.58,0,0,57,9,49.26,7.74
2025-10-23,S03,SKU011,Personal Care,North,192.55,0,0,56,7,49.61,6.39
2025-10-24,S03,SKU011,Personal Care,North,191.42,0,0,47,2,49.51,2.51
2025-10-25,S03,SKU011,Personal Care,North,183.23,0,0,66,3,53.57,12.43
2025-10-26,S03,SKU011,Personal Care,North,192.39,0,0,64,3,54.68,9.32
2025-10-27,S03,SKU011,Personal Care,North,186.61,0,0,59,2,49.7,9.3
2025-10-28,S03,SKU011,Personal Care,North,188.8,0,0,58,4,51.88,6.12
2025-10-29,S03,SKU011,Personal Care,North,187.14,0,0,50,9,52.7,2.7
2025-10-30,S03,SKU011,Personal Care,North,171.14,1,0,74,3,67.84,6.16
2025-10-31,S03,SKU011,Personal Care,North,193.22,0,0,60,9,50.15,9.85
2025-11-01,S03,SKU011,Personal Care,North,187.61,0,0,64,2,56.32,7.68
2025-11-02,S03,SKU011,Personal Care,North,189.07,0,0,65,9,55.6,9.4
2025-11-03,S03,SKU011,Personal Care,North,196.73,0,0,57,3,53.36,3.64
2025-11-04,S03,SKU011,Personal Care,North,186.4,0,0,53,6,53.8,0.8
2025-11-05,S03,SKU011,Personal Care,North,189.4,0,0,54,9,52.0,2.0
2025-11-06,S03,SKU011,Personal Care,North,185.47,0,0,54,4,51.86,2.14
2025-11-07,S03,SKU011,Personal Care,North,174.56,1,0,71,4,70.67,0.33
2025-11-08,S03,SKU011,Personal Care,North,192.14,0,0,57,9,58.94,1.94
2025-11-09,S03,SKU011,Personal Care,North,187.61,0,0,54,5,59.61,5.61
2025-11-10,S03,SKU011,Personal Care,North,189.0,0,0,51,5,56.35,5.35
2025-11-11,S03,SKU011,Personal Care,North,193.68,0,0,59,9,55.77,3.23
2025-11-12,S03,SKU011,Personal Care,North,189.68,0,0,53,4,56.7,3.7
2025-11-13,S03,SKU011,Personal Care,North,186.97,0,0,54,5,56.57,2.57
2025-11-14,S03,SKU011,Personal Care,North,192.17,0,0,49,2,56.79,7.79
2025-11-15,S03,SKU011,Personal Care,North,189.85,0,0,65,8,60.69,4.31
2025-11-16,S03,SKU011,Personal Care,North,188.89,0,0,65,9,60.14,4.86
2025-11-17,S03,SKU011,Personal Care,North,193.65,0,0,52,9,57.39,5.39
2025-11-18,S03,SKU011,Personal Care,North,187.12,0,0,51,4,57.44,6.44
2025-11-19,S03,SKU011,Personal Care,North,184.2,0,0,62,9,56.61,5.39
2025-11-20,S03,SKU011,Personal Care,North,185.2,0,0,52,7,58.06,6.06
2025-11-21,S03,SKU011,Personal Care,North,187.61,0,0,54,4,57.38,3.38
2025-11-22,S03,SKU011,Personal Care,North,190.96,0,0,65,5,62.07,2.93
2025-11-23,S03,SKU011,Personal Care,North,189.73,0,0,60,6,61.81,1.81
2025-11-24,S03,SKU011,Personal Care,North,187.07,0,0,61,3,58.15,2.85
2025-11-25,S03,SKU011,Personal Care,North,184.33,0,0,67,8,57.9,9.1
2025-11-26,S03,SKU011,Personal Care,North,186.35,0,0,59,7,57.3,1.7
2025-11-27,S03,SKU011,Personal Care,North,186.5,0,0,56,7,59.23,3.23
2025-11-28,S03,SKU011,Personal Care,North,186.71,0,0,65,8,57.38,7.62
2025-11-29,S03,SKU011,Personal Care,North,186.66,0,0,64,2,62.37,1.63
2025-11-30,S03,SKU011,Personal Care,North,174.08,1,0,81,7,80.12,0.88
2025-12-01,S03,SKU011,Personal Care,North,189.02,0,0,59,2,57.65,1.35
2025-12-02,S03,SKU011,Personal Care,North,191.19,0,0,65,9,57.8,7.2
2025-12-03,S03,SKU011,Personal Care,North,187.59,0,0,52,7,59.71,7.71
2025-12-04,S03,SKU011,Personal Care,North,185.86,0,0,56,9,58.3,2.3
2025-12-05,S03,SKU011,Personal Care,North,191.35,0,0,61,9,58.33,2.67
2025-12-06,S03,SKU011,Personal Care,North,189.42,0,0,65,2,63.48,1.52
2025-12-07,S03,SKU011,Personal Care,North,176.81,1,0,87,3,79.99,7.01
2025-12-08,S03,SKU011,Personal Care,North,185.55,0,0,56,6,59.69,3.69
2025-12-09,S03,SKU011,Personal Care,North,187.99,0,0,56,2,60.2,4.2
2025-12-10,S03,SKU011,Personal Care,North,188.35,0,0,62,2,59.61,2.39
2025-12-11,S03,SKU011,Personal Care,North,192.82,0,0,59,9,60.73,1.73
2025-12-12,S03,SKU011,Personal Care,North,189.68,0,0,61,3,60.45,0.55
2025-12-13,S03,SKU011,Personal Care,North,189.27,0,0,64,8,64.56,0.56
2025-12-14,S03,SKU011,Personal Care,North,189.72,0,0,63,6,64.51,1.51
2025-12-15,S03,SKU011,Personal Care,North,188.08,0,0,63,9,60.08,2.92
2025-12-16,S03,SKU011,Personal Care,North,188.94,0,0,54,3,60.71,6.71
2025-12-17,S03,SKU011,Personal Care,North,189.32,0,0,60,3,60.11,0.11
2025-12-18,S03,SKU011,Personal Care,North,188.01,0,0,63,8,60.41,2.59
2025-12-19,S03,SKU011,Personal Care,North,192.32,0,0,56,8,60.88,4.88
2025-12-20,S03,SKU011,Personal Care,North,187.98,0,0,64,4,65.62,1.62
2025-12-21,S03,SKU011,Personal Care,North,185.31,0,0,69,7,64.2,4.8
2025-12-22,S03,SKU011,Personal Care,North,187.22,0,0,75,2,61.28,13.72
2025-12-23,S03,SKU011,Personal Care,North,192.44,0,0,64,3,63.0,1.0
2025-12-24,S03,SKU011,Personal Care,North,194.1,0,0,65,7,62.47,2.53
2025-12-25,S03,SKU011,Personal Care,North,190.78,0,1,74,5,71.23,2.77
2025-12-26,S03,SKU011,Personal Care,North,186.05,0,0,72,3,63.33,8.67
2025-12-27,S03,SKU011,Personal Care,North,187.66,0,0,64,9,67.32,3.32
2025-12-28,S03,SKU011,Personal Care,North,187.25,0,0,72,3,67.26,4.74
2025-12-29,S03,SKU011,Personal Care,North,194.41,0,0,63,5,63.05,0.05
2025-12-30,S03,SKU011,Personal Care,North,186.58,0,0,64,5,62.22,1.78
2025-12-31,S03,SKU011,Personal Care,North,184.8,0,0,62,4,62.06,0.06
2025-08-13,S03,SKU012,Household,North,74.72,0,0,53,6,49.7,3.3
2025-08-14,S03,SKU012,Household,North,76.29,0,0,45,7,50.24,5.24
2025-08-15,S03,SKU012,Household,North,75.51,0,1,63,5,57.1,5.9
2025-08-16,S03,SKU012,Household,North,77.4,0,0,56,5,52.52,3.48
2025-08-17,S03,SKU012,Household,North,76.36,0,0,58,8,52.32,5.68
2025-08-18,S03,SKU012,Household,North,76.56,0,0,46,4,49.75,3.75
2025-08-19,S03,SKU012,Household,North,76.45,0,0,41,5,49.75,8.75
2025-08-20,S03,SKU012,Household,North,77.38,0,0,44,9,48.15,4.15
2025-08-21,S03,SKU012,Household,North,75.87,0,0,48,8,48.46,0.46
2025-08-22,S03,SKU012,Household,North,76.3,0,0,53,8,48.16,4.84
2025-08-23,S03,SKU012,Household,North,76.63,0,0,50,3,52.14,2.14
2025-08-24,S03,SKU012,Household,North,76.9,0,0,57,3,52.0,5.0
2025-08-25,S03,SKU012,Household,North,78.12,0,0,50,5,47.99,2.01
2025-08-26,S03,SKU012,Household,North,78.0,0,0,59,2,48.15,10.85
2025-08-27,S03,SKU012,Household,North,78.57,0,0,47,3,48.22,1.22
2025-08-28,S03,SKU012,Household,North,76.86,0,0,49,8,47.78,1.22
2025-08-29,S03,SKU012,Household,North,76.63,0,0,48,2,48.41,0.41
2025-08-30,S03,SKU012,Household,North,76.28,0,0,50,2,51.58,1.58
2025-08-31,S03,SKU012,Household,North,76.61,0,0,56,7,51.59,4.41
2025-09-01,S03,SKU012,Household,North,76.98,0,0,46,3,47.96,1.96
2025-09-02,S03,SKU012,Household,North,76.79,0,0,55,8,47.17,7.83
2025-09-03,S03,SKU012,Household,North,69.82,1,0,62,7,62.68,0.68
2025-09-04,S03,SKU012,Household,North,75.94,0,0,49,5,48.07,0.93
2025-09-05,S03,SKU012,Household,North,76.02,0,0,52,7,47.96,4.04
2025-09-06,S03,SKU012,Household,North,75.96,0,0,58,8,51.79,6.21
2025-09-07,S03,SKU012,Household,North,78.27,0,0,61,8,51.69,9.31
2025-09-08,S03,SKU012,Household,North,76.9,0,0,57,9,47.97,9.03
2025-09-09,S03,SKU012,Household,North,76.82,0,0,51,2,48.46,2.54
2025-09-10,S03,SKU012,Household,North,76.51,0,0,49,5,47.89,1.11
2025-09-11,S03,SKU012,Household,North,76.25,0,0,56,4,48.14,7.86
2025-09-12,S03,SKU012,Household,North,78.72,0,0,40,6,48.82,8.82
2025-09-13,S03,SKU012,Household,North,76.53,0,0,53,6,52.02,0.98
2025-09-14,S03,SKU012,Household,North,76.9,0,0,47,9,51.56,4.56
2025-09-15,S03,SKU012,Household,North,69.78,1,0,65,8,62.94,2.06
2025-09-16,S03,SKU012,Household,North,70.08,1,0,54,3,64.0,10.0
2025-09-17,S03,SKU012,Household,North,74.17,0,0,55,7,48.37,6.63
2025-09-18,S03,SKU012,Household,North,78.94,0,0,48,6,49.74,1.74
2025-09-19,S03,SKU012,Household,North,75.15,0,0,44,3,48.94,4.94
2025-09-20,S03,SKU012,Household,North,75.75,0,0,52,4,52.57,0.57
2025-09-21,S03,SKU012,Household,North,74.59,0,0,55,5,52.67,2.33
2025-09-22,S03,SKU012,Household,North,78.37,0,0,52,5,48.84,3.16
2025-09-23,S03,SKU012,Household,North,76.11,0,0,37,2,48.86,11.86
2025-09-24,S03,SKU012,Household,North,71.91,1,0,60,4,64.75,4.75
2025-09-25,S03,SKU012,Household,North,76.44,0,0,50,5,48.69,1.31
2025-09-26,S03,SKU012,Household,North,79.36,0,0,40,3,48.9,8.9
2025-09-27,S03,SKU012,Household,North,76.91,0,0,52,5,52.99,0.99
2025-09-28,S03,SKU012,Household,North,76.56,0,0,55,5,53.41,1.59
2025-09-29,S03,SKU012,Household,North,71.38,1,0,55,2,66.75,11.75
2025-09-30,S03,SKU012,Household,North,69.5,1,0,65,7,65.43,0.43
2025-10-01,S03,SKU012,Household,North,78.47,0,0,47,5,49.89,2.89
2025-10-02,S03,SKU012,Household,North,76.35,0,1,51,8,56.36,5.36
2025-10-03,S03,SKU012,Household,North,75.99,0,0,47,6,49.18,2.18
2025-10-04,S03,SKU012,Household,North,71.2,1,0,66,9,70.36,4.36
2025-10-05,S03,SKU012,Household,North,75.21,0,0,57,5,53.32,3.68
2025-10-06,S03,SKU012,Household,North,76.65,0,0,57,8,49.43,7.57
2025-10-07,S03,SKU012,Household,North,70.38,1,0,57,3,66.41,9.41
2025-10-08,S03,SKU012,Household,North,70.64,1,0,66,9,66.81,0.81
2025-10-09,S03,SKU012,Household,North,77.09,0,0,53,7,50.45,2.55
2025-10-10,S03,SKU012,Household,North,75.57,0,0,47,9,50.23,3.23
2025-10-11,S03,SKU012,Household,North,69.15,1,0,76,4,70.62,5.38
2025-10-12,S03,SKU012,Household,North,77.5,0,0,60,2,53.58,6.42
2025-10-13,S03,SKU012,Household,North,75.8,0,0,52,7,52.35,0.35
2025-10-14,S03,SKU012,Household,North,75.21,0,0,53,8,51.23,1.77
2025-10-15,S03,SKU012,Household,North,75.67,0,0,42,5,51.13,9.13
2025-10-16,S03,SKU012,Household,North,77.74,0,0,54,5,50.32,3.68
2025-10-17,S03,SKU012,Household,North,77.74,0,0,56,6,50.53,5.47
2025-10-18,S03,SKU012,Household,North,77.17,0,0,46,5,54.69,8.69
2025-10-19,S03,SKU012,Household,North,76.39,0,0,53,7,54.23,1.23
2025-10-20,S03,SKU012,Household,North,77.59,0,0,56,8,50.57,5.43
2025-10-21,S03,SKU012,Household,North,75.88,0,0,56,6,49.83,6.17
2025-10-22,S03,SKU012,Household,North,71.11,1,0,69,7,67.61,1.39
2025-10-23,S03,SKU012,Household,North,72.68,0,0,55,5,52.72,2.28
2025-10-24,S03,SKU012,Household,North,69.28,1,0,70,7,70.03,0.03
2025-10-25,S03,SKU012,Household,North,76.79,0,0,53,5,57.1,4.1
2025-10-26,S03,SKU012,Household,North,75.39,0,0,57,8,57.68,0.68
2025-10-27,S03,SKU012,Household,North,76.79,0,0,56,9,54.32,1.68
2025-10-28,S03,SKU012,Household,North,76.63,0,0,50,5,54.33,4.33
2025-10-29,S03,SKU012,Household,North,71.11,1,0,76,3,69.15,6.85
2025-10-30,S03,SKU012,Household,North,74.08,0,0,53,9,54.1,1.1
2025-10-31,S03,SKU012,Household,North,75.85,0,0,56,7,54.34,1.66
2025-11-01,S03,SKU012,Household,North,68.53,1,0,74,2,77.77,3.77
2025-11-02,S03,SKU012,Household,North,77.14,0,0,55,8,59.53,4.53
2025-11-03,S03,SKU012,Household,North,75.18,0,0,60,4,56.71,3.29
2025-11-04,S03,SKU012,Household,North,70.35,1,0,64,7,72.32,8.32
2025-11-05,S03,SKU012,Household,North,77.88,0,0,58,8,55.87,2.13
2025-11-06,S03,SKU012,Household,North,77.05,0,0,44,8,56.39,12.39
2025-11-07,S03,SKU012,Household,North,76.3,0,0,42,2,55.87,13.87
2025-11-08,S03,SKU012,Household,North,76.48,0,0,50,6,58.97,8.97
2025-11-09,S03,SKU012,Household,North,78.25,0,0,54,7,58.58,4.58
2025-11-10,S03,SKU012,Household,North,77.65,0,0,45,2,55.25,10.25
2025-11-11,S03,SKU012,Household,North,77.89,0,0,55,3,54.35,0.65
2025-11-12,S03,SKU012,Household,North,71.08,1,0,74,6,71.33,2.67
2025-11-13,S03,SKU012,Household,North,75.81,0,0,57,9,54.41,2.59
2025-11-14,S03,SKU012,Household,North,77.58,0,0,54,7,55.48,1.48
2025-11-15,S03,SKU012,Household,North,76.23,0,0,61,6,60.11,0.89
2025-11-16,S03,SKU012,Household,North,70.79,1,0,79,8,78.33,0.67
2025-11-17,S03,SKU012,Household,North,75.29,0,0,51,5,57.56,6.56
2025-11-18,S03,SKU012,Household,North,75.72,0,0,58,3,58.25,0.25
2025-11-19,S03,SKU012,Household,North,70.44,1,0,67,6,72.79,5.79
2025-11-20,S03,SKU012,Household,North,77.07,0,0,58,5,56.76,1.24
2025-11-21,S03,SKU012,Household,North,70.66,1,0,69,2,71.11,2.11
2025-11-22,S03,SKU012,Household,North,75.2,0,0,63,4,61.39,1.61
2025-11-23,S03,SKU012,Household,North,71.39,1,0,76,9,78.51,2.51
2025-11-24,S03,SKU012,Household,North,74.07,0,0,57,9,55.93,1.07
2025-11-25,S03,SKU012,Household,North,76.58,0,0,63,4,59.59,3.41
2025-11-26,S03,SKU012,Household,North,76.64,0,0,55,4,60.26,5.26
2025-11-27,S03,SKU012,Household,North,69.36,1,0,64,6,73.24,9.24
2025-11-28,S03,SKU012,Household,North,76.08,0,0,58,8,58.67,0.67
2025-11-29,S03,SKU012,Household,North,77.59,0,0,52,9,63.57,11.57
2025-11-30,S03,SKU012,Household,North,76.67,0,0,57,3,62.48,5.48
2025-12-01,S03,SKU012,Household,North,76.09,0,0,56,5,58.47,2.47
2025-12-02,S03,SKU012,Household,North,75.86,0,0,61,6,57.83,3.17
2025-12-03,S03,SKU012,Household,North,76.24,0,0,55,3,58.95,3.95
2025-12-04,S03,SKU012,Household,North,77.0,0,0,64,9,57.68,6.32
2025-12-05,S03,SKU012,Household,North,76.73,0,0,51,9,57.75,6.75
2025-12-06,S03,SKU012,Household,North,78.65,0,0,65,5,65.25,0.25
2025-12-07,S03,SKU012,Household,North,75.47,0,0,65,6,65.21,0.21
2025-12-08,S03,SKU012,Household,North,77.52,0,0,60,3,60.85,0.85
2025-12-09,S03,SKU012,Household,North,74.74,0,0,61,8,60.45,0.55
2025-12-10,S03,SKU012,Household,North,77.58,0,0,61,3,61.02,0.02
2025-12-11,S03,SKU012,Household,North,78.68,0,0,52,3,60.64,8.64
2025-12-12,S03,SKU012,Household,North,76.69,0,0,50,2,60.77,10.77
2025-12-13,S03,SKU012,Household,North,75.65,0,0,57,6,64.29,7.29
2025-12-14,S03,SKU012,Household,North,76.45,0,0,54,7,64.5,10.5
2025-12-15,S03,SKU012,Household,North,78.79,0,0,59,8,59.98,0.98
2025-12-16,S03,SKU012,Household,North,77.2,0,0,60,3,60.57,0.57
2025-12-17,S03,SKU012,Household,North,76.89,0,0,56,6,60.06,4.06
2025-12-18,S03,SKU012,Household,North,76.72,0,0,53,9,59.76,6.76
2025-12-19,S03,SKU012,Household,North,67.55,1,0,83,8,75.68,7.32
2025-12-20,S03,SKU012,Household,North,76.29,0,0,63,6,63.57,0.57
2025-12-21,S03,SKU012,Household,North,70.22,1,0,77,4,82.56,5.56
2025-12-22,S03,SKU012,Household,North,77.46,0,0,65,9,59.04,5.96
2025-12-23,S03,SKU012,Household,North,76.89,0,0,53,9,60.49,7.49
2025-12-24,S03,SKU012,Household,North,75.54,0,0,72,7,60.17,11.83
2025-12-25,S03,SKU012,Household,North,78.01,0,1,73,7,68.63,4.37
2025-12-26,S03,SKU012,Household,North,78.98,0,0,57,6,60.17,3.17
2025-12-27,S03,SKU012,Household,North,77.12,0,0,65,6,64.0,1.0
2025-12-28,S03,SKU012,Household,North,68.46,1,0,77,5,83.79,6.79
2025-12-29,S03,SKU012,Household,North,75.52,0,0,63,6,58.49,4.51
2025-12-30,S03,SKU012,Household,North,76.51,0,0,57,6,60.51,3.51
2025-12-31,S03,SKU012,Household,North,77.58,0,0,66,2,59.64,6.36
2025-08-13,S03,SKU013,Beverages,North,70.27,0,0,42,2,34.79,7.21
2025-08-14,S03,SKU013,Beverages,North,66.35,1,0,50,2,44.49,5.51
2025-08-15,S03,SKU013,Beverages,North,69.66,0,1,37,8,39.54,2.54
2025-08-16,S03,SKU013,Beverages,North,69.07,0,0,31,2,36.61,5.61
2025-08-17,S03,SKU013,Beverages,North,69.46,0,0,41,7,37.19,3.81
2025-08-18,S03,SKU013,Beverages,North,69.49,0,0,31,6,34.48,3.48
2025-08-19,S03,SKU013,Beverages,North,69.67,0,0,36,9,33.87,2.13
2025-08-20,S03,SKU013,Beverages,North,63.59,1,0,43,7,45.62,2.62
2025-08-21,S03,SKU013,Beverages,North,69.72,0,0,38,6,34.58,3.42
2025-08-22,S03,SKU013,Beverages,North,69.61,0,0,30,2,34.49,4.49
2025-08-23,S03,SKU013,Beverages,North,68.63,0,0,34,2,37.33,3.33
2025-08-24,S03,SKU013,Beverages,North,65.08,1,0,53,6,48.42,4.58
2025-08-25,S03,SKU013,Beverages,North,67.99,0,0,38,7,33.58,4.42
2025-08-26,S03,SKU013,Beverages,North,70.02,0,0,29,9,34.75,5.75
2025-08-27,S03,SKU013,Beverages,North,68.42,0,0,33,3,34.07,1.07
2025-08-28,S03,SKU013,Beverages,North,71.35,0,0,36,9,35.07,0.93
2025-08-29,S03,SKU013,Beverages,North,63.45,1,0,42,4,44.74,2.74
2025-08-30,S03,SKU013,Beverages,North,68.94,0,0,37,5,36.44,0.56
2025-08-31,S03,SKU013,Beverages,North,69.16,0,0,34,3,37.68,3.68
2025-09-01,S03,SKU013,Beverages,North,68.77,0,0,33,9,35.16,2.16
2025-09-02,S03,SKU013,Beverages,North,70.21,0,0,38,2,34.18,3.82
2025-09-03,S03,SKU013,Beverages,North,63.68,1,0,52,9,44.54,7.46
2025-09-04,S03,SKU013,Beverages,North,71.02,0,0,30,4,35.52,5.52
2025-09-05,S03,SKU013,Beverages,North,68.54,0,0,22,4,34.32,12.32
2025-09-06,S03,SKU013,Beverages,North,70.48,0,0,32,3,36.74,4.74
2025-09-07,S03,SKU013,Beverages,North,71.22,0,0,44,4,36.83,7.17
2025-09-08,S03,SKU013,Beverages,North,70.09,0,0,35,6,34.63,0.37
2025-09-09,S03,SKU013,Beverages,North,71.37,0,0,34,9,34.69,0.69
2025-09-10,S03,SKU013,Beverages,North,68.11,0,0,37,6,34.22,2.78
2025-09-11,S03,SKU013,Beverages,North,68.62,0,0,30,3,33.65,3.65
2025-09-12,S03,SKU013,Beverages,North,68.9,0,0,37,3,32.63,4.37
2025-09-13,S03,SKU013,Beverages,North,67.68,0,0,31,2,35.68,4.68
2025-09-14,S03,SKU013,Beverages,North,70.46,0,0,37,7,36.22,0.78
2025-09-15,S03,SKU013,Beverages,North,69.29,0,0,31,3,32.22,1.22
2025-09-16,S03,SKU013,Beverages,North,69.55,0,0,31,3,32.37,1.37
2025-09-17,S03,SKU013,Beverages,North,68.51,0,0,38,3,32.2,5.8
2025-09-18,S03,SKU013,Beverages,North,68.93,0,0,37,7,32.16,4.84
2025-09-19,S03,SKU013,Beverages,North,63.55,1,0,41,3,42.5,1.5
2025-09-20,S03,SKU013,Beverages,North,69.46,0,0,31,3,35.06,4.06
2025-09-21,S03,SKU013,Beverages,North,64.0,1,0,42,2,45.24,3.24
2025-09-22,S03,SKU013,Beverages,North,69.34,0,0,38,5,33.47,4.53
2025-09-23,S03,SKU013,Beverages,North,70.51,0,0,32,7,33.23,1.23
2025-09-24,S03,SKU013,Beverages,North,70.02,0,0,25,3,33.56,8.56
2025-09-25,S03,SKU013,Beverages,North,67.53,0,0,29,5,32.49,3.49
2025-09-26,S03,SKU013,Beverages,North,69.27,0,0,37,6,32.52,4.48
2025-09-27,S03,SKU013,Beverages,North,70.29,0,0,39,6,34.9,4.1
2025-09-28,S03,SKU013,Beverages,North,67.93,0,0,34,6,34.69,0.69
2025-09-29,S03,SKU013,Beverages,North,65.11,1,0,48,8,41.7,6.3
2025-09-30,S03,SKU013,Beverages,North,70.05,0,0,32,3,32.98,0.98
2025-10-01,S03,SKU013,Beverages,North,68.78,0,0,35,4,33.31,1.69
2025-10-02,S03,SKU013,Beverages,North,69.31,0,1,43,7,38.96,4.04
2025-10-03,S03,SKU013,Beverages,North,70.15,0,0,37,9,32.48,4.52
2025-10-04,S03,SKU013,Beverages,North,68.85,0,0,30,2,36.03,6.03
2025-10-05,S03,SKU013,Beverages,North,69.18,0,0,48,5,36.82,11.18
2025-10-06,S03,SKU013,Beverages,North,70.37,0,0,43,9,33.8,9.2
2025-10-07,S03,SKU013,Beverages,North,69.57,0,0,32,8,33.65,1.65
2025-10-08,S03,SKU013,Beverages,North,67.93,0,0,28,6,33.22,5.22
2025-10-09,S03,SKU013,Beverages,North,70.0,0,0,36,7,33.78,2.22
2025-10-10,S03,SKU013,Beverages,North,69.76,0,0,30,5,33.9,3.9
2025-10-11,S03,SKU013,Beverages,North,68.23,0,0,39,8,35.61,3.39
2025-10-12,S03,SKU013,Beverages,North,67.38,0,0,38,2,35.7,2.3
2025-10-13,S03,SKU013,Beverages,North,69.44,0,0,33,4,33.59,0.59
2025-10-14,S03,SKU013,Beverages,North,70.56,0,0,36,2,33.33,2.67
2025-10-15,S03,SKU013,Beverages,North,69.83,0,0,17,8,34.01,17.01
2025-10-16,S03,SKU013,Beverages,North,69.53,0,0,39,2,33.2,5.8
2025-10-17,S03,SKU013,Beverages,North,69.16,0,0,40,8,33.3,6.7
2025-10-18,S03,SKU013,Beverages,North,68.29,0,0,37,5,35.35,1.65
2025-10-19,S03,SKU013,Beverages,North,68.33,0,0,31,6,35.99,4.99
2025-10-20,S03,SKU013,Beverages,North,69.08,0,0,36,5,33.5,2.5
2025-10-21,S03,SKU013,Beverages,North,68.53,0,0,30,5,32.92,2.92
2025-10-22,S03,SKU013,Beverages,North,69.11,0,0,25,9,32.24,7.24
2025-10-23,S03,SKU013,Beverages,North,67.88,0,0,33,3,33.11,0.11
2025-10-24,S03,SKU013,Beverages,North,69.0,0,0,34,9,33.23,0.77
2025-10-25,S03,SKU013,Beverages,North,69.68,0,0,37,8,36.11,0.89
2025-10-26,S03,SKU013,Beverages,North,69.29,0,0,34,8,35.69,1.69
2025-10-27,S03,SKU013,Beverages,North,69.94,0,0,36,3,33.57,2.43
2025-10-28,S03,SKU013,Beverages,North,68.01,0,0,27,3,33.53,6.53
2025-10-29,S03,SKU013,Beverages,North,70.2,0,0,35,3,33.85,1.15
2025-10-30,S03,SKU013,Beverages,North,71.05,0,0,41,3,33.63,7.37
2025-10-31,S03,SKU013,Beverages,North,70.58,0,0,33,2,33.95,0.95
2025-11-01,S03,SKU013,Beverages,North,63.8,1,0,52,3,45.34,6.66
2025-11-02,S03,SKU013,Beverages,North,67.54,0,0,33,2,36.6,3.6
2025-11-03,S03,SKU013,Beverages,North,69.51,0,0,31,9,34.59,3.59
2025-11-04,S03,SKU013,Beverages,North,69.81,0,0,33,8,34.08,1.08
2025-11-05,S03,SKU013,Beverages,North,69.69,0,0,27,8,33.39,6.39
2025-11-06,S03,SKU013,Beverages,North,69.81,0,0,35,9,33.99,1.01
2025-11-07,S03,SKU013,Beverages,North,69.52,0,0,36,8,33.58,2.42
2025-11-08,S03,SKU013,Beverages,North,69.88,0,0,33,5,36.17,3.17
2025-11-09,S03,SKU013,Beverages,North,70.69,0,0,38,9,35.86,2.14
2025-11-10,S03,SKU013,Beverages,North,64.98,1,0,41,9,42.91,1.91
2025-11-11,S03,SKU013,Beverages,North,70.08,0,0,39,5,34.64,4.36
2025-11-12,S03,SKU013,Beverages,North,70.27,0,0,35,9,32.78,2.22
2025-11-13,S03,SKU013,Beverages,North,63.34,1,0,44,5,45.27,1.27
2025-11-14,S03,SKU013,Beverages,North,69.34,0,0,28,4,34.97,6.97
2025-11-15,S03,SKU013,Beverages,North,67.26,0,0,34,8,37.97,3.97
2025-11-16,S03,SKU013,Beverages,North,70.53,0,0,39,5,37.15,1.85
2025-11-17,S03,SKU013,Beverages,North,69.06,0,0,34,3,34.42,0.42
2025-11-18,S03,SKU013,Beverages,North,69.0,0,0,35,4,34.28,0.72
2025-11-19,S03,SKU013,Beverages,North,68.16,0,0,36,6,34.89,1.11
2025-11-20,S03,SKU013,Beverages,North,69.34,0,0,37,6,35.32,1.68
2025-11-21,S03,SKU013,Beverages,North,67.43,0,0,40,9,34.99,5.01
2025-11-22,S03,SKU013,Beverages,North,69.31,0,0,38,3,37.53,0.47
2025-11-23,S03,SKU013,Beverages,North,68.57,0,0,38,5,37.97,0.03
2025-11-24,S03,SKU013,Beverages,North,68.05,0,0,39,7,35.44,3.56
2025-11-25,S03,SKU013,Beverages,North,69.52,0,0,39,6,35.24,3.76
2025-11-26,S03,SKU013,Beverages,North,68.78,0,0,28,6,35.83,7.83
2025-11-27,S03,SKU013,Beverages,North,68.56,0,0,37,3,36.61,0.39
2025-11-28,S03,SKU013,Beverages,North,64.16,1,0,48,8,46.97,1.03
2025-11-29,S03,SKU013,Beverages,North,70.84,0,0,31,7,39.39,8.39
2025-11-30,S03,SKU013,Beverages,North,69.82,0,0,38,7,38.36,0.36
2025-12-01,S03,SKU013,Beverages,North,70.0,0,0,41,5,35.38,5.62
2025-12-02,S03,SKU013,Beverages,North,64.4,1,0,47,2,47.06,0.06
2025-12-03,S03,SKU013,Beverages,North,65.05,1,0,57,4,46.67,10.33
2025-12-04,S03,SKU013,Beverages,North,68.59,0,0,42,2,37.1,4.9
2025-12-05,S03,SKU013,Beverages,North,68.63,0,0,34,8,37.63,3.63
2025-12-06,S03,SKU013,Beverages,North,68.32,0,0,40,4,41.08,1.08
2025-12-07,S03,SKU013,Beverages,North,69.08,0,0,37,4,41.68,4.68
2025-12-08,S03,SKU013,Beverages,North,68.65,0,0,32,6,38.58,6.58
2025-12-09,S03,SKU013,Beverages,North,69.47,0,0,31,6,38.49,7.49
2025-12-10,S03,SKU013,Beverages,North,70.9,0,0,41,2,36.12,4.88
2025-12-11,S03,SKU013,Beverages,North,69.24,0,0,45,5,37.11,7.89
2025-12-12,S03,SKU013,Beverages,North,70.59,0,0,42,3,37.23,4.77
2025-12-13,S03,SKU013,Beverages,North,69.15,0,0,42,7,39.44,2.56
2025-12-14,S03,SKU013,Beverages,North,68.66,0,0,44,3,40.92,3.08
2025-12-15,S03,SKU013,Beverages,North,71.68,0,0,37,6,38.25,1.25
2025-12-16,S03,SKU013,Beverages,North,64.69,1,0,50,7,50.29,0.29
2025-12-17,S03,SKU013,Beverages,North,71.6,0,0,43,3,39.88,3.12
2025-12-18,S03,SKU013,Beverages,North,69.76,0,0,40,5,39.79,0.21
2025-12-19,S03,SKU013,Beverages,North,69.28,0,0,47,2,40.08,6.92
2025-12-20,S03,SKU013,Beverages,North,67.31,0,0,33,4,42.92,9.92
2025-12-21,S03,SKU013,Beverages,North,68.57,0,0,40,8,43.41,3.41
2025-12-22,S03,SKU013,Beverages,North,63.46,1,0,59,2,50.86,8.14
2025-12-23,S03,SKU013,Beverages,North,69.97,0,0,38,9,40.03,2.03
2025-12-24,S03,SKU013,Beverages,North,68.65,0,0,39,9,39.86,0.86
2025-12-25,S03,SKU013,Beverages,North,68.8,0,1,49,4,47.83,1.17
2025-12-26,S03,SKU013,Beverages,North,63.02,1,0,40,8,54.12,14.12
2025-12-27,S03,SKU013,Beverages,North,68.71,0,0,52,9,43.08,8.92
2025-12-28,S03,SKU013,Beverages,North,69.3,0,0,37,3,44.89,7.89
2025-12-29,S03,SKU013,Beverages,North,68.97,0,0,39,2,41.74,2.74
2025-12-30,S03,SKU013,Beverages,North,69.75,0,0,39,7,41.67,2.67
2025-12-31,S03,SKU013,Beverages,North,70.12,0,0,49,4,41.17,7.83
2025-08-13,S03,SKU014,Snacks,North,370.56,0,0,69,7,62.43,6.57
2025-08-14,S03,SKU014,Snacks,North,365.35,0,0,59,6,62.43,3.43
2025-08-15,S03,SKU014,Snacks,North,378.33,0,1,73,8,67.88,5.12
2025-08-16,S03,SKU014,Snacks,North,381.72,0,0,67,9,67.78,0.78
2025-08-17,S03,SKU014,Snacks,North,337.69,1,0,91,9,86.59,4.41
2025-08-18,S03,SKU014,Snacks,North,361.04,0,0,59,4,62.41,3.41
2025-08-19,S03,SKU014,Snacks,North,372.35,0,0,53,3,62.74,9.74
2025-08-20,S03,SKU014,Snacks,North,384.86,0,0,58,2,61.44,3.44
2025-08-21,S03,SKU014,Snacks,North,364.22,0,0,50,8,62.15,12.15
2025-08-22,S03,SKU014,Snacks,North,373.22,0,0,48,9,61.94,13.94
2025-08-23,S03,SKU014,Snacks,North,383.84,0,0,66,8,65.3,0.7
2025-08-24,S03,SKU014,Snacks,North,369.22,0,0,68,2,63.28,4.72
2025-08-25,S03,SKU014,Snacks,North,374.41,0,0,57,5,59.53,2.53
2025-08-26,S03,SKU014,Snacks,North,378.59,0,0,59,4,58.98,0.02
2025-08-27,S03,SKU014,Snacks,North,371.3,0,0,54,6,59.1,5.1
2025-08-28,S03,SKU014,Snacks,North,360.2,0,0,67,5,58.01,8.99
2025-08-29,S03,SKU014,Snacks,North,377.37,0,0,62,4,57.41,4.59
2025-08-30,S03,SKU014,Snacks,North,350.21,0,0,63,3,63.26,0.26
2025-08-31,S03,SKU014,Snacks,North,370.48,0,0,74,6,62.28,11.72
2025-09-01,S03,SKU014,Snacks,North,370.1,0,0,55,7,57.35,2.35
2025-09-02,S03,SKU014,Snacks,North,369.55,0,0,63,3,57.47,5.53
2025-09-03,S03,SKU014,Snacks,North,368.03,0,0,59,3,57.82,1.18
2025-09-04,S03,SKU014,Snacks,North,370.45,0,0,63,4,58.22,4.78
2025-09-05,S03,SKU014,Snacks,North,370.0,0,0,62,9,57.92,4.08
2025-09-06,S03,SKU014,Snacks,North,347.27,1,0,82,5,83.39,1.39
2025-09-07,S03,SKU014,Snacks,North,366.98,0,0,60,9,62.22,2.22
2025-09-08,S03,SKU014,Snacks,North,379.58,0,0,61,4,57.89,3.11
2025-09-09,S03,SKU014,Snacks,North,363.77,0,0,58,7,58.03,0.03
2025-09-10,S03,SKU014,Snacks,North,340.65,1,0,76,4,76.22,0.22
2025-09-11,S03,SKU014,Snacks,North,362.47,0,0,60,5,58.13,1.87
2025-09-12,S03,SKU014,Snacks,North,373.9,0,0,66,9,58.46,7.54
2025-09-13,S03,SKU014,Snacks,North,369.01,0,0,66,4,62.54,3.46
2025-09-14,S03,SKU014,Snacks,North,373.09,0,0,65,9,61.59,3.41
2025-09-15,S03,SKU014,Snacks,North,343.26,1,0,79,4,74.09,4.91
2025-09-16,S03,SKU014,Snacks,North,372.79,0,0,60,2,57.64,2.36
2025-09-17,S03,SKU014,Snacks,North,344.32,1,0,87,5,77.03,9.97
2025-09-18,S03,SKU014,Snacks,North,336.42,1,0,79,6,76.34,2.66
2025-09-19,S03,SKU014,Snacks,North,340.33,1,0,77,4,78.16,1.16
2025-09-20,S03,SKU014,Snacks,North,372.47,0,0,68,7,67.01,0.99
2025-09-21,S03,SKU014,Snacks,North,369.88,0,0,75,2,66.09,8.91
2025-09-22,S03,SKU014,Snacks,North,364.83,0,0,60,2,60.98,0.98
2025-09-23,S03,SKU014,Snacks,North,368.7,0,0,59,6,60.41,1.41
2025-09-24,S03,SKU014,Snacks,North,341.4,1,0,73,2,78.39,5.39
2025-09-25,S03,SKU014,Snacks,North,375.68,0,0,46,2,61.76,15.76
2025-09-26,S03,SKU014,Snacks,North,370.55,0,0,57,5,60.39,3.39
2025-09-27,S03,SKU014,Snacks,North,364.73,0,0,60,7,66.22,6.22
2025-09-28,S03,SKU014,Snacks,North,379.74,0,0,62,9,65.54,3.54
2025-09-29,S03,SKU014,Snacks,North,370.76,0,0,54,3,58.92,4.92
2025-09-30,S03,SKU014,Snacks,North,330.74,1,0,81,9,78.4,2.6
2025-10-01,S03,SKU014,Snacks,North,370.21,0,0,57,6,60.4,3.4
2025-10-02,S03,SKU014,Snacks,North,379.16,0,1,73,8,68.08,4.92
2025-10-03,S03,SKU014,Snacks,North,352.3,1,0,75,2,79.92,4.92
2025-10-04,S03,SKU014,Snacks,North,345.93,1,0,88,8,87.55,0.45
2025-10-05,S03,SKU014,Snacks,North,375.94,0,0,65,7,67.74,2.74
2025-10-06,S03,SKU014,Snacks,North,339.39,1,0,79,4,80.74,1.74
2025-10-07,S03,SKU014,Snacks,North,369.1,0,0,51,2,62.09,11.09
2025-10-08,S03,SKU014,Snacks,North,369.44,0,0,61,6,63.77,2.77
2025-10-09,S03,SKU014,Snacks,North,365.21,0,0,59,3,61.48,2.48
2025-10-10,S03,SKU014,Snacks,North,373.5,0,0,55,7,62.08,7.08
2025-10-11,S03,SKU014,Snacks,North,363.59,0,0,59,3,66.58,7.58
2025-10-12,S03,SKU014,Snacks,North,368.53,0,0,65,5,66.57,1.57
2025-10-13,S03,SKU014,Snacks,North,338.89,1,0,79,2,78.44,0.56
2025-10-14,S03,SKU014,Snacks,North,369.38,0,0,72,8,60.0,12.0
2025-10-15,S03,SKU014,Snacks,North,339.03,1,0,73,6,81.79,8.79
2025-10-16,S03,SKU014,Snacks,North,378.85,0,0,56,5,62.95,6.95
2025-10-17,S03,SKU014,Snacks,North,376.78,0,0,68,7,62.79,5.21
2025-10-18,S03,SKU014,Snacks,North,382.74,0,0,57,4,66.2,9.2
2025-10-19,S03,SKU014,Snacks,North,373.22,0,0,61,2,66.02,5.02
2025-10-20,S03,SKU014,Snacks,North,379.3,0,0,66,9,59.59,6.41
2025-10-21,S03,SKU014,Snacks,North,370.54,0,0,55,7,60.92,5.92
2025-10-22,S03,SKU014,Snacks,North,370.89,0,0,60,5,60.36,0.36
2025-10-23,S03,SKU014,Snacks,North,339.1,1,0,78,8,77.86,0.14
2025-10-24,S03,SKU014,Snacks,North,365.07,0,0,62,2,60.13,1.87
2025-10-25,S03,SKU014,Snacks,North,375.19,0,0,60,6,65.45,5.45
2025-10-26,S03,SKU014,Snacks,North,369.13,0,0,78,3,66.81,11.19
2025-10-27,S03,SKU014,Snacks,North,370.56,0,0,55,5,62.01,7.01
2025-10-28,S03,SKU014,Snacks,North,335.37,1,0,87,2,79.07,7.93
2025-10-29,S03,SKU014,Snacks,North,371.39,0,0,61,2,62.38,1.38
2025-10-30,S03,SKU014,Snacks,North,378.6,0,0,48,5,60.97,12.97
2025-10-31,S03,SKU014,Snacks,North,371.78,0,0,58,8,63.44,5.44
2025-11-01,S03,SKU014,Snacks,North,380.15,0,0,66,9,65.5,0.5
2025-11-02,S03,SKU014,Snacks,North,364.62,0,0,74,6,66.55,7.45
2025-11-03,S03,SKU014,Snacks,North,372.87,0,0,67,4,61.51,5.49
2025-11-04,S03,SKU014,Snacks,North,375.18,0,0,60,3,60.5,0.5
2025-11-05,S03,SKU014,Snacks,North,365.88,0,0,54,4,61.0,7.0
2025-11-06,S03,SKU014,Snacks,North,377.71,0,0,61,7,60.75,0.25
2025-11-07,S03,SKU014,Snacks,North,375.0,0,0,67,3,61.63,5.37
2025-11-08,S03,SKU014,Snacks,North,365.57,0,0,66,4,65.67,0.33
2025-11-09,S03,SKU014,Snacks,North,379.16,0,0,68,7,66.52,1.48
2025-11-10,S03,SKU014,Snacks,North,380.23,0,0,55,9,63.61,8.61
2025-11-11,S03,SKU014,Snacks,North,366.17,0,0,65,7,62.22,2.78
2025-11-12,S03,SKU014,Snacks,North,370.14,0,0,60,2,63.14,3.14
2025-11-13,S03,SKU014,Snacks,North,344.22,1,0,83,6,78.3,4.7
2025-11-14,S03,SKU014,Snacks,North,374.6,0,0,65,9,62.81,2.19
2025-11-15,S03,SKU014,Snacks,North,375.49,0,0,73,7,67.74,5.26
2025-11-16,S03,SKU014,Snacks,North,366.46,0,0,69,4,69.04,0.04
2025-11-17,S03,SKU014,Snacks,North,378.59,0,0,74,3,63.49,10.51
2025-11-18,S03,SKU014,Snacks,North,361.49,0,0,61,2,64.24,3.24
2025-11-19,S03,SKU014,Snacks,North,368.09,0,0,73,3,63.37,9.63
2025-11-20,S03,SKU014,Snacks,North,379.43,0,0,69,3,64.99,4.01
2025-11-21,S03,SKU014,Snacks,North,368.92,0,0,68,7,65.1,2.9
2025-11-22,S03,SKU014,Snacks,North,372.13,0,0,72,9,69.83,2.17
2025-11-23,S03,SKU014,Snacks,North,369.19,0,0,79,8,70.89,8.11
2025-11-24,S03,SKU014,Snacks,North,372.91,0,0,73,3,63.91,9.09
2025-11-25,S03,SKU014,Snacks,North,373.2,0,0,66,8,67.36,1.36
2025-11-26,S03,SKU014,Snacks,North,369.31,0,0,65,6,65.16,0.16
2025-11-27,S03,SKU014,Snacks,North,378.47,0,0,66,3,64.21,1.79
2025-11-28,S03,SKU014,Snacks,North,380.7,0,0,69,4,66.43,2.57
2025-11-29,S03,SKU014,Snacks,North,373.25,0,0,79,8,71.95,7.05
2025-11-30,S03,SKU014,Snacks,North,368.72,0,0,78,9,71.92,6.08
2025-12-01,S03,SKU014,Snacks,North,385.34,0,0,64,2,66.74,2.74
2025-12-02,S03,SKU014,Snacks,North,373.66,0,0,61,8,66.85,5.85
2025-12-03,S03,SKU014,Snacks,North,343.92,1,0,87,6,86.41,0.59
2025-12-04,S03,SKU014,Snacks,North,346.09,1,0,94,8,87.33,6.67
2025-12-05,S03,SKU014,Snacks,North,377.69,0,0,66,2,68.95,2.95
2025-12-06,S03,SKU014,Snacks,North,373.74,0,0,72,4,73.03,1.03
2025-12-07,S03,SKU014,Snacks,North,373.25,0,0,72,7,74.57,2.57
2025-12-08,S03,SKU014,Snacks,North,374.54,0,0,65,2,68.75,3.75
2025-12-09,S03,SKU014,Snacks,North,364.98,0,0,66,2,68.94,2.94
2025-12-10,S03,SKU014,Snacks,North,371.27,0,0,72,6,68.69,3.31
2025-12-11,S03,SKU014,Snacks,North,372.65,0,0,63,9,69.57,6.57
2025-12-12,S03,SKU014,Snacks,North,373.97,0,0,67,6,68.73,1.73
2025-12-13,S03,SKU014,Snacks,North,380.42,0,0,77,9,73.98,3.02
2025-12-14,S03,SKU014,Snacks,North,339.48,1,0,96,8,95.75,0.25
2025-12-15,S03,SKU014,Snacks,North,375.67,0,0,70,2,69.74,0.26
2025-12-16,S03,SKU014,Snacks,North,344.23,1,0,92,8,91.55,0.45
2025-12-17,S03,SKU014,Snacks,North,369.12,0,0,68,4,72.59,4.59
2025-12-18,S03,SKU014,Snacks,North,351.29,1,0,87,9,88.41,1.41
2025-12-19,S03,SKU014,Snacks,North,374.66,0,0,74,5,72.38,1.62
2025-12-20,S03,SKU014,Snacks,North,364.41,0,0,79,3,76.16,2.84
2025-12-21,S03,SKU014,Snacks,North,378.05,0,0,76,9,78.31,2.31
2025-12-22,S03,SKU014,Snacks,North,365.11,0,0,75,2,73.78,1.22
2025-12-23,S03,SKU014,Snacks,North,377.77,0,0,75,4,72.51,2.49
2025-12-24,S03,SKU014,Snacks,North,371.58,0,0,64,6,74.25,10.25
2025-12-25,S03,SKU014,Snacks,North,341.86,1,1,92,2,95.74,3.74
2025-12-26,S03,SKU014,Snacks,North,344.82,1,0,86,5,92.62,6.62
2025-12-27,S03,SKU014,Snacks,North,373.33,0,0,78,7,80.71,2.71
2025-12-28,S03,SKU014,Snacks,North,378.42,0,0,82,8,81.79,0.21
2025-12-29,S03,SKU014,Snacks,North,368.67,0,0,80,6,72.92,7.08
2025-12-30,S03,SKU014,Snacks,North,369.44,0,0,68,6,74.76,6.76
2025-12-31,S03,SKU014,Snacks,North,368.35,0,0,74,4,73.01,0.99
2025-08-13,S03,SKU015,Personal Care,North,290.32,0,0,11,5,23.25,12.25
2025-08-14,S03,SKU015,Personal Care,North,283.76,0,0,21,3,22.53,1.53
2025-08-15,S03,SKU015,Personal Care,North,290.97,0,1,27,4,27.21,0.21
2025-08-16,S03,SKU015,Personal Care,North,287.92,0,0,32,3,24.32,7.68
2025-08-17,S03,SKU015,Personal Care,North,288.96,0,0,20,4,24.55,4.55
2025-08-18,S03,SKU015,Personal Care,North,284.02,0,0,16,8,23.5,7.5
2025-08-19,S03,SKU015,Personal Care,North,283.46,0,0,25,9,22.54,2.46
2025-08-20,S03,SKU015,Personal Care,North,285.51,0,0,22,8,23.29,1.29
2025-08-21,S03,SKU015,Personal Care,North,267.83,1,0,31,3,29.74,1.26
2025-08-22,S03,SKU015,Personal Care,North,280.26,0,0,23,6,22.78,0.22
2025-08-23,S03,SKU015,Personal Care,North,259.28,1,0,35,7,32.06,2.94
2025-08-24,S03,SKU015,Personal Care,North,260.73,1,0,36,4,30.78,5.22
2025-08-25,S03,SKU015,Personal Care,North,288.76,0,0,29,5,23.18,5.82
2025-08-26,S03,SKU015,Personal Care,North,280.32,0,0,18,5,23.76,5.76
2025-08-27,S03,SKU015,Personal Care,North,296.39,0,0,18,7,22.92,4.92
2025-08-28,S03,SKU015,Personal Care,North,284.52,0,0,28,4,22.48,5.52
2025-08-29,S03,SKU015,Personal Care,North,286.55,0,0,21,5,22.98,1.98
2025-08-30,S03,SKU015,Personal Care,North,290.08,0,0,33,2,24.07,8.93
2025-08-31,S03,SKU015,Personal Care,North,285.22,0,0,21,2,24.42,3.42
2025-09-01,S03,SKU015,Personal Care,North,287.51,0,0,21,9,23.18,2.17
2025-09-02,S03,SKU015,Personal Care,North,288.55,0,0,29,9,23.1,5.9
2025-09-03,S03,SKU015,Personal Care,North,286.63,0,0,22,7,22.47,0.47
2025-09-04,S03,SKU015,Personal Care,North,286.31,0,0,14,3,22.77,8.77
2025-09-05,S03,SKU015,Personal Care,North,284.96,0,0,17,2,20.8,3.8
2025-09-06,S03,SKU015,Personal Care,North,289.99,0,0,21,5,22.9,1.9
2025-09-07,S03,SKU015,Personal Care,North,288.67,0,0,30,8,22.89,7.11
2025-09-08,S03,SKU015,Personal Care,North,281.26,0,0,24,5,22.12,1.88
2025-09-09,S03,SKU015,Personal Care,North,289.28,0,0,24,6,22.15,1.85
2025-09-10,S03,SKU015,Personal Care,North,289.98,0,0,13,7,21.65,8.65
2025-09-11,S03,SKU015,Personal Care,North,289.29,0,0,22,5,21.47,0.53
2025-09-12,S03,SKU015,Personal Care,North,284.13,0,0,22,2,22.05,0.05
2025-09-13,S03,SKU015,Personal Care,North,286.18,0,0,27,5,23.08,3.92
2025-09-14,S03,SKU015,Personal Care,North,284.56,0,0,29,5,23.76,5.24
2025-09-15,S03,SKU015,Personal Care,North,292.5,0,0,19,4,22.12,3.12
2025-09-16,S03,SKU015,Personal Care,North,267.11,1,0,39,3,28.63,10.37
2025-09-17,S03,SKU015,Personal Care,North,291.76,0,0,17,8,22.11,5.11
2025-09-18,S03,SKU015,Personal Care,North,287.43,0,0,24,3,23.01,0.99
2025-09-19,S03,SKU015,Personal Care,North,283.8,0,0,24,9,22.84,1.16
2025-09-20,S03,SKU015,Personal Care,North,285.41,0,0,21,8,24.52,3.52
2025-09-21,S03,SKU015,Personal Care,North,290.98,0,0,22,8,23.52,1.52
2025-09-22,S03,SKU015,Personal Care,North,289.54,0,0,25,7,21.54,3.46
2025-09-23,S03,SKU015,Personal Care,North,295.88,0,0,23,8,20.83,2.17
2025-09-24,S03,SKU015,Personal Care,North,268.37,1,0,28,8,26.41,1.59
2025-09-25,S03,SKU015,Personal Care,North,292.04,0,0,13,4,21.9,8.9
2025-09-26,S03,SKU015,Personal Care,North,284.79,0,0,21,8,20.82,0.18
2025-09-27,S03,SKU015,Personal Care,North,290.98,0,0,29,5,22.26,6.74
2025-09-28,S03,SKU015,Personal Care,North,283.16,0,0,15,7,23.1,8.1
2025-09-29,S03,SKU015,Personal Care,North,287.63,0,0,21,7,20.45,0.55
2025-09-30,S03,SKU015,Personal Care,North,282.18,0,0,20,5,20.73,0.73
2025-10-01,S03,SKU015,Personal Care,North,290.89,0,0,17,6,20.7,3.7
2025-10-02,S03,SKU015,Personal Care,North,286.64,0,1,26,8,22.38,3.62
2025-10-03,S03,SKU015,Personal Care,North,267.16,1,0,24,9,26.65,2.65
2025-10-04,S03,SKU015,Personal Care,North,286.26,0,0,28,3,22.41,5.59
2025-10-05,S03,SKU015,Personal Care,North,285.42,0,0,29,4,22.33,6.67
2025-10-06,S03,SKU015,Personal Care,North,289.46,0,0,16,9,21.36,5.36
2025-10-07,S03,SKU015,Personal Care,North,289.15,0,0,20,2,21.16,1.16
2025-10-08,S03,SKU015,Personal Care,North,281.13,0,0,14,3,21.46,7.46
2025-10-09,S03,SKU015,Personal Care,North,287.4,0,0,24,4,20.24,3.76
2025-10-10,S03,SKU015,Personal Care,North,287.6,0,0,19,9,21.07,2.07
2025-10-11,S03,SKU015,Personal Care,North,285.12,0,0,23,2,22.33,0.67
2025-10-12,S03,SKU015,Personal Care,North,289.88,0,0,27,4,21.79,5.21
2025-10-13,S03,SKU015,Personal Care,North,287.24,0,0,16,8,20.36,4.36
2025-10-14,S03,SKU015,Personal Care,North,262.93,1,0,27,7,27.42,0.42
2025-10-15,S03,SKU015,Personal Care,North,281.92,0,0,14,2,20.69,6.69
2025-10-16,S03,SKU015,Personal Care,North,285.65,0,0,30,7,20.35,9.65
2025-10-17,S03,SKU015,Personal Care,North,285.01,0,0,16,2,20.52,4.52
2025-10-18,S03,SKU015,Personal Care,North,294.77,0,0,23,9,22.57,0.43
2025-10-19,S03,SKU015,Personal Care,North,285.73,0,0,33,2,22.01,10.99
2025-10-20,S03,SKU015,Personal Care,North,292.34,0,0,25,6,21.36,3.64
2025-10-21,S03,SKU015,Personal Care,North,269.52,1,0,27,6,28.02,1.02
2025-10-22,S03,SKU015,Personal Care,North,286.42,0,0,20,2,20.91,0.91
2025-10-23,S03,SKU015,Personal Care,North,280.3,0,0,18,6,21.33,3.33
2025-10-24,S03,SKU015,Personal Care,North,267.66,1,0,26,5,27.52,1.52
2025-10-25,S03,SKU015,Personal Care,North,279.0,0,0,25,9,23.64,1.36
2025-10-26,S03,SKU015,Personal Care,North,286.32,0,0,25,6,22.8,2.2
2025-10-27,S03,SKU015,Personal Care,North,282.28,0,0,17,5,22.14,5.14
2025-10-28,S03,SKU015,Personal Care,North,284.86,0,0,29,3,21.85,7.15
2025-10-29,S03,SKU015,Personal Care,North,286.75,0,0,21,8,22.15,1.15
2025-10-30,S03,SKU015,Personal Care,North,278.97,0,0,29,6,22.36,6.64
2025-10-31,S03,SKU015,Personal Care,North,289.31,0,0,24,6,22.46,1.54
2025-11-01,S03,SKU015,Personal Care,North,288.85,0,0,24,2,23.24,0.76
2025-11-02,S03,SKU015,Personal Care,North,283.09,0,0,28,9,24.28,3.72
2025-11-03,S03,SKU015,Personal Care,North,283.49,0,0,15,5,22.48,7.48
2025-11-04,S03,SKU015,Personal Care,North,284.27,0,0,27,3,22.21,4.79
2025-11-05,S03,SKU015,Personal Care,North,294.78,0,0,29,9,22.91,6.09
2025-11-06,S03,SKU015,Personal Care,North,265.49,1,0,26,5,30.08,4.08
2025-11-07,S03,SKU015,Personal Care,North,287.26,0,0,20,7,23.05,3.05
2025-11-08,S03,SKU015,Personal Care,North,295.67,0,0,30,9,24.52,5.48
2025-11-09,S03,SKU015,Personal Care,North,287.97,0,0,16,5,25.15,9.15
2025-11-10,S03,SKU015,Personal Care,North,297.2,0,0,24,9,22.91,1.09
2025-11-11,S03,SKU015,Personal Care,North,287.37,0,0,25,9,23.31,1.69
2025-11-12,S03,SKU015,Personal Care,North,279.19,0,0,25,7,23.32,1.68
2025-11-13,S03,SKU015,Personal Care,North,284.08,0,0,13,4,23.91,10.91
2025-11-14,S03,SKU015,Personal Care,North,281.69,0,0,18,5,23.31,5.31
2025-11-15,S03,SKU015,Personal Care,North,287.68,0,0,28,5,23.89,4.11
2025-11-16,S03,SKU015,Personal Care,North,282.42,0,0,23,5,23.9,0.9
2025-11-17,S03,SKU015,Personal Care,North,283.52,0,0,23,7,23.21,0.21
2025-11-18,S03,SKU015,Personal Care,North,281.96,0,0,23,5,22.83,0.17
2025-11-19,S03,SKU015,Personal Care,North,288.6,0,0,25,6,22.88,2.12
2025-11-20,S03,SKU015,Personal Care,North,280.3,0,0,26,3,23.01,2.99
2025-11-21,S03,SKU015,Personal Care,North,289.75,0,0,20,8,23.28,3.28
2025-11-22,S03,SKU015,Personal Care,North,284.89,0,0,20,3,24.49,4.49
2025-11-23,S03,SKU015,Personal Care,North,283.64,0,0,24,3,23.76,0.24
2025-11-24,S03,SKU015,Personal Care,North,259.87,1,0,29,8,29.39,0.39
2025-11-25,S03,SKU015,Personal Care,North,281.19,0,0,25,9,23.98,1.02
2025-11-26,S03,SKU015,Personal Care,North,287.9,0,0,25,3,23.16,1.84
2025-11-27,S03,SKU015,Personal Care,North,287.61,0,0,19,4,23.05,4.05
2025-11-28,S03,SKU015,Personal Care,North,284.52,0,0,27,2,22.79,4.21
2025-11-29,S03,SKU015,Personal Care,North,289.6,0,0,23,9,25.26,2.26
2025-11-30,S03,SKU015,Personal Care,North,292.18,0,0,25,3,24.94,0.06
2025-12-01,S03,SKU015,Personal Care,North,259.65,1,0,35,5,31.06,3.94
2025-12-02,S03,SKU015,Personal Care,North,286.36,0,0,22,2,24.43,2.43
2025-12-03,S03,SKU015,Personal Care,North,256.67,1,0,35,4,31.02,3.98
2025-12-04,S03,SKU015,Personal Care,North,287.07,0,0,28,6,24.52,3.48
2025-12-05,S03,SKU015,Personal Care,North,281.56,0,0,26,9,24.52,1.48
2025-12-06,S03,SKU015,Personal Care,North,291.67,0,0,36,9,25.83,10.17
2025-12-07,S03,SKU015,Personal Care,North,282.57,0,0,32,6,25.72,6.28
2025-12-08,S03,SKU015,Personal Care,North,282.2,0,0,36,9,25.9,10.1
2025-12-09,S03,SKU015,Personal Care,North,291.11,0,0,23,7,26.17,3.17
2025-12-10,S03,SKU015,Personal Care,North,288.19,0,0,33,4,25.74,7.26
2025-12-11,S03,SKU015,Personal Care,North,287.81,0,0,20,4,24.87,4.87
2025-12-12,S03,SKU015,Personal Care,North,275.9,0,0,27,5,25.62,1.38
2025-12-13,S03,SKU015,Personal Care,North,293.22,0,0,30,4,27.86,2.14
2025-12-14,S03,SKU015,Personal Care,North,289.9,0,0,32,8,28.36,3.64
2025-12-15,S03,SKU015,Personal Care,North,279.07,0,0,31,5,26.22,4.78
2025-12-16,S03,SKU015,Personal Care,North,286.15,0,0,26,8,26.17,0.17
2025-12-17,S03,SKU015,Personal Care,North,293.1,0,0,27,3,26.18,0.82
2025-12-18,S03,SKU015,Personal Care,North,283.06,0,0,33,3,25.87,7.13
2025-12-19,S03,SKU015,Personal Care,North,282.01,0,0,26,2,26.65,0.65
2025-12-20,S03,SKU015,Personal Care,North,271.23,1,0,35,4,37.89,2.89
2025-12-21,S03,SKU015,Personal Care,North,289.23,0,0,37,4,29.96,7.04
2025-12-22,S03,SKU015,Personal Care,North,286.9,0,0,31,3,28.47,2.53
2025-12-23,S03,SKU015,Personal Care,North,285.45,0,0,21,7,28.58,7.58
2025-12-24,S03,SKU015,Personal Care,North,293.57,0,0,25,2,28.66,3.66
2025-12-25,S03,SKU015,Personal Care,North,288.11,0,1,27,2,34.28,7.28
2025-12-26,S03,SKU015,Personal Care,North,293.46,0,0,27,5,28.04,1.04
2025-12-27,S03,SKU015,Personal Care,North,293.4,0,0,30,7,30.76,0.76
2025-12-28,S03,SKU015,Personal Care,North,282.51,0,0,31,6,30.35,0.65
2025-12-29,S03,SKU015,Personal Care,North,289.21,0,0,29,6,28.6,0.4
2025-12-30,S03,SKU015,Personal Care,North,286.86,0,0,33,4,27.89,5.11
2025-12-31,S03,SKU015,Personal Care,North,286.61,0,0,31,8,28.96,2.04
2025-08-13,S03,SKU016,Household,North,332.85,0,0,62,2,58.63,3.37
2025-08-14,S03,SKU016,Household,North,327.35,0,0,56,7,58.3,2.3
2025-08-15,S03,SKU016,Household,North,331.41,0,1,61,6,67.79,6.79
2025-08-16,S03,SKU016,Household,North,326.4,0,0,63,2,63.31,0.31
2025-08-17,S03,SKU016,Household,North,299.95,1,0,84,9,82.75,1.25
2025-08-18,S03,SKU016,Household,North,325.42,0,0,62,6,57.98,4.02
2025-08-19,S03,SKU016,Household,North,322.75,0,0,49,4,57.26,8.26
2025-08-20,S03,SKU016,Household,North,323.08,0,0,59,6,58.22,0.78
2025-08-21,S03,SKU016,Household,North,302.94,1,0,71,5,76.55,5.55
2025-08-22,S03,SKU016,Household,North,325.8,0,0,57,7,58.39,1.39
2025-08-23,S03,SKU016,Household,North,324.01,0,0,54,9,63.68,9.68
2025-08-24,S03,SKU016,Household,North,323.42,0,0,63,2,61.84,1.16
2025-08-25,S03,SKU016,Household,North,329.07,0,0,62,9,56.91,5.09
2025-08-26,S03,SKU016,Household,North,324.59,0,0,67,4,57.02,9.98
2025-08-27,S03,SKU016,Household,North,330.51,0,0,50,5,57.53,7.53
2025-08-28,S03,SKU016,Household,North,328.55,0,0,61,7,57.51,3.49
2025-08-29,S03,SKU016,Household,North,332.14,0,0,62,7,57.46,4.54
2025-08-30,S03,SKU016,Household,North,321.41,0,0,66,5,62.04,3.96
2025-08-31,S03,SKU016,Household,North,335.62,0,0,58,7,62.17,4.17
2025-09-01,S03,SKU016,Household,North,331.41,0,0,57,2,57.78,0.78
2025-09-02,S03,SKU016,Household,North,335.77,0,0,48,3,57.43,9.43
2025-09-03,S03,SKU016,Household,North,338.24,0,0,60,8,56.17,3.83
2025-09-04,S03,SKU016,Household,North,326.72,0,0,58,5,56.19,1.81
2025-09-05,S03,SKU016,Household,North,330.7,0,0,60,4,56.23,3.77
2025-09-06,S03,SKU016,Household,North,292.29,1,0,86,7,79.9,6.1
2025-09-07,S03,SKU016,Household,North,333.01,0,0,62,9,59.1,2.9
2025-09-08,S03,SKU016,Household,North,331.57,0,0,56,2,56.08,0.08
2025-09-09,S03,SKU016,Household,North,303.35,1,0,77,3,71.41,5.59
2025-09-10,S03,SKU016,Household,North,324.68,0,0,48,8,56.29,8.29
2025-09-11,S03,SKU016,Household,North,334.22,0,0,56,5,55.98,0.02
2025-09-12,S03,SKU016,Household,North,296.18,1,0,76,6,74.97,1.03
2025-09-13,S03,SKU016,Household,North,318.27,0,0,60,5,60.49,0.49
2025-09-14,S03,SKU016,Household,North,336.72,0,0,61,8,60.2,0.8
2025-09-15,S03,SKU016,Household,North,305.8,1,0,71,8,74.92,3.92
2025-09-16,S03,SKU016,Household,North,319.5,0,0,57,7,55.57,1.43
2025-09-17,S03,SKU016,Household,North,336.48,0,0,43,4,55.8,12.8
2025-09-18,S03,SKU016,Household,North,336.42,0,0,62,3,57.0,5.0
2025-09-19,S03,SKU016,Household,North,332.67,0,0,56,2,55.19,0.81
2025-09-20,S03,SKU016,Household,North,329.47,0,0,56,7,60.25,4.25
2025-09-21,S03,SKU016,Household,North,322.11,0,0,71,5,61.05,9.95
2025-09-22,S03,SKU016,Household,North,331.35,0,0,50,5,56.75,6.75
2025-09-23,S03,SKU016,Household,North,334.62,0,0,57,3,57.16,0.16
2025-09-24,S03,SKU016,Household,North,307.15,1,0,62,7,72.97,10.97
2025-09-25,S03,SKU016,Household,North,339.54,0,0,59,7,56.21,2.79
2025-09-26,S03,SKU016,Household,North,328.16,0,0,63,2,56.29,6.71
2025-09-27,S03,SKU016,Household,North,340.99,0,0,70,9,60.72,9.28
2025-09-28,S03,SKU016,Household,North,310.03,1,0,74,5,80.28,6.28
2025-09-29,S03,SKU016,Household,North,302.67,1,0,70,7,74.18,4.18
2025-09-30,S03,SKU016,Household,North,340.72,0,0,51,4,56.56,5.56
2025-10-01,S03,SKU016,Household,North,330.12,0,0,58,5,56.5,1.5
2025-10-02,S03,SKU016,Household,North,326.01,0,1,68,4,66.35,1.65
2025-10-03,S03,SKU016,Household,North,322.82,0,0,47,4,58.55,11.55
2025-10-04,S03,SKU016,Household,North,333.22,0,0,58,7,61.68,3.68
2025-10-05,S03,SKU016,Household,North,326.43,0,0,56,9,61.45,5.45
2025-10-06,S03,SKU016,Household,North,326.34,0,0,61,3,57.27,3.73
2025-10-07,S03,SKU016,Household,North,330.4,0,0,58,2,59.11,1.11
2025-10-08,S03,SKU016,Household,North,333.47,0,0,56,7,57.3,1.3
2025-10-09,S03,SKU016,Household,North,325.53,0,0,53,9,57.83,4.83
2025-10-10,S03,SKU016,Household,North,324.5,0,0,54,5,58.44,4.44
2025-10-11,S03,SKU016,Household,North,330.75,0,0,61,8,61.76,0.76
2025-10-12,S03,SKU016,Household,North,320.38,0,0,60,3,61.99,1.99
2025-10-13,S03,SKU016,Household,North,339.52,0,0,56,5,56.57,0.57
2025-10-14,S03,SKU016,Household,North,298.34,1,0,81,4,72.42,8.58
2025-10-15,S03,SKU016,Household,North,303.91,1,0,71,5,73.91,2.91
2025-10-16,S03,SKU016,Household,North,336.09,0,0,56,6,57.52,1.52
2025-10-17,S03,SKU016,Household,North,331.53,0,0,51,7,56.93,5.93
2025-10-18,S03,SKU016,Household,North,329.55,0,0,60,5,61.54,1.54
2025-10-19,S03,SKU016,Household,North,338.62,0,0,61,7,61.94,0.94
2025-10-20,S03,SKU016,Household,North,329.5,0,0,58,7,57.64,0.36
2025-10-21,S03,SKU016,Household,North,334.51,0,0,52,5,57.16,5.16
2025-10-22,S03,SKU016,Household,North,334.41,0,0,58,6,57.37,0.63
2025-10-23,S03,SKU016,Household,North,327.91,0,0,70,3,59.18,10.82
2025-10-24,S03,SKU016,Household,North,335.01,0,0,56,2,58.51,2.51
2025-10-25,S03,SKU016,Household,North,329.81,0,0,65,5,62.63,2.37
2025-10-26,S03,SKU016,Household,North,334.44,0,0,64,6,62.51,1.49
2025-10-27,S03,SKU016,Household,North,330.61,0,0,53,2,57.99,4.99
2025-10-28,S03,SKU016,Household,North,314.64,1,0,69,6,72.44,3.44
2025-10-29,S03,SKU016,Household,North,331.07,0,0,58,3,57.98,0.02
2025-10-30,S03,SKU016,Household,North,326.01,0,0,49,9,57.77,8.77
2025-10-31,S03,SKU016,Household,North,334.26,0,0,56,5,57.19,1.19
2025-11-01,S03,SKU016,Household,North,304.36,1,0,87,2,81.02,5.98
2025-11-02,S03,SKU016,Household,North,331.43,0,0,60,8,63.28,3.28
2025-11-03,S03,SKU016,Household,North,324.52,0,0,59,5,58.86,0.14
2025-11-04,S03,SKU016,Household,North,329.1,0,0,66,7,58.77,7.23
2025-11-05,S03,SKU016,Household,North,332.3,0,0,54,5,60.07,6.07
2025-11-06,S03,SKU016,Household,North,334.39,0,0,61,6,58.66,2.34
2025-11-07,S03,SKU016,Household,North,326.6,0,0,55,7,60.4,5.4
2025-11-08,S03,SKU016,Household,North,334.91,0,0,56,7,63.84,7.84
2025-11-09,S03,SKU016,Household,North,339.82,0,0,68,4,65.1,2.9
2025-11-10,S03,SKU016,Household,North,335.84,0,0,57,6,60.46,3.46
2025-11-11,S03,SKU016,Household,North,323.78,0,0,53,5,60.57,7.57
2025-11-12,S03,SKU016,Household,North,326.76,0,0,59,8,60.32,1.32
2025-11-13,S03,SKU016,Household,North,332.92,0,0,50,9,58.77,8.77
2025-11-14,S03,SKU016,Household,North,333.21,0,0,59,6,60.04,1.04
2025-11-15,S03,SKU016,Household,North,323.51,0,0,63,3,64.76,1.76
2025-11-16,S03,SKU016,Household,North,326.7,0,0,73,9,64.08,8.92
2025-11-17,S03,SKU016,Household,North,332.16,0,0,61,9,60.34,0.66
2025-11-18,S03,SKU016,Household,North,329.15,0,0,57,3,60.43,3.43
2025-11-19,S03,SKU016,Household,North,330.92,0,0,66,7,60.39,5.61
2025-11-20,S03,SKU016,Household,North,330.96,0,0,52,6,60.46,8.46
2025-11-21,S03,SKU016,Household,North,331.21,0,0,55,5,59.38,4.38
2025-11-22,S03,SKU016,Household,North,331.81,0,0,65,6,63.91,1.09
2025-11-23,S03,SKU016,Household,North,338.98,0,0,64,4,64.35,0.35
2025-11-24,S03,SKU016,Household,North,328.49,0,0,68,7,59.92,8.08
2025-11-25,S03,SKU016,Household,North,333.82,0,0,56,3,60.96,4.96
2025-11-26,S03,SKU016,Household,North,328.77,0,0,60,5,60.68,0.68
2025-11-27,S03,SKU016,Household,North,329.22,0,0,59,6,60.21,1.21
2025-11-28,S03,SKU016,Household,North,325.92,0,0,64,6,61.28,2.72
2025-11-29,S03,SKU016,Household,North,337.24,0,0,51,8,65.47,14.47
2025-11-30,S03,SKU016,Household,North,329.81,0,0,72,6,65.22,6.78
2025-12-01,S03,SKU016,Household,North,329.03,0,0,59,5,59.22,0.22
2025-12-02,S03,SKU016,Household,North,297.66,1,0,75,4,76.91,1.91
2025-12-03,S03,SKU016,Household,North,327.55,0,0,69,2,59.9,9.1
2025-12-04,S03,SKU016,Household,North,327.72,0,0,58,5,60.66,2.66
2025-12-05,S03,SKU016,Household,North,325.59,0,0,66,8,60.76,5.24
2025-12-06,S03,SKU016,Household,North,330.05,0,0,68,3,66.25,1.75
2025-12-07,S03,SKU016,Household,North,336.37,0,0,70,3,67.0,3.0
2025-12-08,S03,SKU016,Household,North,325.75,0,0,63,5,62.03,0.97
2025-12-09,S03,SKU016,Household,North,337.71,0,0,63,6,60.83,2.17
2025-12-10,S03,SKU016,Household,North,303.0,1,0,74,2,80.28,6.28
2025-12-11,S03,SKU016,Household,North,338.07,0,0,49,7,62.67,13.67
2025-12-12,S03,SKU016,Household,North,332.88,0,0,66,7,62.58,3.42
2025-12-13,S03,SKU016,Household,North,328.28,0,0,70,5,66.75,3.25
2025-12-14,S03,SKU016,Household,North,334.64,0,0,64,3,69.54,5.54
2025-12-15,S03,SKU016,Household,North,297.33,1,0,87,5,82.66,4.34
2025-12-16,S03,SKU016,Household,North,327.72,0,0,65,2,62.59,2.41
2025-12-17,S03,SKU016,Household,North,333.47,0,0,66,3,63.27,2.73
2025-12-18,S03,SKU016,Household,North,319.73,0,0,64,3,61.84,2.16
2025-12-19,S03,SKU016,Household,North,334.23,0,0,67,6,63.04,3.96
2025-12-20,S03,SKU016,Household,North,328.77,0,0,76,3,69.41,6.59
2025-12-21,S03,SKU016,Household,North,330.79,0,0,61,4,71.24,10.24
2025-12-22,S03,SKU016,Household,North,329.68,0,0,67,9,64.78,2.22
2025-12-23,S03,SKU016,Household,North,343.89,0,0,66,9,65.24,0.76
2025-12-24,S03,SKU016,Household,North,303.82,1,0,80,7,88.16,8.16
2025-12-25,S03,SKU016,Household,North,335.77,0,1,76,7,74.69,1.31
2025-12-26,S03,SKU016,Household,North,335.78,0,0,71,6,67.13,3.87
2025-12-27,S03,SKU016,Household,North,331.99,0,0,74,5,71.28,2.72
2025-12-28,S03,SKU016,Household,North,321.94,0,0,68,9,72.58,4.58
2025-12-29,S03,SKU016,Household,North,324.8,0,0,54,8,65.82,11.82
2025-12-30,S03,SKU016,Household,North,329.01,0,0,62,9,66.95,4.95
2025-12-31,S03,SKU016,Household,North,296.06,1,0,102,6,85.12,16.88
2025-08-13,S03,SKU017,Beverages,North,389.99,0,0,55,2,51.51,3.49
2025-08-14,S03,SKU017,Beverages,North,370.61,0,0,51,4,51.36,0.36
2025-08-15,S03,SKU017,Beverages,North,389.25,0,1,59,4,55.68,3.32
2025-08-16,S03,SKU017,Beverages,North,371.77,0,0,49,5,55.75,6.75
2025-08-17,S03,SKU017,Beverages,North,370.43,0,0,65,5,55.24,9.76
2025-08-18,S03,SKU017,Beverages,North,377.43,0,0,53,5,50.83,2.17
2025-08-19,S03,SKU017,Beverages,North,372.97,0,0,39,8,52.04,13.04
2025-08-20,S03,SKU017,Beverages,North,367.49,0,0,58,5,50.88,7.12
2025-08-21,S03,SKU017,Beverages,North,375.58,0,0,52,7,50.69,1.31
2025-08-22,S03,SKU017,Beverages,North,380.75,0,0,51,2,50.98,0.02
2025-08-23,S03,SKU017,Beverages,North,372.04,0,0,58,5,54.2,3.8
2025-08-24,S03,SKU017,Beverages,North,376.01,0,0,57,8,54.62,2.38
2025-08-25,S03,SKU017,Beverages,North,377.47,0,0,44,5,51.18,7.18
2025-08-26,S03,SKU017,Beverages,North,369.18,0,0,51,6,49.39,1.61
2025-08-27,S03,SKU017,Beverages,North,371.32,0,0,49,6,50.89,1.89
2025-08-28,S03,SKU017,Beverages,North,362.46,0,0,49,7,49.99,0.99
2025-08-29,S03,SKU017,Beverages,North,372.39,0,0,55,4,49.7,5.3
2025-08-30,S03,SKU017,Beverages,North,371.09,0,0,63,5,53.85,9.15
2025-08-31,S03,SKU017,Beverages,North,371.42,0,0,57,7,52.71,4.29
2025-09-01,S03,SKU017,Beverages,North,345.92,1,0,67,4,64.43,2.57
2025-09-02,S03,SKU017,Beverages,North,387.34,0,0,39,6,48.82,9.82
2025-09-03,S03,SKU017,Beverages,North,341.19,1,0,62,4,64.32,2.32
2025-09-04,S03,SKU017,Beverages,North,370.2,0,0,55,2,50.05,4.95
2025-09-05,S03,SKU017,Beverages,North,375.4,0,0,42,6,50.82,8.82
2025-09-06,S03,SKU017,Beverages,North,368.76,0,0,53,2,52.52,0.48
2025-09-07,S03,SKU017,Beverages,North,338.86,1,0,65,3,69.5,4.5
2025-09-08,S03,SKU017,Beverages,North,371.12,0,0,52,5,48.75,3.25
2025-09-09,S03,SKU017,Beverages,North,376.46,0,0,47,8,49.31,2.31
2025-09-10,S03,SKU017,Beverages,North,346.17,1,0,74,2,65.02,8.98
2025-09-11,S03,SKU017,Beverages,North,378.32,0,0,53,9,50.14,2.86
2025-09-12,S03,SKU017,Beverages,North,380.25,0,0,46,3,50.02,4.02
2025-09-13,S03,SKU017,Beverages,North,343.63,1,0,74,2,71.39,2.61
2025-09-14,S03,SKU017,Beverages,North,372.56,0,0,55,4,53.33,1.67
2025-09-15,S03,SKU017,Beverages,North,382.85,0,0,50,2,51.13,1.13
2025-09-16,S03,SKU017,Beverages,North,366.28,0,0,52,2,50.49,1.51
2025-09-17,S03,SKU017,Beverages,North,374.91,0,0,47,5,51.27,4.27
2025-09-18,S03,SKU017,Beverages,North,377.86,0,0,49,4,50.48,1.48
2025-09-19,S03,SKU017,Beverages,North,373.61,0,0,57,4,50.65,6.35
2025-09-20,S03,SKU017,Beverages,North,365.53,0,0,53,5,53.29,0.29
2025-09-21,S03,SKU017,Beverages,North,378.36,0,0,55,3,54.43,0.57
2025-09-22,S03,SKU017,Beverages,North,360.53,0,0,53,7,50.34,2.66
2025-09-23,S03,SKU017,Beverages,North,369.29,0,0,50,7,50.64,0.64
2025-09-24,S03,SKU017,Beverages,North,371.39,0,0,44,9,49.9,5.9
2025-09-25,S03,SKU017,Beverages,North,342.06,1,0,63,8,66.38,3.38
2025-09-26,S03,SKU017,Beverages,North,349.21,1,0,62,7,67.82,5.82
2025-09-27,S03,SKU017,Beverages,North,369.08,0,0,59,3,55.05,3.95
2025-09-28,S03,SKU017,Beverages,North,383.94,0,0,40,8,54.76,14.76
2025-09-29,S03,SKU017,Beverages,North,374.94,0,0,54,3,50.89,3.11
2025-09-30,S03,SKU017,Beverages,North,350.51,1,0,69,9,66.82,2.18
2025-10-01,S03,SKU017,Beverages,North,375.7,0,0,53,5,51.44,1.56
2025-10-02,S03,SKU017,Beverages,North,363.8,0,1,50,7,57.88,7.88
2025-10-03,S03,SKU017,Beverages,North,372.78,0,0,51,4,50.72,0.28
2025-10-04,S03,SKU017,Beverages,North,380.34,0,0,55,5,54.98,0.02
2025-10-05,S03,SKU017,Beverages,North,377.93,0,0,57,9,54.16,2.84
2025-10-06,S03,SKU017,Beverages,North,376.39,0,0,50,6,51.79,1.79
2025-10-07,S03,SKU017,Beverages,North,383.26,0,0,58,5,50.66,7.34
2025-10-08,S03,SKU017,Beverages,North,374.23,0,0,57,4,52.0,5.0
2025-10-09,S03,SKU017,Beverages,North,368.71,0,0,55,2,51.22,3.78
2025-10-10,S03,SKU017,Beverages,North,339.81,1,0,64,5,68.26,4.26
2025-10-11,S03,SKU017,Beverages,North,368.75,0,0,58,3,56.27,1.73
2025-10-12,S03,SKU017,Beverages,North,373.42,0,0,52,5,55.88,3.88
2025-10-13,S03,SKU017,Beverages,North,368.9,0,0,47,4,51.78,4.78
2025-10-14,S03,SKU017,Beverages,North,373.3,0,0,50,8,51.83,1.83
2025-10-15,S03,SKU017,Beverages,North,368.88,0,0,56,4,51.55,4.45
2025-10-16,S03,SKU017,Beverages,North,381.66,0,0,61,9,51.58,9.42
2025-10-17,S03,SKU017,Beverages,North,340.64,1,0,60,6,69.19,9.19
2025-10-18,S03,SKU017,Beverages,North,369.13,0,0,47,4,55.41,8.41
2025-10-19,S03,SKU017,Beverages,North,350.15,1,0,78,8,72.7,5.3
2025-10-20,S03,SKU017,Beverages,North,374.34,0,0,44,7,52.69,8.69
2025-10-21,S03,SKU017,Beverages,North,383.13,0,0,50,7,52.64,2.64
2025-10-22,S03,SKU017,Beverages,North,370.17,0,0,59,6,52.97,6.03
2025-10-23,S03,SKU017,Beverages,North,367.57,0,0,52,7,53.62,1.62
2025-10-24,S03,SKU017,Beverages,North,370.98,0,0,52,8,52.64,0.64
2025-10-25,S03,SKU017,Beverages,North,339.4,1,0,78,2,73.32,4.68
2025-10-26,S03,SKU017,Beverages,North,362.87,0,0,60,3,53.61,6.39
2025-10-27,S03,SKU017,Beverages,North,372.98,0,0,44,5,54.27,10.27
2025-10-28,S03,SKU017,Beverages,North,371.61,0,0,59,2,54.42,4.58
2025-10-29,S03,SKU017,Beverages,North,376.07,0,0,49,6,53.84,4.84
2025-10-30,S03,SKU017,Beverages,North,373.75,0,0,50,9,53.48,3.48
2025-10-31,S03,SKU017,Beverages,North,383.8,0,0,49,6,53.25,4.25
2025-11-01,S03,SKU017,Beverages,North,338.9,1,0,77,5,74.0,3.0
2025-11-02,S03,SKU017,Beverages,North,381.38,0,0,65,9,58.17,6.83
2025-11-03,S03,SKU017,Beverages,North,377.37,0,0,51,8,54.31,3.31
2025-11-04,S03,SKU017,Beverages,North,380.83,0,0,52,8,55.68,3.68
2025-11-05,S03,SKU017,Beverages,North,368.95,0,0,57,9,54.7,2.3
2025-11-06,S03,SKU017,Beverages,North,375.25,0,0,64,8,55.07,8.93
2025-11-07,S03,SKU017,Beverages,North,368.35,0,0,55,6,55.72,0.72
2025-11-08,S03,SKU017,Beverages,North,341.52,1,0,76,3,75.03,0.97
2025-11-09,S03,SKU017,Beverages,North,366.31,0,0,56,6,58.94,2.94
2025-11-10,S03,SKU017,Beverages,North,341.41,1,0,64,8,70.74,6.74
2025-11-11,S03,SKU017,Beverages,North,365.6,0,0,65,3,57.21,7.79
2025-11-12,S03,SKU017,Beverages,North,367.79,0,0,57,4,58.03,1.03
2025-11-13,S03,SKU017,Beverages,North,385.26,0,0,51,7,57.16,6.16
2025-11-14,S03,SKU017,Beverages,North,369.18,0,0,58,4,57.28,0.72
2025-11-15,S03,SKU017,Beverages,North,367.43,0,0,51,7,60.45,9.45
2025-11-16,S03,SKU017,Beverages,North,368.37,0,0,59,5,62.73,3.73
2025-11-17,S03,SKU017,Beverages,North,370.8,0,0,54,4,56.4,2.4
2025-11-18,S03,SKU017,Beverages,North,354.48,1,0,75,5,71.67,3.33
2025-11-19,S03,SKU017,Beverages,North,385.68,0,0,56,5,58.11,2.11
2025-11-20,S03,SKU017,Beverages,North,387.67,0,0,56,5,58.25,2.25
2025-11-21,S03,SKU017,Beverages,North,363.7,0,0,57,2,58.46,1.46
2025-11-22,S03,SKU017,Beverages,North,372.41,0,0,67,5,64.24,2.76
2025-11-23,S03,SKU017,Beverages,North,377.96,0,0,65,8,62.38,2.62
2025-11-24,S03,SKU017,Beverages,North,375.29,0,0,49,5,58.07,9.07
2025-11-25,S03,SKU017,Beverages,North,371.24,0,0,63,9,57.91,5.09
2025-11-26,S03,SKU017,Beverages,North,379.55,0,0,56,9,58.67,2.67
2025-11-27,S03,SKU017,Beverages,North,368.42,0,0,66,9,59.12,6.88
2025-11-28,S03,SKU017,Beverages,North,373.7,0,0,54,6,59.78,5.78
2025-11-29,S03,SKU017,Beverages,North,372.1,0,0,62,2,64.49,2.49
2025-11-30,S03,SKU017,Beverages,North,378.84,0,0,48,8,64.02,16.02
2025-12-01,S03,SKU017,Beverages,North,376.49,0,0,55,8,59.11,4.11
2025-12-02,S03,SKU017,Beverages,North,381.94,0,0,51,7,58.33,7.33
2025-12-03,S03,SKU017,Beverages,North,381.61,0,0,58,2,58.99,0.99
2025-12-04,S03,SKU017,Beverages,North,348.06,1,0,69,9,73.61,4.61
2025-12-05,S03,SKU017,Beverages,North,342.65,1,0,73,6,75.69,2.69
2025-12-06,S03,SKU017,Beverages,North,378.05,0,0,67,3,65.86,1.14
2025-12-07,S03,SKU017,Beverages,North,368.07,0,0,67,9,64.13,2.87
2025-12-08,S03,SKU017,Beverages,North,375.37,0,0,53,2,58.36,5.36
2025-12-09,S03,SKU017,Beverages,North,343.32,1,0,82,8,74.28,7.72
2025-12-10,S03,SKU017,Beverages,North,382.12,0,0,58,5,59.19,1.19
2025-12-11,S03,SKU017,Beverages,North,377.26,0,0,55,6,59.14,4.14
2025-12-12,S03,SKU017,Beverages,North,373.73,0,0,57,3,59.06,2.06
2025-12-13,S03,SKU017,Beverages,North,373.79,0,0,64,7,64.36,0.36
2025-12-14,S03,SKU017,Beverages,North,374.1,0,0,67,6,64.7,2.3
2025-12-15,S03,SKU017,Beverages,North,378.17,0,0,58,6,60.44,2.44
2025-12-16,S03,SKU017,Beverages,North,371.45,0,0,59,6,61.09,2.09
2025-12-17,S03,SKU017,Beverages,North,372.81,0,0,57,4,60.69,3.69
2025-12-18,S03,SKU017,Beverages,North,380.81,0,0,61,4,60.39,0.61
2025-12-19,S03,SKU017,Beverages,North,369.44,0,0,54,9,60.0,6.0
2025-12-20,S03,SKU017,Beverages,North,376.72,0,0,67,8,65.0,2.0
2025-12-21,S03,SKU017,Beverages,North,378.91,0,0,63,9,64.88,1.88
2025-12-22,S03,SKU017,Beverages,North,374.71,0,0,61,6,60.18,0.82
2025-12-23,S03,SKU017,Beverages,North,379.44,0,0,55,2,61.88,6.88
2025-12-24,S03,SKU017,Beverages,North,366.66,0,0,59,8,60.72,1.72
2025-12-25,S03,SKU017,Beverages,North,375.79,0,1,72,5,69.83,2.17
2025-12-26,S03,SKU017,Beverages,North,373.85,0,0,68,8,61.16,6.84
2025-12-27,S03,SKU017,Beverages,North,379.03,0,0,68,6,66.06,1.94
2025-12-28,S03,SKU017,Beverages,North,374.17,0,0,57,5,66.02,9.02
2025-12-29,S03,SKU017,Beverages,North,377.78,0,0,54,4,60.59,6.59
2025-12-30,S03,SKU017,Beverages,North,383.16,0,0,60,3,60.47,0.47
2025-12-31,S03,SKU017,Beverages,North,372.17,0,0,56,7,61.39,5.39
2025-08-13,S03,SKU018,Snacks,North,296.12,0,0,65,9,72.67,7.67
2025-08-14,S03,SKU018,Snacks,North,273.61,1,0,92,6,93.14,1.14
2025-08-15,S03,SKU018,Snacks,North,293.4,0,1,83,7,78.28,4.72
2025-08-16,S03,SKU018,Snacks,North,299.69,0,0,72,3,79.32,7.32
2025-08-17,S03,SKU018,Snacks,North,295.87,0,0,76,9,79.51,3.51
2025-08-18,S03,SKU018,Snacks,North,268.51,1,0,90,4,92.75,2.75
2025-08-19,S03,SKU018,Snacks,North,289.38,0,0,76,6,72.73,3.27
2025-08-20,S03,SKU018,Snacks,North,293.17,0,0,71,3,70.16,0.84
2025-08-21,S03,SKU018,Snacks,North,290.9,0,0,71,6,71.47,0.47
2025-08-22,S03,SKU018,Snacks,North,291.98,0,0,71,7,71.6,0.6
2025-08-23,S03,SKU018,Snacks,North,297.65,0,0,72,8,75.53,3.53
2025-08-24,S03,SKU018,Snacks,North,279.16,0,0,76,5,75.66,0.34
2025-08-25,S03,SKU018,Snacks,North,267.9,1,0,83,9,89.15,6.15
2025-08-26,S03,SKU018,Snacks,North,291.38,0,0,80,4,69.42,10.58
2025-08-27,S03,SKU018,Snacks,North,294.28,0,0,72,2,68.79,3.21
2025-08-28,S03,SKU018,Snacks,North,291.67,0,0,73,4,69.82,3.18
2025-08-29,S03,SKU018,Snacks,North,297.51,0,0,72,8,71.02,0.98
2025-08-30,S03,SKU018,Snacks,North,298.26,0,0,69,3,74.94,5.94
2025-08-31,S03,SKU018,Snacks,North,272.03,1,0,95,9,97.36,2.36
2025-09-01,S03,SKU018,Snacks,North,289.99,0,0,68,9,71.79,3.79
2025-09-02,S03,SKU018,Snacks,North,287.79,0,0,73,5,71.06,1.94
2025-09-03,S03,SKU018,Snacks,North,289.32,0,0,65,6,70.69,5.69
2025-09-04,S03,SKU018,Snacks,North,296.37,0,0,69,7,70.65,1.65
2025-09-05,S03,SKU018,Snacks,North,293.09,0,0,69,8,70.82,1.82
2025-09-06,S03,SKU018,Snacks,North,294.15,0,0,81,2,74.85,6.15
2025-09-07,S03,SKU018,Snacks,North,289.4,0,0,81,8,74.36,6.64
2025-09-08,S03,SKU018,Snacks,North,298.05,0,0,71,2,70.42,0.58
2025-09-09,S03,SKU018,Snacks,North,294.07,0,0,70,8,70.74,0.74
2025-09-10,S03,SKU018,Snacks,North,295.88,0,0,66,8,70.2,4.2
2025-09-11,S03,SKU018,Snacks,North,296.24,0,0,65,3,69.97,4.97
2025-09-12,S03,SKU018,Snacks,North,302.21,0,0,63,4,69.7,6.7
2025-09-13,S03,SKU018,Snacks,North,297.67,0,0,69,7,72.26,3.26
2025-09-14,S03,SKU018,Snacks,North,293.15,0,0,67,8,71.8,4.8
2025-09-15,S03,SKU018,Snacks,North,296.91,0,0,66,2,67.45,1.45
2025-09-16,S03,SKU018,Snacks,North,298.04,0,0,64,9,66.31,2.31
2025-09-17,S03,SKU018,Snacks,North,296.5,0,0,61,8,65.76,4.76
2025-09-18,S03,SKU018,Snacks,North,290.8,0,0,68,5,64.98,3.02
2025-09-19,S03,SKU018,Snacks,North,295.41,0,0,63,4,65.14,2.14
2025-09-20,S03,SKU018,Snacks,North,296.11,0,0,75,2,70.5,4.5
2025-09-21,S03,SKU018,Snacks,North,289.96,0,0,70,8,70.41,0.41
2025-09-22,S03,SKU018,Snacks,North,286.8,0,0,66,5,65.3,0.7
2025-09-23,S03,SKU018,Snacks,North,291.06,0,0,68,9,65.14,2.86
2025-09-24,S03,SKU018,Snacks,North,285.74,0,0,69,8,64.89,4.11
2025-09-25,S03,SKU018,Snacks,North,294.32,0,0,70,7,64.81,5.19
2025-09-26,S03,SKU018,Snacks,North,289.39,0,0,70,3,64.32,5.68
2025-09-27,S03,SKU018,Snacks,North,295.0,0,0,68,4,69.63,1.63
2025-09-28,S03,SKU018,Snacks,North,287.55,0,0,74,2,69.11,4.89
2025-09-29,S03,SKU018,Snacks,North,289.61,0,0,72,5,63.62,8.38
2025-09-30,S03,SKU018,Snacks,North,268.81,1,0,90,5,82.42,7.58
2025-10-01,S03,SKU018,Snacks,North,283.62,0,0,68,3,64.42,3.58
2025-10-02,S03,SKU018,Snacks,North,287.01,0,1,81,6,77.1,3.9
2025-10-03,S03,SKU018,Snacks,North,303.12,0,0,70,5,65.53,4.47
2025-10-04,S03,SKU018,Snacks,North,292.05,0,0,70,2,70.79,0.79
2025-10-05,S03,SKU018,Snacks,North,270.75,1,0,98,6,90.65,7.35
2025-10-06,S03,SKU018,Snacks,North,292.84,0,0,65,6,65.22,0.22
2025-10-07,S03,SKU018,Snacks,North,298.08,0,0,70,7,65.08,4.92
2025-10-08,S03,SKU018,Snacks,North,293.76,0,0,66,6,65.65,0.35
2025-10-09,S03,SKU018,Snacks,North,282.86,0,0,56,8,65.49,9.49
2025-10-10,S03,SKU018,Snacks,North,287.89,0,0,62,7,65.14,3.14
2025-10-11,S03,SKU018,Snacks,North,292.06,0,0,75,8,70.3,4.7
2025-10-12,S03,SKU018,Snacks,North,290.47,0,0,80,9,70.27,9.73
2025-10-13,S03,SKU018,Snacks,North,294.6,0,0,64,6,65.7,1.7
2025-10-14,S03,SKU018,Snacks,North,293.83,0,0,72,6,65.06,6.94
2025-10-15,S03,SKU018,Snacks,North,302.8,0,0,73,5,65.53,7.47
2025-10-16,S03,SKU018,Snacks,North,271.96,1,0,92,6,85.08,6.92
2025-10-17,S03,SKU018,Snacks,North,291.59,0,0,73,2,66.46,6.54
2025-10-18,S03,SKU018,Snacks,North,288.67,0,0,71,2,72.26,1.26
2025-10-19,S03,SKU018,Snacks,North,288.51,0,0,76,6,72.63,3.37
2025-10-20,S03,SKU018,Snacks,North,293.12,0,0,68,8,67.55,0.45
2025-10-21,S03,SKU018,Snacks,North,264.55,1,0,83,3,86.71,3.71
2025-10-22,S03,SKU018,Snacks,North,295.44,0,0,69,4,69.01,0.01
2025-10-23,S03,SKU018,Snacks,North,286.88,0,0,68,9,68.38,0.38
2025-10-24,S03,SKU018,Snacks,North,282.51,0,0,70,9,69.23,0.77
2025-10-25,S03,SKU018,Snacks,North,298.98,0,0,73,6,74.51,1.51
2025-10-26,S03,SKU018,Snacks,North,289.26,0,0,76,9,74.97,1.03
2025-10-27,S03,SKU018,Snacks,North,292.54,0,0,64,6,69.0,5.0
2025-10-28,S03,SKU018,Snacks,North,293.62,0,0,64,8,67.72,3.72
2025-10-29,S03,SKU018,Snacks,North,297.21,0,0,73,3,67.75,5.25
2025-10-30,S03,SKU018,Snacks,North,295.6,0,0,65,3,67.59,2.59
2025-10-31,S03,SKU018,Snacks,North,296.34,0,0,70,3,67.27,2.73
2025-11-01,S03,SKU018,Snacks,North,290.76,0,0,76,6,73.01,2.99
2025-11-02,S03,SKU018,Snacks,North,287.75,0,0,85,7,73.78,11.22
2025-11-03,S03,SKU018,Snacks,North,293.96,0,0,63,3,66.61,3.61
2025-11-04,S03,SKU018,Snacks,North,294.61,0,0,70,6,67.45,2.55
2025-11-05,S03,SKU018,Snacks,North,290.16,0,0,72,9,67.63,4.37
2025-11-06,S03,SKU018,Snacks,North,295.07,0,0,70,8,68.07,1.93
2025-11-07,S03,SKU018,Snacks,North,289.61,0,0,58,9,68.48,10.48
2025-11-08,S03,SKU018,Snacks,North,291.04,0,0,78,7,73.27,4.73
2025-11-09,S03,SKU018,Snacks,North,300.01,0,0,72,8,73.67,1.67
2025-11-10,S03,SKU018,Snacks,North,288.13,0,0,70,7,68.59,1.41
2025-11-11,S03,SKU018,Snacks,North,286.94,0,0,65,9,69.24,4.24
2025-11-12,S03,SKU018,Snacks,North,278.78,0,0,77,4,68.62,8.38
2025-11-13,S03,SKU018,Snacks,North,295.53,0,0,62,6,68.59,6.59
2025-11-14,S03,SKU018,Snacks,North,295.14,0,0,63,5,67.39,4.39
2025-11-15,S03,SKU018,Snacks,North,283.68,0,0,77,8,73.07,3.93
2025-11-16,S03,SKU018,Snacks,North,282.72,0,0,82,3,73.64,8.36
2025-11-17,S03,SKU018,Snacks,North,285.86,0,0,78,6,68.02,9.98
2025-11-18,S03,SKU018,Snacks,North,297.45,0,0,73,9,67.81,5.19
2025-11-19,S03,SKU018,Snacks,North,301.46,0,0,64,5,68.12,4.12
2025-11-20,S03,SKU018,Snacks,North,288.62,0,0,63,7,68.22,5.22
2025-11-21,S03,SKU018,Snacks,North,295.0,0,0,73,6,67.31,5.69
2025-11-22,S03,SKU018,Snacks,North,282.24,0,0,79,2,73.36,5.64
2025-11-23,S03,SKU018,Snacks,North,291.06,0,0,74,7,73.24,0.76
2025-11-24,S03,SKU018,Snacks,North,287.48,0,0,73,9,68.52,4.48
2025-11-25,S03,SKU018,Snacks,North,296.54,0,0,69,2,68.8,0.2
2025-11-26,S03,SKU018,Snacks,North,293.81,0,0,76,4,69.79,6.21
2025-11-27,S03,SKU018,Snacks,North,288.8,0,0,67,8,69.27,2.27
2025-11-28,S03,SKU018,Snacks,North,288.73,0,0,65,7,70.39,5.39
2025-11-29,S03,SKU018,Snacks,North,294.1,0,0,85,2,74.97,10.03
2025-11-30,S03,SKU018,Snacks,North,294.77,0,0,75,5,75.35,0.35
2025-12-01,S03,SKU018,Snacks,North,288.46,0,0,91,8,69.8,21.2
2025-12-02,S03,SKU018,Snacks,North,271.58,1,0,99,2,90.05,8.95
2025-12-03,S03,SKU018,Snacks,North,288.29,0,0,81,8,72.25,8.75
2025-12-04,S03,SKU018,Snacks,North,296.43,0,0,70,5,71.7,1.7
2025-12-05,S03,SKU018,Snacks,North,286.21,0,0,71,2,71.93,0.93
2025-12-06,S03,SKU018,Snacks,North,302.36,0,0,74,6,79.75,5.75
2025-12-07,S03,SKU018,Snacks,North,292.77,0,0,77,4,78.22,1.22
2025-12-08,S03,SKU018,Snacks,North,284.42,0,0,77,2,72.38,4.62
2025-12-09,S03,SKU018,Snacks,North,298.83,0,0,68,5,73.59,5.59
2025-12-10,S03,SKU018,Snacks,North,290.78,0,0,84,7,73.44,10.56
2025-12-11,S03,SKU018,Snacks,North,293.46,0,0,80,9,73.95,6.05
2025-12-12,S03,SKU018,Snacks,North,257.5,1,0,111,4,92.77,18.23
2025-12-13,S03,SKU018,Snacks,North,289.0,0,0,94,5,84.09,9.91
2025-12-14,S03,SKU018,Snacks,North,287.42,0,0,84,7,76.3,7.7
2025-12-15,S03,SKU018,Snacks,North,272.02,1,0,107,3,94.35,12.65
2025-12-16,S03,SKU018,Snacks,North,298.37,0,0,73,3,72.18,0.82
2025-12-17,S03,SKU018,Snacks,North,296.4,0,0,87,4,69.92,17.08
2025-12-18,S03,SKU018,Snacks,North,293.93,0,0,75,2,69.74,5.26
2025-12-19,S03,SKU018,Snacks,North,295.22,0,0,82,4,71.17,10.83
2025-12-20,S03,SKU018,Snacks,North,292.31,0,0,85,9,77.07,7.93
2025-12-21,S03,SKU018,Snacks,North,289.71,0,0,85,7,77.78,7.22
2025-12-22,S03,SKU018,Snacks,North,289.71,0,0,76,3,75.15,0.85
2025-12-23,S03,SKU018,Snacks,North,290.25,0,0,78,9,77.04,0.96
2025-12-24,S03,SKU018,Snacks,North,294.0,0,0,80,3,80.27,0.27
2025-12-25,S03,SKU018,Snacks,North,293.92,0,1,102,3,86.28,15.72
2025-12-26,S03,SKU018,Snacks,North,294.0,0,0,89,4,75.2,13.8
2025-12-27,S03,SKU018,Snacks,North,292.56,0,0,92,3,80.72,11.28
2025-12-28,S03,SKU018,Snacks,North,292.03,0,0,90,4,82.31,7.69
2025-12-29,S03,SKU018,Snacks,North,293.37,0,0,80,6,81.69,1.69
2025-12-30,S03,SKU018,Snacks,North,295.77,0,0,79,4,77.96,1.04
2025-12-31,S03,SKU018,Snacks,North,304.57,0,0,73,9,77.65,4.65
2025-08-13,S03,SKU019,Personal Care,North,116.69,0,0,33,4,32.98,0.02
2025-08-14,S03,SKU019,Personal Care,North,114.34,0,0,30,9,32.4,2.4
2025-08-15,S03,SKU019,Personal Care,North,117.25,0,1,37,2,37.3,0.3
2025-08-16,S03,SKU019,Personal Care,North,116.57,0,0,35,2,34.67,0.33
2025-08-17,S03,SKU019,Personal Care,North,116.29,0,0,31,2,34.57,3.57
2025-08-18,S03,SKU019,Personal Care,North,113.59,0,0,36,4,31.88,4.12
2025-08-19,S03,SKU019,Personal Care,North,116.26,0,0,35,7,31.8,3.2
2025-08-20,S03,SKU019,Personal Care,North,108.82,1,0,40,9,42.7,2.7
2025-08-21,S03,SKU019,Personal Care,North,115.11,0,0,34,2,32.22,1.78
2025-08-22,S03,SKU019,Personal Care,North,118.78,0,0,35,8,32.56,2.44
2025-08-23,S03,SKU019,Personal Care,North,115.89,0,0,37,3,34.61,2.39
2025-08-24,S03,SKU019,Personal Care,North,116.1,0,0,32,9,35.01,3.01
2025-08-25,S03,SKU019,Personal Care,North,112.35,0,0,31,8,31.88,0.88
2025-08-26,S03,SKU019,Personal Care,North,112.61,0,0,36,8,31.84,4.16
2025-08-27,S03,SKU019,Personal Care,North,117.13,0,0,30,9,32.02,2.02
2025-08-28,S03,SKU019,Personal Care,North,104.59,1,0,30,3,42.44,12.44
2025-08-29,S03,SKU019,Personal Care,North,115.29,0,0,29,3,31.32,2.32
2025-08-30,S03,SKU019,Personal Care,North,117.43,0,0,38,6,34.32,3.68
2025-08-31,S03,SKU019,Personal Care,North,114.98,0,0,36,3,34.1,1.9
2025-09-01,S03,SKU019,Personal Care,North,115.48,0,0,34,9,31.34,2.66
2025-09-02,S03,SKU019,Personal Care,North,113.78,0,0,32,3,30.49,1.51
2025-09-03,S03,SKU019,Personal Care,North,117.69,0,0,31,2,30.63,0.37
2025-09-04,S03,SKU019,Personal Care,North,117.09,0,0,30,4,30.39,0.39
2025-09-05,S03,SKU019,Personal Care,North,115.79,0,0,27,8,30.61,3.61
2025-09-06,S03,SKU019,Personal Care,North,116.91,0,0,29,8,32.98,3.98
2025-09-07,S03,SKU019,Personal Care,North,116.53,0,0,36,2,32.53,3.47
2025-09-08,S03,SKU019,Personal Care,North,115.34,0,0,30,4,29.97,0.03
2025-09-09,S03,SKU019,Personal Care,North,115.65,0,0,42,8,30.17,11.83
2025-09-10,S03,SKU019,Personal Care,North,115.81,0,0,29,4,29.71,0.71
2025-09-11,S03,SKU019,Personal Care,North,119.38,0,0,34,6,30.34,3.66
2025-09-12,S03,SKU019,Personal Care,North,118.34,0,0,29,2,29.99,0.99
2025-09-13,S03,SKU019,Personal Care,North,116.34,0,0,27,7,32.76,5.76
2025-09-14,S03,SKU019,Personal Care,North,117.34,0,0,35,5,32.57,2.43
2025-09-15,S03,SKU019,Personal Care,North,113.86,0,0,38,5,30.04,7.96
2025-09-16,S03,SKU019,Personal Care,North,114.18,0,0,37,5,30.05,6.95
2025-09-17,S03,SKU019,Personal Care,North,115.15,0,0,37,5,30.18,6.82
2025-09-18,S03,SKU019,Personal Care,North,116.75,0,0,20,4,30.21,10.21
2025-09-19,S03,SKU019,Personal Care,North,119.91,0,0,36,3,29.49,6.51
2025-09-20,S03,SKU019,Personal Care,North,116.68,0,0,31,3,32.26,1.26
2025-09-21,S03,SKU019,Personal Care,North,117.33,0,0,34,8,32.2,1.8
2025-09-22,S03,SKU019,Personal Care,North,117.77,0,0,23,2,30.08,7.08
2025-09-23,S03,SKU019,Personal Care,North,113.94,0,0,26,7,30.2,4.2
2025-09-24,S03,SKU019,Personal Care,North,114.75,0,0,29,5,29.63,0.63
2025-09-25,S03,SKU019,Personal Care,North,111.09,1,0,33,6,39.09,6.09
2025-09-26,S03,SKU019,Personal Care,North,107.64,1,0,35,5,38.46,3.46
2025-09-27,S03,SKU019,Personal Care,North,110.02,1,0,37,8,41.58,4.58
2025-09-28,S03,SKU019,Personal Care,North,114.73,0,0,24,3,32.55,8.55
2025-09-29,S03,SKU019,Personal Care,North,115.21,0,0,27,9,30.12,3.12
2025-09-30,S03,SKU019,Personal Care,North,115.62,0,0,32,7,30.48,1.52
2025-10-01,S03,SKU019,Personal Care,North,116.16,0,0,29,7,30.39,1.39
2025-10-02,S03,SKU019,Personal Care,North,116.84,0,1,34,5,35.94,1.94
2025-10-03,S03,SKU019,Personal Care,North,104.69,1,0,38,9,38.5,0.5
2025-10-04,S03,SKU019,Personal Care,North,119.49,0,0,30,9,32.48,2.48
2025-10-05,S03,SKU019,Personal Care,North,115.84,0,0,23,5,32.78,9.78
2025-10-06,S03,SKU019,Personal Care,North,113.3,0,0,29,2,30.66,1.66
2025-10-07,S03,SKU019,Personal Care,North,112.63,0,0,28,8,30.75,2.75
2025-10-08,S03,SKU019,Personal Care,North,117.28,0,0,28,6,29.49,1.49
2025-10-09,S03,SKU019,Personal Care,North,115.68,0,0,27,8,29.48,2.48
2025-10-10,S03,SKU019,Personal Care,North,106.63,1,0,41,3,37.5,3.5
2025-10-11,S03,SKU019,Personal Care,North,115.8,0,0,25,2,31.3,6.3
2025-10-12,S03,SKU019,Personal Care,North,116.43,0,0,32,2,30.85,1.15
2025-10-13,S03,SKU019,Personal Care,North,114.52,0,0,32,5,29.68,2.32
2025-10-14,S03,SKU019,Personal Care,North,114.72,0,0,38,5,29.8,8.2
2025-10-15,S03,SKU019,Personal Care,North,115.39,0,0,34,8,29.65,4.35
2025-10-16,S03,SKU019,Personal Care,North,108.69,1,0,43,9,37.42,5.58
2025-10-17,S03,SKU019,Personal Care,North,115.58,0,0,32,5,30.66,1.34
2025-10-18,S03,SKU019,Personal Care,North,114.98,0,0,31,3,31.97,0.97
2025-10-19,S03,SKU019,Personal Care,North,106.73,1,0,44,4,41.43,2.57
2025-10-20,S03,SKU019,Personal Care,North,110.11,1,0,43,6,40.44,2.56
2025-10-21,S03,SKU019,Personal Care,North,112.63,0,0,21,4,30.95,9.95
2025-10-22,S03,SKU019,Personal Care,North,118.7,0,0,21,9,31.23,10.23
2025-10-23,S03,SKU019,Personal Care,North,116.33,0,0,30,7,30.94,0.94
2025-10-24,S03,SKU019,Personal Care,North,114.74,0,0,27,5,30.75,3.75
2025-10-25,S03,SKU019,Personal Care,North,113.79,0,0,30,6,32.53,2.53
2025-10-26,S03,SKU019,Personal Care,North,114.35,0,0,33,4,32.14,0.86
2025-10-27,S03,SKU019,Personal Care,North,115.69,0,0,30,5,30.49,0.49
2025-10-28,S03,SKU019,Personal Care,North,115.51,0,0,34,6,30.47,3.53
2025-10-29,S03,SKU019,Personal Care,North,119.68,0,0,30,5,30.75,0.75
2025-10-30,S03,SKU019,Personal Care,North,118.68,0,0,22,2,31.72,9.72
2025-10-31,S03,SKU019,Personal Care,North,112.44,0,0,27,5,30.05,3.05
2025-11-01,S03,SKU019,Personal Care,North,119.66,0,0,29,8,31.88,2.88
2025-11-02,S03,SKU019,Personal Care,North,116.37,0,0,33,6,32.78,0.22
2025-11-03,S03,SKU019,Personal Care,North,118.01,0,0,29,8,30.78,1.78
2025-11-04,S03,SKU019,Personal Care,North,115.94,0,0,28,6,29.93,1.93
2025-11-05,S03,SKU019,Personal Care,North,114.82,0,0,32,6,29.68,2.32
2025-11-06,S03,SKU019,Personal Care,North,108.02,1,0,45,2,38.96,6.04
2025-11-07,S03,SKU019,Personal Care,North,117.74,0,0,32,9,32.04,0.04
2025-11-08,S03,SKU019,Personal Care,North,107.32,1,0,45,4,41.45,3.55
2025-11-09,S03,SKU019,Personal Care,North,108.18,1,0,37,4,43.84,6.84
2025-11-10,S03,SKU019,Personal Care,North,117.09,0,0,35,6,32.48,2.52
2025-11-11,S03,SKU019,Personal Care,North,115.34,0,0,38,9,33.04,4.96
2025-11-12,S03,SKU019,Personal Care,North,117.13,0,0,27,3,32.68,5.68
2025-11-13,S03,SKU019,Personal Care,North,115.17,0,0,31,8,32.35,1.35
2025-11-14,S03,SKU019,Personal Care,North,112.48,0,0,38,2,32.3,5.7
2025-11-15,S03,SKU019,Personal Care,North,114.95,0,0,40,7,34.79,5.21
2025-11-16,S03,SKU019,Personal Care,North,113.83,0,0,29,3,34.11,5.11
2025-11-17,S03,SKU019,Personal Care,North,115.08,0,0,29,7,32.39,3.39
2025-11-18,S03,SKU019,Personal Care,North,118.08,0,0,38,8,30.93,7.07
2025-11-19,S03,SKU019,Personal Care,North,117.06,0,0,28,5,31.2,3.2
2025-11-20,S03,SKU019,Personal Care,North,109.49,1,0,47,9,41.54,5.46
2025-11-21,S03,SKU019,Personal Care,North,117.75,0,0,34,5,32.77,1.23
2025-11-22,S03,SKU019,Personal Care,North,107.72,1,0,38,3,44.54,6.54
2025-11-23,S03,SKU019,Personal Care,North,113.98,0,0,36,7,35.2,0.8
2025-11-24,S03,SKU019,Personal Care,North,115.02,0,0,42,6,34.25,7.75
2025-11-25,S03,SKU019,Personal Care,North,107.98,1,0,43,3,43.35,0.35
2025-11-26,S03,SKU019,Personal Care,North,115.97,0,0,24,4,34.45,10.45
2025-11-27,S03,SKU019,Personal Care,North,116.51,0,0,38,5,34.11,3.89
2025-11-28,S03,SKU019,Personal Care,North,119.72,0,0,35,9,34.78,0.22
2025-11-29,S03,SKU019,Personal Care,North,116.86,0,0,39,3,37.12,1.88
2025-11-30,S03,SKU019,Personal Care,North,118.04,0,0,41,9,37.78,3.22
2025-12-01,S03,SKU019,Personal Care,North,116.28,0,0,29,7,35.17,6.17
2025-12-02,S03,SKU019,Personal Care,North,116.51,0,0,38,3,34.91,3.09
2025-12-03,S03,SKU019,Personal Care,North,116.9,0,0,36,3,35.18,0.82
2025-12-04,S03,SKU019,Personal Care,North,118.12,0,0,34,6,36.14,2.14
2025-12-05,S03,SKU019,Personal Care,North,113.04,0,0,26,6,35.6,9.6
2025-12-06,S03,SKU019,Personal Care,North,116.77,0,0,43,9,38.44,4.56
2025-12-07,S03,SKU019,Personal Care,North,113.47,0,0,27,6,38.01,11.01
2025-12-08,S03,SKU019,Personal Care,North,116.36,0,0,38,8,34.77,3.23
2025-12-09,S03,SKU019,Personal Care,North,118.62,0,0,42,8,34.94,7.06
2025-12-10,S03,SKU019,Personal Care,North,117.58,0,0,28,6,35.03,7.03
2025-12-11,S03,SKU019,Personal Care,North,116.16,0,0,35,5,35.21,0.21
2025-12-12,S03,SKU019,Personal Care,North,107.17,1,0,45,4,45.75,0.75
2025-12-13,S03,SKU019,Personal Care,North,116.92,0,0,34,6,38.42,4.42
2025-12-14,S03,SKU019,Personal Care,North,115.55,0,0,32,8,37.92,5.92
2025-12-15,S03,SKU019,Personal Care,North,118.83,0,0,36,8,34.83,1.17
2025-12-16,S03,SKU019,Personal Care,North,118.96,0,0,31,3,35.62,4.62
2025-12-17,S03,SKU019,Personal Care,North,117.02,0,0,35,8,35.28,0.28
2025-12-18,S03,SKU019,Personal Care,North,112.71,0,0,40,8,35.87,4.13
2025-12-19,S03,SKU019,Personal Care,North,112.89,0,0,40,7,35.11,4.89
2025-12-20,S03,SKU019,Personal Care,North,119.58,0,0,42,3,37.66,4.34
2025-12-21,S03,SKU019,Personal Care,North,117.04,0,0,49,9,38.26,10.74
2025-12-22,S03,SKU019,Personal Care,North,113.64,0,0,40,5,36.48,3.52
2025-12-23,S03,SKU019,Personal Care,North,116.7,0,0,38,3,36.3,1.7
2025-12-24,S03,SKU019,Personal Care,North,114.42,0,0,34,3,34.42,0.42
2025-12-25,S03,SKU019,Personal Care,North,114.21,0,1,51,2,41.25,9.75
2025-12-26,S03,SKU019,Personal Care,North,116.27,0,0,36,5,36.96,0.96
2025-12-27,S03,SKU019,Personal Care,North,116.63,0,0,45,4,40.64,4.36
2025-12-28,S03,SKU019,Personal Care,North,115.16,0,0,34,8,39.75,5.75
2025-12-29,S03,SKU019,Personal Care,North,116.0,0,0,39,8,36.42,2.58
2025-12-30,S03,SKU019,Personal Care,North,115.22,0,0,30,9,36.65,6.65
2025-12-31,S03,SKU019,Personal Care,North,116.86,0,0,31,2,36.21,5.21
2025-08-13,S03,SKU020,Household,North,360.29,0,0,51,8,47.79,3.21
2025-08-14,S03,SKU020,Household,North,372.56,0,0,51,7,49.22,1.78
2025-08-15,S03,SKU020,Household,North,366.0,0,1,60,8,56.47,3.53
2025-08-16,S03,SKU020,Household,North,368.9,0,0,64,4,53.74,10.26
2025-08-17,S03,SKU020,Household,North,344.46,1,0,81,9,70.89,10.11
2025-08-18,S03,SKU020,Household,North,369.13,0,0,62,7,50.87,11.13
2025-08-19,S03,SKU020,Household,North,367.69,0,0,49,4,50.95,1.95
2025-08-20,S03,SKU020,Household,North,376.08,0,0,38,7,50.83,12.83
2025-08-21,S03,SKU020,Household,North,334.83,1,0,56,8,65.95,9.95
2025-08-22,S03,SKU020,Household,North,371.65,0,0,47,9,50.27,3.27
2025-08-23,S03,SKU020,Household,North,374.47,0,0,57,9,53.68,3.32
2025-08-24,S03,SKU020,Household,North,375.56,0,0,57,9,51.93,5.07
2025-08-25,S03,SKU020,Household,North,371.74,0,0,55,2,49.35,5.65
2025-08-26,S03,SKU020,Household,North,368.06,0,0,52,3,49.5,2.5
2025-08-27,S03,SKU020,Household,North,374.37,0,0,47,2,48.87,1.87
2025-08-28,S03,SKU020,Household,North,372.37,0,0,52,6,50.25,1.75
2025-08-29,S03,SKU020,Household,North,373.82,0,0,46,3,49.87,3.87
2025-08-30,S03,SKU020,Household,North,370.07,0,0,51,2,53.65,2.65
2025-08-31,S03,SKU020,Household,North,358.64,0,0,50,8,52.6,2.6
2025-09-01,S03,SKU020,Household,North,343.15,1,0,61,8,65.64,4.64
2025-09-02,S03,SKU020,Household,North,354.0,0,0,43,8,48.69,5.69
2025-09-03,S03,SKU020,Household,North,368.91,0,0,46,6,48.83,2.83
2025-09-04,S03,SKU020,Household,North,369.3,0,0,43,3,48.77,5.77
2025-09-05,S03,SKU020,Household,North,370.61,0,0,59,7,49.4,9.6
2025-09-06,S03,SKU020,Household,North,377.52,0,0,48,2,52.67,4.67
2025-09-07,S03,SKU020,Household,North,365.18,0,0,40,2,52.55,12.55
2025-09-08,S03,SKU020,Household,North,367.6,0,0,53,8,48.4,4.6
2025-09-09,S03,SKU020,Household,North,360.23,0,0,45,9,48.8,3.8
2025-09-10,S03,SKU020,Household,North,343.8,1,0,63,8,64.18,1.18
2025-09-11,S03,SKU020,Household,North,362.98,0,0,47,7,48.55,1.55
2025-09-12,S03,SKU020,Household,North,374.04,0,0,49,2,48.74,0.26
2025-09-13,S03,SKU020,Household,North,372.22,0,0,54,3,52.26,1.74
2025-09-14,S03,SKU020,Household,North,371.51,0,0,53,4,51.59,1.41
2025-09-15,S03,SKU020,Household,North,378.99,0,0,42,7,47.13,5.13
2025-09-16,S03,SKU020,Household,North,364.87,0,0,45,8,46.82,1.82
2025-09-17,S03,SKU020,Household,North,364.46,0,0,45,3,45.13,0.13
2025-09-18,S03,SKU020,Household,North,369.82,0,0,44,8,46.43,2.43
2025-09-19,S03,SKU020,Household,North,378.74,0,0,50,7,45.73,4.27
2025-09-20,S03,SKU020,Household,North,338.05,1,0,59,7,64.56,5.56
2025-09-21,S03,SKU020,Household,North,380.3,0,0,53,3,48.72,4.28
2025-09-22,S03,SKU020,Household,North,369.3,0,0,52,6,46.27,5.73
2025-09-23,S03,SKU020,Household,North,369.52,0,0,53,2,46.59,6.41
2025-09-24,S03,SKU020,Household,North,374.85,0,0,48,9,46.48,1.52
2025-09-25,S03,SKU020,Household,North,360.54,0,0,43,4,46.36,3.36
2025-09-26,S03,SKU020,Household,North,366.6,0,0,49,7,46.32,2.68
2025-09-27,S03,SKU020,Household,North,371.26,0,0,45,6,50.36,5.36
2025-09-28,S03,SKU020,Household,North,365.28,0,0,40,8,50.66,10.66
2025-09-29,S03,SKU020,Household,North,368.06,0,0,42,2,45.8,3.8
2025-09-30,S03,SKU020,Household,North,369.27,0,0,46,4,45.13,0.87
2025-10-01,S03,SKU020,Household,North,374.03,0,0,54,9,45.08,8.92
2025-10-02,S03,SKU020,Household,North,379.2,0,1,59,5,50.8,8.2
2025-10-03,S03,SKU020,Household,North,376.92,0,0,60,7,46.63,13.37
2025-10-04,S03,SKU020,Household,North,357.9,0,0,53,6,50.34,2.66
2025-10-05,S03,SKU020,Household,North,343.27,1,0,68,5,65.81,2.19
2025-10-06,S03,SKU020,Household,North,366.56,0,0,51,8,47.52,3.48
2025-10-07,S03,SKU020,Household,North,368.9,0,0,49,9,47.71,1.29
2025-10-08,S03,SKU020,Household,North,375.4,0,0,49,5,48.29,0.71
2025-10-09,S03,SKU020,Household,North,365.83,0,0,51,2,47.31,3.69
2025-10-10,S03,SKU020,Household,North,365.22,0,0,56,5,47.49,8.51
2025-10-11,S03,SKU020,Household,North,379.62,0,0,49,2,51.68,2.68
2025-10-12,S03,SKU020,Household,North,369.01,0,0,52,2,51.81,0.19
2025-10-13,S03,SKU020,Household,North,372.05,0,0,49,3,47.85,1.15
2025-10-14,S03,SKU020,Household,North,365.8,0,0,47,9,48.47,1.47
2025-10-15,S03,SKU020,Household,North,363.22,0,0,47,9,48.32,1.32
2025-10-16,S03,SKU020,Household,North,374.07,0,0,52,4,48.12,3.88
2025-10-17,S03,SKU020,Household,North,362.32,0,0,47,5,48.64,1.64
2025-10-18,S03,SKU020,Household,North,375.41,0,0,43,3,52.54,9.54
2025-10-19,S03,SKU020,Household,North,372.41,0,0,45,5,51.17,6.17
2025-10-20,S03,SKU020,Household,North,369.52,0,0,57,7,47.27,9.73
2025-10-21,S03,SKU020,Household,North,372.87,0,0,56,7,47.86,8.14
2025-10-22,S03,SKU020,Household,North,368.98,0,0,53,9,48.27,4.73
2025-10-23,S03,SKU020,Household,North,367.72,0,0,45,2,48.38,3.38
2025-10-24,S03,SKU020,Household,North,381.84,0,0,52,4,48.14,3.86
2025-10-25,S03,SKU020,Household,North,373.05,0,0,55,4,51.84,3.16
2025-10-26,S03,SKU020,Household,North,385.21,0,0,48,3,51.81,3.81
2025-10-27,S03,SKU020,Household,North,380.83,0,0,45,3,48.78,3.78
2025-10-28,S03,SKU020,Household,North,346.54,1,0,71,6,64.59,6.41
2025-10-29,S03,SKU020,Household,North,373.99,0,0,54,8,50.75,3.25
2025-10-30,S03,SKU020,Household,North,352.65,0,0,50,4,50.14,0.14
2025-10-31,S03,SKU020,Household,North,375.3,0,0,35,8,50.01,15.01
2025-11-01,S03,SKU020,Household,North,379.97,0,0,50,6,53.57,3.57
2025-11-02,S03,SKU020,Household,North,369.45,0,0,58,5,53.71,4.29
2025-11-03,S03,SKU020,Household,North,373.42,0,0,46,4,48.95,2.95
2025-11-04,S03,SKU020,Household,North,374.07,0,0,53,9,48.39,4.61
2025-11-05,S03,SKU020,Household,North,366.03,0,0,38,5,49.65,11.65
2025-11-06,S03,SKU020,Household,North,373.85,0,0,57,7,48.93,8.07
2025-11-07,S03,SKU020,Household,North,369.73,0,0,55,7,49.1,5.9
2025-11-08,S03,SKU020,Household,North,370.11,0,0,49,5,53.29,4.29
2025-11-09,S03,SKU020,Household,North,368.83,0,0,59,2,53.87,5.13
2025-11-10,S03,SKU020,Household,North,361.28,0,0,47,9,49.57,2.57
2025-11-11,S03,SKU020,Household,North,365.56,0,0,43,4,49.59,6.59
2025-11-12,S03,SKU020,Household,North,374.54,0,0,48,9,49.35,1.35
2025-11-13,S03,SKU020,Household,North,368.98,0,0,52,7,49.59,2.41
2025-11-14,S03,SKU020,Household,North,361.09,0,0,51,8,49.71,1.29
2025-11-15,S03,SKU020,Household,North,378.1,0,0,50,4,53.86,3.86
2025-11-16,S03,SKU020,Household,North,375.45,0,0,50,3,54.27,4.27
2025-11-17,S03,SKU020,Household,North,371.17,0,0,49,7,49.76,0.76
2025-11-18,S03,SKU020,Household,North,377.28,0,0,56,2,49.85,6.15
2025-11-19,S03,SKU020,Household,North,370.42,0,0,54,8,49.65,4.35
2025-11-20,S03,SKU020,Household,North,348.16,1,0,63,9,64.82,1.82
2025-11-21,S03,SKU020,Household,North,369.26,0,0,53,8,50.7,2.3
2025-11-22,S03,SKU020,Household,North,372.67,0,0,56,4,55.1,0.9
2025-11-23,S03,SKU020,Household,North,373.11,0,0,54,8,54.94,0.94
2025-11-24,S03,SKU020,Household,North,367.98,0,0,64,6,50.62,13.38
2025-11-25,S03,SKU020,Household,North,377.55,0,0,48,8,50.99,2.99
2025-11-26,S03,SKU020,Household,North,373.75,0,0,54,6,51.24,2.76
2025-11-27,S03,SKU020,Household,North,370.57,0,0,57,3,50.87,6.13
2025-11-28,S03,SKU020,Household,North,346.82,1,0,70,3,65.35,4.65
2025-11-29,S03,SKU020,Household,North,383.89,0,0,61,5,58.52,2.48
2025-11-30,S03,SKU020,Household,North,373.7,0,0,66,7,58.27,7.73
2025-12-01,S03,SKU020,Household,North,377.76,0,0,53,3,50.79,2.21
2025-12-02,S03,SKU020,Household,North,364.11,0,0,56,7,53.23,2.77
2025-12-03,S03,SKU020,Household,North,374.08,0,0,48,6,53.27,5.27
2025-12-04,S03,SKU020,Household,North,370.91,0,0,50,9,54.35,4.35
2025-12-05,S03,SKU020,Household,North,343.61,1,0,69,3,68.91,0.09
2025-12-06,S03,SKU020,Household,North,370.12,0,0,69,2,58.78,10.22
2025-12-07,S03,SKU020,Household,North,369.3,0,0,63,4,59.0,4.0
2025-12-08,S03,SKU020,Household,North,358.87,0,0,49,8,55.65,6.65
2025-12-09,S03,SKU020,Household,North,378.88,0,0,48,2,55.89,7.89
2025-12-10,S03,SKU020,Household,North,370.95,0,0,44,5,55.64,11.64
2025-12-11,S03,SKU020,Household,North,339.44,1,0,78,6,72.16,5.84
2025-12-12,S03,SKU020,Household,North,372.34,0,0,54,6,54.2,0.2
2025-12-13,S03,SKU020,Household,North,372.07,0,0,54,9,60.91,6.91
2025-12-14,S03,SKU020,Household,North,368.18,0,0,58,3,61.72,3.72
2025-12-15,S03,SKU020,Household,North,373.46,0,0,53,6,55.81,2.81
2025-12-16,S03,SKU020,Household,North,374.56,0,0,65,8,56.47,8.53
2025-12-17,S03,SKU020,Household,North,371.16,0,0,52,5,57.67,5.67
2025-12-18,S03,SKU020,Household,North,375.33,0,0,66,2,55.86,10.14
2025-12-19,S03,SKU020,Household,North,363.41,0,0,59,5,58.04,0.96
2025-12-20,S03,SKU020,Household,North,340.42,1,0,79,2,79.89,0.89
2025-12-21,S03,SKU020,Household,North,372.94,0,0,64,7,63.69,0.31
2025-12-22,S03,SKU020,Household,North,370.93,0,0,57,8,58.55,1.55
2025-12-23,S03,SKU020,Household,North,368.09,0,0,57,3,58.42,1.42
2025-12-24,S03,SKU020,Household,North,367.86,0,0,50,6,57.2,7.2
2025-12-25,S03,SKU020,Household,North,336.24,1,1,82,2,77.48,4.52
2025-12-26,S03,SKU020,Household,North,343.1,1,0,76,7,75.19,0.81
2025-12-27,S03,SKU020,Household,North,370.88,0,0,70,3,62.42,7.58
2025-12-28,S03,SKU020,Household,North,375.36,0,0,61,6,64.75,3.75
2025-12-29,S03,SKU020,Household,North,354.85,0,0,54,7,59.56,5.56
2025-12-30,S03,SKU020,Household,North,371.32,0,0,63,5,59.64,3.36
2025-12-31,S03,SKU020,Household,North,376.57,0,0,51,8,58.7,7.7
2025-08-13,S04,SKU001,Beverages,East,250.85,0,0,32,5,23.56,8.44
2025-08-14,S04,SKU001,Beverages,East,249.25,0,0,27,4,23.6,3.4
2025-08-15,S04,SKU001,Beverages,East,254.37,0,1,29,8,28.96,0.04
2025-08-16,S04,SKU001,Beverages,East,226.56,1,0,32,8,32.42,0.42
2025-08-17,S04,SKU001,Beverages,East,228.63,1,0,42,8,32.31,9.69
2025-08-18,S04,SKU001,Beverages,East,224.31,1,0,22,5,32.71,10.71
2025-08-19,S04,SKU001,Beverages,East,244.48,0,0,19,4,25.15,6.15
2025-08-20,S04,SKU001,Beverages,East,247.44,0,0,33,9,24.53,8.47
2025-08-21,S04,SKU001,Beverages,East,248.84,0,0,19,4,23.86,4.86
2025-08-22,S04,SKU001,Beverages,East,245.6,0,0,12,2,23.56,11.56
2025-08-23,S04,SKU001,Beverages,East,225.67,1,0,31,8,33.45,2.45
2025-08-24,S04,SKU001,Beverages,East,246.27,0,0,31,6,25.61,5.39
2025-08-25,S04,SKU001,Beverages,East,249.55,0,0,22,8,23.59,1.59
2025-08-26,S04,SKU001,Beverages,East,247.93,0,0,21,3,23.68,2.68
2025-08-27,S04,SKU001,Beverages,East,247.0,0,0,28,2,23.05,4.95
2025-08-28,S04,SKU001,Beverages,East,240.73,0,0,18,8,23.36,5.36
2025-08-29,S04,SKU001,Beverages,East,244.82,0,0,25,9,23.4,1.6
2025-08-30,S04,SKU001,Beverages,East,248.45,0,0,29,6,25.25,3.75
2025-08-31,S04,SKU001,Beverages,East,245.88,0,0,30,6,25.15,4.85
2025-09-01,S04,SKU001,Beverages,East,250.43,0,0,20,6,24.21,4.21
2025-09-02,S04,SKU001,Beverages,East,246.95,0,0,22,8,23.55,1.55
2025-09-03,S04,SKU001,Beverages,East,247.54,0,0,20,6,23.48,3.48
2025-09-04,S04,SKU001,Beverages,East,247.55,0,0,20,2,23.47,3.47
2025-09-05,S04,SKU001,Beverages,East,245.43,0,0,20,2,22.99,2.99
2025-09-06,S04,SKU001,Beverages,East,245.9,0,0,18,5,23.75,5.75
2025-09-07,S04,SKU001,Beverages,East,246.54,0,0,24,4,24.04,0.04
2025-09-08,S04,SKU001,Beverages,East,246.18,0,0,19,5,21.87,2.87
2025-09-09,S04,SKU001,Beverages,East,251.35,0,0,27,4,22.43,4.57
2025-09-10,S04,SKU001,Beverages,East,247.0,0,0,12,3,22.54,10.54
2025-09-11,S04,SKU001,Beverages,East,242.33,0,0,14,4,20.95,6.95
2025-09-12,S04,SKU001,Beverages,East,249.11,0,0,12,8,21.4,9.4
2025-09-13,S04,SKU001,Beverages,East,246.52,0,0,27,4,22.33,4.67
2025-09-14,S04,SKU001,Beverages,East,246.34,0,0,25,4,22.39,2.61
2025-09-15,S04,SKU001,Beverages,East,240.81,0,0,24,6,20.61,3.39
2025-09-16,S04,SKU001,Beverages,East,255.8,0,0,23,7,20.18,2.82
2025-09-17,S04,SKU001,Beverages,East,247.54,0,0,29,9,22.23,6.77
2025-09-18,S04,SKU001,Beverages,East,248.87,0,0,29,3,20.72,8.28
2025-09-19,S04,SKU001,Beverages,East,244.56,0,0,25,9,21.15,3.85
2025-09-20,S04,SKU001,Beverages,East,245.18,0,0,25,7,22.83,2.17
2025-09-21,S04,SKU001,Beverages,East,249.28,0,0,23,6,22.57,0.43
2025-09-22,S04,SKU001,Beverages,East,252.38,0,0,23,7,21.39,1.61
2025-09-23,S04,SKU001,Beverages,East,250.57,0,0,16,8,21.28,5.28
2025-09-24,S04,SKU001,Beverages,East,243.03,0,0,24,5,21.1,2.9
2025-09-25,S04,SKU001,Beverages,East,222.88,1,0,35,6,26.88,8.12
2025-09-26,S04,SKU001,Beverages,East,248.21,0,0,21,4,21.32,0.32
2025-09-27,S04,SKU001,Beverages,East,244.69,0,0,27,6,22.39,4.61
2025-09-28,S04,SKU001,Beverages,East,243.98,0,0,26,4,22.7,3.3
2025-09-29,S04,SKU001,Beverages,East,242.33,0,0,32,4,21.13,10.87
2025-09-30,S04,SKU001,Beverages,East,222.53,1,0,30,6,27.63,2.37
2025-10-01,S04,SKU001,Beverages,East,243.49,0,0,20,8,21.31,1.31
2025-10-02,S04,SKU001,Beverages,East,248.5,0,1,26,8,25.11,0.89
2025-10-03,S04,SKU001,Beverages,East,242.92,0,0,30,4,21.71,8.29
2025-10-04,S04,SKU001,Beverages,East,244.71,0,0,28,5,23.82,4.18
2025-10-05,S04,SKU001,Beverages,East,228.64,1,0,35,8,31.39,3.61
2025-10-06,S04,SKU001,Beverages,East,251.7,0,0,21,2,22.14,1.14
2025-10-07,S04,SKU001,Beverages,East,246.09,0,0,25,4,22.87,2.13
2025-10-08,S04,SKU001,Beverages,East,242.52,0,0,20,6,22.56,2.56
2025-10-09,S04,SKU001,Beverages,East,248.93,0,0,23,7,22.86,0.14
2025-10-10,S04,SKU001,Beverages,East,226.07,1,0,25,9,30.05,5.05
2025-10-11,S04,SKU001,Beverages,East,247.77,0,0,22,5,25.76,3.76
2025-10-12,S04,SKU001,Beverages,East,227.74,1,0,23,7,33.37,10.37
2025-10-13,S04,SKU001,Beverages,East,250.85,0,0,26,6,23.92,2.08
2025-10-14,S04,SKU001,Beverages,East,242.22,0,0,15,6,23.94,8.94
2025-10-15,S04,SKU001,Beverages,East,239.75,0,0,21,3,22.67,1.67
2025-10-16,S04,SKU001,Beverages,East,249.46,0,0,17,9,23.08,6.08
2025-10-17,S04,SKU001,Beverages,East,247.63,0,0,20,8,22.13,2.13
2025-10-18,S04,SKU001,Beverages,East,247.72,0,0,15,8,23.67,8.67
2025-10-19,S04,SKU001,Beverages,East,245.53,0,0,20,2,23.61,3.61
2025-10-20,S04,SKU001,Beverages,East,247.65,0,0,18,5,21.47,3.47
2025-10-21,S04,SKU001,Beverages,East,237.85,0,0,23,9,22.08,0.92
2025-10-22,S04,SKU001,Beverages,East,245.58,0,0,21,9,22.02,1.02
2025-10-23,S04,SKU001,Beverages,East,245.78,0,0,28,5,21.89,6.11
2025-10-24,S04,SKU001,Beverages,East,253.06,0,0,24,4,21.57,2.43
2025-10-25,S04,SKU001,Beverages,East,245.84,0,0,26,9,22.87,3.13
2025-10-26,S04,SKU001,Beverages,East,246.24,0,0,29,4,23.57,5.43
2025-10-27,S04,SKU001,Beverages,East,247.48,0,0,25,4,22.38,2.62
2025-10-28,S04,SKU001,Beverages,East,248.11,0,0,26,6,23.02,2.98
2025-10-29,S04,SKU001,Beverages,East,225.88,1,0,18,5,29.61,11.61
2025-10-30,S04,SKU001,Beverages,East,242.82,0,0,25,8,22.82,2.18
2025-10-31,S04,SKU001,Beverages,East,224.66,1,0,36,8,30.17,5.83
2025-11-01,S04,SKU001,Beverages,East,249.18,0,0,24,4,23.95,0.05
2025-11-02,S04,SKU001,Beverages,East,240.07,0,0,23,7,24.23,1.23
2025-11-03,S04,SKU001,Beverages,East,244.76,0,0,28,3,22.61,5.39
2025-11-04,S04,SKU001,Beverages,East,247.05,0,0,8,2,21.96,13.96
2025-11-05,S04,SKU001,Beverages,East,247.73,0,0,20,6,21.81,1.81
2025-11-06,S04,SKU001,Beverages,East,247.44,0,0,22,4,21.49,0.51
2025-11-07,S04,SKU001,Beverages,East,245.62,0,0,15,6,21.28,6.28
2025-11-08,S04,SKU001,Beverages,East,248.38,0,0,22,2,22.05,0.05
2025-11-09,S04,SKU001,Beverages,East,248.15,0,0,14,2,22.45,8.45
2025-11-10,S04,SKU001,Beverages,East,245.2,0,0,29,2,21.49,7.51
2025-11-11,S04,SKU001,Beverages,East,231.42,1,0,34,6,30.13,3.87
2025-11-12,S04,SKU001,Beverages,East,244.56,0,0,20,8,22.09,2.09
2025-11-13,S04,SKU001,Beverages,East,246.5,0,0,20,4,22.0,2.0
2025-11-14,S04,SKU001,Beverages,East,237.01,0,0,27,2,21.56,5.44
2025-11-15,S04,SKU001,Beverages,East,250.61,0,0,30,3,23.84,6.16
2025-11-16,S04,SKU001,Beverages,East,251.32,0,0,15,8,25.04,10.04
2025-11-17,S04,SKU001,Beverages,East,250.23,0,0,17,7,23.34,6.34
2025-11-18,S04,SKU001,Beverages,East,235.75,1,0,33,7,27.65,5.35
2025-11-19,S04,SKU001,Beverages,East,239.28,0,0,27,7,23.22,3.78
2025-11-20,S04,SKU001,Beverages,East,248.92,0,0,29,5,23.25,5.75
2025-11-21,S04,SKU001,Beverages,East,229.82,1,0,29,8,30.4,1.4
2025-11-22,S04,SKU001,Beverages,East,227.15,1,0,36,3,32.34,3.66
2025-11-23,S04,SKU001,Beverages,East,251.31,0,0,31,6,25.86,5.14
2025-11-24,S04,SKU001,Beverages,East,244.9,0,0,32,3,23.39,8.61
2025-11-25,S04,SKU001,Beverages,East,247.98,0,0,29,7,24.98,4.02
2025-11-26,S04,SKU001,Beverages,East,224.38,1,0,33,3,30.91,2.09
2025-11-27,S04,SKU001,Beverages,East,244.45,0,0,28,7,25.61,2.39
2025-11-28,S04,SKU001,Beverages,East,225.2,1,0,31,5,34.39,3.39
2025-11-29,S04,SKU001,Beverages,East,253.31,0,0,20,4,26.56,6.56
2025-11-30,S04,SKU001,Beverages,East,250.33,0,0,28,5,26.31,1.69
2025-12-01,S04,SKU001,Beverages,East,249.21,0,0,26,8,25.28,0.72
2025-12-02,S04,SKU001,Beverages,East,240.84,0,0,32,3,22.94,9.06
2025-12-03,S04,SKU001,Beverages,East,232.1,1,0,33,3,32.77,0.23
2025-12-04,S04,SKU001,Beverages,East,250.18,0,0,28,9,26.11,1.89
2025-12-05,S04,SKU001,Beverages,East,243.58,0,0,31,8,25.37,5.63
2025-12-06,S04,SKU001,Beverages,East,251.38,0,0,31,2,29.04,1.96
2025-12-07,S04,SKU001,Beverages,East,247.3,0,0,39,5,29.16,9.84
2025-12-08,S04,SKU001,Beverages,East,247.3,0,0,29,8,28.14,0.86
2025-12-09,S04,SKU001,Beverages,East,247.04,0,0,23,6,27.66,4.66
2025-12-10,S04,SKU001,Beverages,East,245.89,0,0,27,9,27.97,0.97
2025-12-11,S04,SKU001,Beverages,East,228.68,1,0,40,7,35.53,4.47
2025-12-12,S04,SKU001,Beverages,East,247.56,0,0,22,9,29.08,7.08
2025-12-13,S04,SKU001,Beverages,East,248.89,0,0,35,9,31.12,3.88
2025-12-14,S04,SKU001,Beverages,East,248.82,0,0,36,9,29.55,6.45
2025-12-15,S04,SKU001,Beverages,East,243.43,0,0,19,6,29.46,10.46
2025-12-16,S04,SKU001,Beverages,East,243.04,0,0,25,2,29.42,4.42
2025-12-17,S04,SKU001,Beverages,East,252.61,0,0,26,2,29.85,3.85
2025-12-18,S04,SKU001,Beverages,East,250.43,0,0,27,5,29.63,2.63
2025-12-19,S04,SKU001,Beverages,East,247.49,0,0,31,4,28.52,2.48
2025-12-20,S04,SKU001,Beverages,East,242.65,0,0,30,4,31.28,1.28
2025-12-21,S04,SKU001,Beverages,East,248.6,0,0,23,7,31.49,8.49
2025-12-22,S04,SKU001,Beverages,East,242.87,0,0,21,6,27.13,6.13
2025-12-23,S04,SKU001,Beverages,East,246.39,0,0,21,2,27.34,6.34
2025-12-24,S04,SKU001,Beverages,East,252.01,0,0,25,3,27.18,2.18
2025-12-25,S04,SKU001,Beverages,East,241.71,0,1,39,2,31.74,7.26
2025-12-26,S04,SKU001,Beverages,East,242.91,0,0,22,3,26.82,4.82
2025-12-27,S04,SKU001,Beverages,East,254.26,0,0,33,3,28.46,4.54
2025-12-28,S04,SKU001,Beverages,East,246.52,0,0,25,5,29.95,4.95
2025-12-29,S04,SKU001,Beverages,East,244.13,0,0,36,6,26.34,9.66
2025-12-30,S04,SKU001,Beverages,East,247.2,0,0,15,9,28.22,13.22
2025-12-31,S04,SKU001,Beverages,East,251.15,0,0,35,8,26.86,8.14
2025-08-13,S04,SKU002,Snacks,East,201.24,0,0,31,8,33.76,2.76
2025-08-14,S04,SKU002,Snacks,East,202.92,0,0,34,8,34.06,0.06
2025-08-15,S04,SKU002,Snacks,East,197.91,0,1,39,8,38.21,0.79
2025-08-16,S04,SKU002,Snacks,East,202.56,0,0,31,4,34.52,3.52
2025-08-17,S04,SKU002,Snacks,East,204.18,0,0,33,9,36.33,3.33
2025-08-18,S04,SKU002,Snacks,East,202.83,0,0,27,4,32.78,5.78
2025-08-19,S04,SKU002,Snacks,East,200.79,0,0,35,3,31.9,3.1
2025-08-20,S04,SKU002,Snacks,East,193.4,0,0,37,8,31.87,5.13
2025-08-21,S04,SKU002,Snacks,East,201.8,0,0,29,2,32.54,3.54
2025-08-22,S04,SKU002,Snacks,East,203.82,0,0,32,9,32.15,0.15
2025-08-23,S04,SKU002,Snacks,East,197.95,0,0,39,3,34.78,4.22
2025-08-24,S04,SKU002,Snacks,East,185.7,1,0,54,9,46.13,7.87
2025-08-25,S04,SKU002,Snacks,East,200.25,0,0,32,2,33.03,1.03
2025-08-26,S04,SKU002,Snacks,East,202.38,0,0,33,7,32.75,0.25
2025-08-27,S04,SKU002,Snacks,East,202.58,0,0,32,2,32.65,0.65
2025-08-28,S04,SKU002,Snacks,East,196.63,0,0,39,7,32.39,6.61
2025-08-29,S04,SKU002,Snacks,East,199.2,0,0,25,6,32.6,7.6
2025-08-30,S04,SKU002,Snacks,East,205.35,0,0,36,5,34.92,1.08
2025-08-31,S04,SKU002,Snacks,East,198.01,0,0,28,5,35.16,7.16
2025-09-01,S04,SKU002,Snacks,East,197.56,0,0,27,8,31.28,4.28
2025-09-02,S04,SKU002,Snacks,East,193.61,0,0,26,5,30.84,4.84
2025-09-03,S04,SKU002,Snacks,East,198.08,0,0,35,4,29.95,5.05
2025-09-04,S04,SKU002,Snacks,East,201.72,0,0,39,8,29.7,9.3
2025-09-05,S04,SKU002,Snacks,East,196.75,0,0,31,4,31.34,0.34
2025-09-06,S04,SKU002,Snacks,East,199.29,0,0,37,4,32.59,4.41
2025-09-07,S04,SKU002,Snacks,East,202.84,0,0,22,6,33.13,11.13
2025-09-08,S04,SKU002,Snacks,East,204.0,0,0,28,6,30.11,2.11
2025-09-09,S04,SKU002,Snacks,East,200.57,0,0,30,6,30.18,0.18
2025-09-10,S04,SKU002,Snacks,East,202.37,0,0,27,2,30.05,3.05
2025-09-11,S04,SKU002,Snacks,East,210.99,0,0,30,5,29.53,0.47
2025-09-12,S04,SKU002,Snacks,East,190.13,1,0,48,7,38.75,9.25
2025-09-13,S04,SKU002,Snacks,East,200.16,0,0,39,3,32.48,6.52
2025-09-14,S04,SKU002,Snacks,East,204.45,0,0,24,9,32.55,8.55
2025-09-15,S04,SKU002,Snacks,East,203.98,0,0,27,4,30.12,3.12
2025-09-16,S04,SKU002,Snacks,East,203.96,0,0,26,4,30.0,4.0
2025-09-17,S04,SKU002,Snacks,East,201.7,0,0,29,7,29.36,0.36
2025-09-18,S04,SKU002,Snacks,East,199.54,0,0,28,6,29.83,1.83
2025-09-19,S04,SKU002,Snacks,East,202.75,0,0,32,9,29.1,2.9
2025-09-20,S04,SKU002,Snacks,East,201.4,0,0,32,3,32.23,0.23
2025-09-21,S04,SKU002,Snacks,East,200.23,0,0,28,3,31.72,3.72
2025-09-22,S04,SKU002,Snacks,East,199.52,0,0,38,8,28.79,9.21
2025-09-23,S04,SKU002,Snacks,East,201.72,0,0,31,3,29.76,1.24
2025-09-24,S04,SKU002,Snacks,East,199.72,0,0,31,7,29.41,1.59
2025-09-25,S04,SKU002,Snacks,East,205.88,0,0,35,6,29.58,5.42
2025-09-26,S04,SKU002,Snacks,East,199.99,0,0,27,2,29.58,2.58
2025-09-27,S04,SKU002,Snacks,East,204.33,0,0,29,5,31.26,2.26
2025-09-28,S04,SKU002,Snacks,East,204.81,0,0,37,4,31.12,5.88
2025-09-29,S04,SKU002,Snacks,East,201.39,0,0,31,2,29.33,1.67
2025-09-30,S04,SKU002,Snacks,East,206.31,0,0,31,9,29.7,1.3
2025-10-01,S04,SKU002,Snacks,East,202.18,0,0,32,2,30.33,1.67
2025-10-02,S04,SKU002,Snacks,East,208.92,0,1,47,5,36.0,11.0
2025-10-03,S04,SKU002,Snacks,East,207.08,0,0,28,5,30.18,2.18
2025-10-04,S04,SKU002,Snacks,East,198.77,0,0,35,3,32.61,2.39
2025-10-05,S04,SKU002,Snacks,East,204.2,0,0,40,8,32.22,7.78
2025-10-06,S04,SKU002,Snacks,East,198.23,0,0,18,8,30.67,12.67
2025-10-07,S04,SKU002,Snacks,East,198.64,0,0,33,6,30.49,2.51
2025-10-08,S04,SKU002,Snacks,East,201.42,0,0,30,2,30.18,0.18
2025-10-09,S04,SKU002,Snacks,East,202.21,0,0,35,4,30.51,4.49
2025-10-10,S04,SKU002,Snacks,East,201.41,0,0,32,8,30.36,1.64
2025-10-11,S04,SKU002,Snacks,East,200.13,0,0,40,6,32.44,7.56
2025-10-12,S04,SKU002,Snacks,East,182.61,1,0,39,8,40.67,1.67
2025-10-13,S04,SKU002,Snacks,East,202.3,0,0,32,4,30.29,1.71
2025-10-14,S04,SKU002,Snacks,East,201.98,0,0,37,9,30.35,6.65
2025-10-15,S04,SKU002,Snacks,East,202.56,0,0,30,2,30.85,0.85
2025-10-16,S04,SKU002,Snacks,East,206.32,0,0,29,3,30.85,1.85
2025-10-17,S04,SKU002,Snacks,East,201.91,0,0,34,7,31.0,3.0
2025-10-18,S04,SKU002,Snacks,East,203.86,0,0,30,5,33.67,3.67
2025-10-19,S04,SKU002,Snacks,East,209.01,0,0,38,8,32.49,5.51
2025-10-20,S04,SKU002,Snacks,East,206.51,0,0,28,4,31.47,3.47
2025-10-21,S04,SKU002,Snacks,East,199.8,0,0,28,9,30.5,2.5
2025-10-22,S04,SKU002,Snacks,East,207.85,0,0,30,9,30.63,0.63
2025-10-23,S04,SKU002,Snacks,East,204.2,0,0,30,2,30.69,0.69
2025-10-24,S04,SKU002,Snacks,East,204.0,0,0,27,2,30.36,3.36
2025-10-25,S04,SKU002,Snacks,East,201.07,0,0,34,5,33.28,0.72
2025-10-26,S04,SKU002,Snacks,East,200.31,0,0,38,3,33.36,4.64
2025-10-27,S04,SKU002,Snacks,East,204.56,0,0,30,3,31.56,1.56
2025-10-28,S04,SKU002,Snacks,East,201.7,0,0,36,2,31.51,4.49
2025-10-29,S04,SKU002,Snacks,East,204.98,0,0,30,8,31.22,1.22
2025-10-30,S04,SKU002,Snacks,East,195.91,0,0,37,4,31.37,5.63
2025-10-31,S04,SKU002,Snacks,East,202.58,0,0,23,9,30.57,7.57
2025-11-01,S04,SKU002,Snacks,East,203.15,0,0,32,5,33.91,1.91
2025-11-02,S04,SKU002,Snacks,East,200.59,0,0,32,2,34.25,2.25
2025-11-03,S04,SKU002,Snacks,East,193.45,0,0,29,2,31.29,2.29
2025-11-04,S04,SKU002,Snacks,East,199.54,0,0,30,8,31.5,1.5
2025-11-05,S04,SKU002,Snacks,East,201.27,0,0,34,6,32.46,1.54
2025-11-06,S04,SKU002,Snacks,East,200.71,0,0,32,6,31.67,0.33
2025-11-07,S04,SKU002,Snacks,East,200.02,0,0,30,7,32.29,2.29
2025-11-08,S04,SKU002,Snacks,East,206.09,0,0,42,2,34.24,7.76
2025-11-09,S04,SKU002,Snacks,East,203.19,0,0,33,2,34.59,1.59
2025-11-10,S04,SKU002,Snacks,East,200.57,0,0,36,5,31.93,4.07
2025-11-11,S04,SKU002,Snacks,East,206.71,0,0,28,7,32.44,4.44
2025-11-12,S04,SKU002,Snacks,East,204.87,0,0,35,5,31.65,3.35
2025-11-13,S04,SKU002,Snacks,East,201.85,0,0,41,2,31.77,9.23
2025-11-14,S04,SKU002,Snacks,East,199.31,0,0,30,8,32.23,2.23
2025-11-15,S04,SKU002,Snacks,East,205.27,0,0,39,2,34.5,4.5
2025-11-16,S04,SKU002,Snacks,East,200.53,0,0,47,9,33.69,13.31
2025-11-17,S04,SKU002,Snacks,East,204.24,0,0,38,9,32.85,5.15
2025-11-18,S04,SKU002,Snacks,East,201.3,0,0,37,3,33.09,3.91
2025-11-19,S04,SKU002,Snacks,East,201.86,0,0,30,7,33.68,3.68
2025-11-20,S04,SKU002,Snacks,East,205.16,0,0,34,6,33.88,0.12
2025-11-21,S04,SKU002,Snacks,East,203.2,0,0,33,3,34.01,1.01
2025-11-22,S04,SKU002,Snacks,East,206.76,0,0,39,9,35.94,3.06
2025-11-23,S04,SKU002,Snacks,East,203.57,0,0,36,4,36.07,0.07
2025-11-24,S04,SKU002,Snacks,East,200.03,0,0,36,9,33.4,2.6
2025-11-25,S04,SKU002,Snacks,East,199.84,0,0,42,9,33.84,8.16
2025-11-26,S04,SKU002,Snacks,East,205.2,0,0,30,3,34.64,4.64
2025-11-27,S04,SKU002,Snacks,East,202.86,0,0,40,7,34.9,5.1
2025-11-28,S04,SKU002,Snacks,East,205.16,0,0,33,7,34.84,1.84
2025-11-29,S04,SKU002,Snacks,East,204.44,0,0,36,6,37.79,1.79
2025-11-30,S04,SKU002,Snacks,East,203.86,0,0,31,3,38.27,7.27
2025-12-01,S04,SKU002,Snacks,East,202.63,0,0,34,2,34.36,0.36
2025-12-02,S04,SKU002,Snacks,East,185.05,1,0,49,7,46.1,2.9
2025-12-03,S04,SKU002,Snacks,East,204.58,0,0,36,9,35.14,0.86
2025-12-04,S04,SKU002,Snacks,East,202.14,0,0,44,9,35.24,8.76
2025-12-05,S04,SKU002,Snacks,East,202.76,0,0,28,5,36.19,8.19
2025-12-06,S04,SKU002,Snacks,East,199.04,0,0,38,6,39.7,1.7
2025-12-07,S04,SKU002,Snacks,East,202.65,0,0,44,5,38.72,5.28
2025-12-08,S04,SKU002,Snacks,East,200.67,0,0,30,4,35.81,5.81
2025-12-09,S04,SKU002,Snacks,East,197.63,0,0,41,3,35.72,5.28
2025-12-10,S04,SKU002,Snacks,East,202.44,0,0,36,8,36.22,0.22
2025-12-11,S04,SKU002,Snacks,East,204.75,0,0,37,2,37.25,0.25
2025-12-12,S04,SKU002,Snacks,East,205.1,0,0,35,4,36.72,1.72
2025-12-13,S04,SKU002,Snacks,East,202.93,0,0,37,9,39.54,2.54
2025-12-14,S04,SKU002,Snacks,East,185.12,1,0,49,7,52.13,3.13
2025-12-15,S04,SKU002,Snacks,East,200.09,0,0,39,3,36.36,2.64
2025-12-16,S04,SKU002,Snacks,East,200.1,0,0,40,9,36.99,3.01
2025-12-17,S04,SKU002,Snacks,East,198.37,0,0,34,3,36.01,2.01
2025-12-18,S04,SKU002,Snacks,East,199.39,0,0,36,3,36.82,0.82
2025-12-19,S04,SKU002,Snacks,East,205.5,0,0,42,3,36.25,5.75
2025-12-20,S04,SKU002,Snacks,East,201.95,0,0,44,3,39.13,4.87
2025-12-21,S04,SKU002,Snacks,East,196.79,0,0,41,7,38.89,2.11
2025-12-22,S04,SKU002,Snacks,East,193.7,0,0,45,5,36.01,8.99
2025-12-23,S04,SKU002,Snacks,East,210.18,0,0,37,6,37.85,0.85
2025-12-24,S04,SKU002,Snacks,East,203.74,0,0,37,9,36.91,0.09
2025-12-25,S04,SKU002,Snacks,East,197.66,0,1,34,8,43.16,9.16
2025-12-26,S04,SKU002,Snacks,East,203.55,0,0,37,4,37.4,0.4
2025-12-27,S04,SKU002,Snacks,East,204.11,0,0,35,3,39.78,4.78
2025-12-28,S04,SKU002,Snacks,East,202.34,0,0,40,2,40.17,0.17
2025-12-29,S04,SKU002,Snacks,East,201.62,0,0,38,5,37.27,0.73
2025-12-30,S04,SKU002,Snacks,East,204.41,0,0,39,5,37.87,1.13
2025-12-31,S04,SKU002,Snacks,East,189.21,1,0,50,2,48.58,1.42
2025-08-13,S04,SKU003,Personal Care,East,429.39,0,0,21,3,25.29,4.29
2025-08-14,S04,SKU003,Personal Care,East,422.5,0,0,20,6,25.07,5.07
2025-08-15,S04,SKU003,Personal Care,East,432.24,0,1,37,3,30.83,6.17
2025-08-16,S04,SKU003,Personal Care,East,433.78,0,0,25,7,26.28,1.28
2025-08-17,S04,SKU003,Personal Care,East,389.57,1,0,34,3,35.85,1.85
2025-08-18,S04,SKU003,Personal Care,East,386.55,1,0,27,7,33.24,6.24
2025-08-19,S04,SKU003,Personal Care,East,430.25,0,0,36,3,25.42,10.58
2025-08-20,S04,SKU003,Personal Care,East,422.32,0,0,29,3,25.17,3.83
2025-08-21,S04,SKU003,Personal Care,East,384.09,1,0,32,2,35.14,3.14
2025-08-22,S04,SKU003,Personal Care,East,415.94,0,0,22,4,25.92,3.92
2025-08-23,S04,SKU003,Personal Care,East,417.35,0,0,28,9,27.27,0.73
2025-08-24,S04,SKU003,Personal Care,East,429.69,0,0,18,3,27.7,9.7
2025-08-25,S04,SKU003,Personal Care,East,432.88,0,0,22,8,25.21,3.21
2025-08-26,S04,SKU003,Personal Care,East,426.46,0,0,20,4,24.23,4.23
2025-08-27,S04,SKU003,Personal Care,East,421.3,0,0,28,3,23.86,4.14
2025-08-28,S04,SKU003,Personal Care,East,414.93,0,0,33,3,23.8,9.2
2025-08-29,S04,SKU003,Personal Care,East,396.4,1,0,29,9,32.14,3.14
2025-08-30,S04,SKU003,Personal Care,East,427.52,0,0,22,8,26.29,4.29
2025-08-31,S04,SKU003,Personal Care,East,417.4,0,0,18,8,26.52,8.52
2025-09-01,S04,SKU003,Personal Care,East,392.39,1,0,28,3,31.71,3.71
2025-09-02,S04,SKU003,Personal Care,East,425.88,0,0,17,2,24.21,7.21
2025-09-03,S04,SKU003,Personal Care,East,421.77,0,0,27,8,23.44,3.56
2025-09-04,S04,SKU003,Personal Care,East,380.42,1,0,24,2,31.79,7.79
2025-09-05,S04,SKU003,Personal Care,East,425.0,0,0,20,5,23.42,3.42
2025-09-06,S04,SKU003,Personal Care,East,414.85,0,0,30,9,25.18,4.82
2025-09-07,S04,SKU003,Personal Care,East,410.24,0,0,20,6,24.88,4.88
2025-09-08,S04,SKU003,Personal Care,East,417.2,0,0,28,5,23.64,4.36
2025-09-09,S04,SKU003,Personal Care,East,423.62,0,0,20,3,23.74,3.75
2025-09-10,S04,SKU003,Personal Care,East,408.86,0,0,14,4,23.69,9.69
2025-09-11,S04,SKU003,Personal Care,East,421.13,0,0,29,7,22.88,6.12
2025-09-12,S04,SKU003,Personal Care,East,431.61,0,0,13,4,23.73,10.73
2025-09-13,S04,SKU003,Personal Care,East,389.72,1,0,32,3,31.64,0.36
2025-09-14,S04,SKU003,Personal Care,East,430.55,0,0,19,5,23.8,4.8
2025-09-15,S04,SKU003,Personal Care,East,418.78,0,0,19,4,22.15,3.15
2025-09-16,S04,SKU003,Personal Care,East,410.79,0,0,27,9,22.71,4.29
2025-09-17,S04,SKU003,Personal Care,East,420.1,0,0,34,8,21.04,12.96
2025-09-18,S04,SKU003,Personal Care,East,426.44,0,0,26,2,22.54,3.46
2025-09-19,S04,SKU003,Personal Care,East,434.15,0,0,30,9,21.51,8.49
2025-09-20,S04,SKU003,Personal Care,East,428.22,0,0,17,9,24.63,7.63
2025-09-21,S04,SKU003,Personal Care,East,381.8,1,0,39,8,30.76,8.24
2025-09-22,S04,SKU003,Personal Care,East,425.41,0,0,22,9,22.76,0.76
2025-09-23,S04,SKU003,Personal Care,East,390.07,1,0,34,4,29.52,4.48
2025-09-24,S04,SKU003,Personal Care,East,419.15,0,0,20,9,23.1,3.1
2025-09-25,S04,SKU003,Personal Care,East,430.52,0,0,17,7,23.22,6.22
2025-09-26,S04,SKU003,Personal Care,East,388.24,1,0,33,9,29.91,3.09
2025-09-27,S04,SKU003,Personal Care,East,416.66,0,0,19,3,24.15,5.15
2025-09-28,S04,SKU003,Personal Care,East,382.1,1,0,34,6,30.54,3.46
2025-09-29,S04,SKU003,Personal Care,East,424.74,0,0,16,7,23.08,7.08
2025-09-30,S04,SKU003,Personal Care,East,430.33,0,0,21,7,22.13,1.13
2025-10-01,S04,SKU003,Personal Care,East,387.62,1,0,36,9,29.72,6.28
2025-10-02,S04,SKU003,Personal Care,East,397.29,1,1,25,4,33.66,8.66
2025-10-03,S04,SKU003,Personal Care,East,427.86,0,0,21,2,22.48,1.48
2025-10-04,S04,SKU003,Personal Care,East,412.4,0,0,26,6,24.57,1.43
2025-10-05,S04,SKU003,Personal Care,East,425.45,0,0,29,5,24.99,4.01
2025-10-06,S04,SKU003,Personal Care,East,420.02,0,0,28,7,22.69,5.31
2025-10-07,S04,SKU003,Personal Care,East,416.81,0,0,30,4,22.6,7.4
2025-10-08,S04,SKU003,Personal Care,East,421.66,0,0,17,5,23.11,6.11
2025-10-09,S04,SKU003,Personal Care,East,421.12,0,0,22,4,24.4,2.4
2025-10-10,S04,SKU003,Personal Care,East,396.2,1,0,29,4,30.72,1.72
2025-10-11,S04,SKU003,Personal Care,East,425.18,0,0,30,9,26.1,3.9
2025-10-12,S04,SKU003,Personal Care,East,424.98,0,0,32,8,26.16,5.84
2025-10-13,S04,SKU003,Personal Care,East,403.62,1,0,29,4,31.52,2.52
2025-10-14,S04,SKU003,Personal Care,East,418.66,0,0,25,6,24.68,0.32
2025-10-15,S04,SKU003,Personal Care,East,427.03,0,0,14,6,24.84,10.84
2025-10-16,S04,SKU003,Personal Care,East,424.97,0,0,26,6,23.52,2.48
2025-10-17,S04,SKU003,Personal Care,East,426.27,0,0,11,2,24.15,13.15
2025-10-18,S04,SKU003,Personal Care,East,380.6,1,0,30,5,32.55,2.55
2025-10-19,S04,SKU003,Personal Care,East,417.49,0,0,35,3,26.21,8.79
2025-10-20,S04,SKU003,Personal Care,East,431.38,0,0,19,8,23.73,4.73
2025-10-21,S04,SKU003,Personal Care,East,423.48,0,0,26,9,24.1,1.9
2025-10-22,S04,SKU003,Personal Care,East,429.55,0,0,25,5,22.45,2.55
2025-10-23,S04,SKU003,Personal Care,East,419.12,0,0,23,3,22.56,0.44
2025-10-24,S04,SKU003,Personal Care,East,414.57,0,0,25,3,25.13,0.13
2025-10-25,S04,SKU003,Personal Care,East,429.32,0,0,28,3,24.39,3.61
2025-10-26,S04,SKU003,Personal Care,East,427.59,0,0,24,6,25.96,1.96
2025-10-27,S04,SKU003,Personal Care,East,424.49,0,0,24,2,23.14,0.86
2025-10-28,S04,SKU003,Personal Care,East,423.25,0,0,16,8,24.27,8.27
2025-10-29,S04,SKU003,Personal Care,East,431.77,0,0,13,5,23.24,10.24
2025-10-30,S04,SKU003,Personal Care,East,431.5,0,0,17,4,21.71,4.71
2025-10-31,S04,SKU003,Personal Care,East,427.08,0,0,21,7,21.29,0.29
2025-11-01,S04,SKU003,Personal Care,East,424.59,0,0,31,2,24.23,6.77
2025-11-02,S04,SKU003,Personal Care,East,418.61,0,0,33,5,24.3,8.7
2025-11-03,S04,SKU003,Personal Care,East,426.57,0,0,28,8,23.12,4.88
2025-11-04,S04,SKU003,Personal Care,East,425.11,0,0,24,3,23.21,0.79
2025-11-05,S04,SKU003,Personal Care,East,426.72,0,0,27,2,22.97,4.03
2025-11-06,S04,SKU003,Personal Care,East,427.49,0,0,27,6,23.39,3.61
2025-11-07,S04,SKU003,Personal Care,East,417.05,0,0,38,7,23.93,14.07
2025-11-08,S04,SKU003,Personal Care,East,427.04,0,0,32,9,26.09,5.91
2025-11-09,S04,SKU003,Personal Care,East,428.59,0,0,17,6,25.83,8.83
2025-11-10,S04,SKU003,Personal Care,East,420.88,0,0,27,7,23.61,3.39
2025-11-11,S04,SKU003,Personal Care,East,429.62,0,0,29,4,23.88,5.12
2025-11-12,S04,SKU003,Personal Care,East,425.51,0,0,26,4,23.57,2.43
2025-11-13,S04,SKU003,Personal Care,East,428.04,0,0,25,5,23.63,1.37
2025-11-14,S04,SKU003,Personal Care,East,421.24,0,0,36,4,22.75,13.25
2025-11-15,S04,SKU003,Personal Care,East,414.28,0,0,24,9,27.32,3.32
2025-11-16,S04,SKU003,Personal Care,East,428.58,0,0,26,2,26.17,0.17
2025-11-17,S04,SKU003,Personal Care,East,414.4,0,0,28,4,24.19,3.81
2025-11-18,S04,SKU003,Personal Care,East,387.73,1,0,32,6,32.95,0.95
2025-11-19,S04,SKU003,Personal Care,East,427.86,0,0,35,3,24.94,10.06
2025-11-20,S04,SKU003,Personal Care,East,428.6,0,0,21,4,25.55,4.55
2025-11-21,S04,SKU003,Personal Care,East,420.13,0,0,37,6,26.18,10.82
2025-11-22,S04,SKU003,Personal Care,East,419.82,0,0,24,5,27.97,3.97
2025-11-23,S04,SKU003,Personal Care,East,389.38,1,0,37,4,34.52,2.48
2025-11-24,S04,SKU003,Personal Care,East,430.13,0,0,29,6,27.28,1.72
2025-11-25,S04,SKU003,Personal Care,East,424.34,0,0,19,3,26.16,7.16
2025-11-26,S04,SKU003,Personal Care,East,420.11,0,0,19,4,25.15,6.15
2025-11-27,S04,SKU003,Personal Care,East,427.51,0,0,25,3,25.47,0.47
2025-11-28,S04,SKU003,Personal Care,East,421.0,0,0,26,9,26.89,0.89
2025-11-29,S04,SKU003,Personal Care,East,433.43,0,0,34,7,28.36,5.64
2025-11-30,S04,SKU003,Personal Care,East,412.73,0,0,18,7,28.63,10.63
2025-12-01,S04,SKU003,Personal Care,East,427.34,0,0,31,3,26.29,4.71
2025-12-02,S04,SKU003,Personal Care,East,426.31,0,0,25,4,26.76,1.76
2025-12-03,S04,SKU003,Personal Care,East,428.79,0,0,35,9,26.64,8.36
2025-12-04,S04,SKU003,Personal Care,East,431.75,0,0,26,3,26.16,0.16
2025-12-05,S04,SKU003,Personal Care,East,429.88,0,0,36,2,27.12,8.88
2025-12-06,S04,SKU003,Personal Care,East,423.92,0,0,37,7,29.24,7.76
2025-12-07,S04,SKU003,Personal Care,East,391.65,1,0,37,4,36.48,0.52
2025-12-08,S04,SKU003,Personal Care,East,393.12,1,0,33,3,36.56,3.56
2025-12-09,S04,SKU003,Personal Care,East,425.05,0,0,27,3,28.16,1.16
2025-12-10,S04,SKU003,Personal Care,East,424.32,0,0,23,6,27.86,4.86
2025-12-11,S04,SKU003,Personal Care,East,429.51,0,0,29,9,28.91,0.09
2025-12-12,S04,SKU003,Personal Care,East,425.72,0,0,31,2,28.56,2.44
2025-12-13,S04,SKU003,Personal Care,East,417.86,0,0,30,9,31.11,1.11
2025-12-14,S04,SKU003,Personal Care,East,424.28,0,0,31,9,31.26,0.26
2025-12-15,S04,SKU003,Personal Care,East,418.43,0,0,28,3,28.52,0.52
2025-12-16,S04,SKU003,Personal Care,East,425.9,0,0,31,8,28.08,2.92
2025-12-17,S04,SKU003,Personal Care,East,427.62,0,0,29,4,28.13,0.87
2025-12-18,S04,SKU003,Personal Care,East,415.82,0,0,38,6,28.98,9.02
2025-12-19,S04,SKU003,Personal Care,East,425.0,0,0,33,5,30.22,2.78
2025-12-20,S04,SKU003,Personal Care,East,421.17,0,0,27,9,31.55,4.55
2025-12-21,S04,SKU003,Personal Care,East,420.8,0,0,30,5,32.65,2.65
2025-12-22,S04,SKU003,Personal Care,East,405.85,0,0,33,4,29.03,3.97
2025-12-23,S04,SKU003,Personal Care,East,423.83,0,0,20,3,28.87,8.87
2025-12-24,S04,SKU003,Personal Care,East,423.4,0,0,26,3,29.42,3.42
2025-12-25,S04,SKU003,Personal Care,East,432.9,0,1,30,4,37.34,7.34
2025-12-26,S04,SKU003,Personal Care,East,435.99,0,0,29,8,29.37,0.37
2025-12-27,S04,SKU003,Personal Care,East,421.86,0,0,32,8,31.43,0.57
2025-12-28,S04,SKU003,Personal Care,East,434.39,0,0,37,6,31.65,5.35
2025-12-29,S04,SKU003,Personal Care,East,418.61,0,0,30,4,29.24,0.76
2025-12-30,S04,SKU003,Personal Care,East,423.05,0,0,32,2,29.68,2.32
2025-12-31,S04,SKU003,Personal Care,East,385.21,1,0,29,4,39.97,10.97
2025-08-13,S04,SKU004,Household,East,276.83,0,0,52,9,50.67,1.33
2025-08-14,S04,SKU004,Household,East,256.41,1,0,68,7,67.65,0.35
2025-08-15,S04,SKU004,Household,East,280.21,0,1,56,5,57.91,1.91
2025-08-16,S04,SKU004,Household,East,282.41,0,0,54,4,55.9,1.9
2025-08-17,S04,SKU004,Household,East,279.7,0,0,55,2,55.79,0.79
2025-08-18,S04,SKU004,Household,East,285.56,0,0,47,2,51.12,4.12
2025-08-19,S04,SKU004,Household,East,276.01,0,0,45,7,51.27,6.27
2025-08-20,S04,SKU004,Household,East,284.77,0,0,56,6,50.06,5.94
2025-08-21,S04,SKU004,Household,East,270.42,0,0,55,9,49.91,5.09
2025-08-22,S04,SKU004,Household,East,256.87,1,0,72,8,67.5,4.5
2025-08-23,S04,SKU004,Household,East,278.83,0,0,49,8,54.89,5.89
2025-08-24,S04,SKU004,Household,East,280.44,0,0,59,5,54.3,4.7
2025-08-25,S04,SKU004,Household,East,272.87,0,0,49,8,50.27,1.27
2025-08-26,S04,SKU004,Household,East,276.59,0,0,51,7,49.97,1.03
2025-08-27,S04,SKU004,Household,East,277.98,0,0,47,5,50.22,3.22
2025-08-28,S04,SKU004,Household,East,278.72,0,0,59,5,50.05,8.95
2025-08-29,S04,SKU004,Household,East,279.26,0,0,59,8,49.36,9.64
2025-08-30,S04,SKU004,Household,East,272.71,0,0,53,3,53.96,0.96
2025-08-31,S04,SKU004,Household,East,277.88,0,0,63,8,54.03,8.97
2025-09-01,S04,SKU004,Household,East,279.02,0,0,45,6,50.16,5.16
2025-09-02,S04,SKU004,Household,East,279.45,0,0,55,8,49.83,5.17
2025-09-03,S04,SKU004,Household,East,272.13,0,0,52,4,49.8,2.2
2025-09-04,S04,SKU004,Household,East,284.6,0,0,56,4,50.01,5.99
2025-09-05,S04,SKU004,Household,East,252.03,1,0,85,9,67.53,17.47
2025-09-06,S04,SKU004,Household,East,275.54,0,0,54,4,56.43,2.43
2025-09-07,S04,SKU004,Household,East,273.14,0,0,54,4,55.22,1.22
2025-09-08,S04,SKU004,Household,East,245.51,1,0,75,7,67.6,7.4
2025-09-09,S04,SKU004,Household,East,274.31,0,0,56,2,51.78,4.22
2025-09-10,S04,SKU004,Household,East,281.4,0,0,55,3,51.66,3.34
2025-09-11,S04,SKU004,Household,East,275.69,0,0,52,5,52.43,0.43
2025-09-12,S04,SKU004,Household,East,283.44,0,0,54,3,49.5,4.5
2025-09-13,S04,SKU004,Household,East,277.47,0,0,54,2,55.91,1.91
2025-09-14,S04,SKU004,Household,East,283.08,0,0,53,2,56.43,3.43
2025-09-15,S04,SKU004,Household,East,274.4,0,0,52,5,51.66,0.34
2025-09-16,S04,SKU004,Household,East,272.21,0,0,57,4,52.09,4.91
2025-09-17,S04,SKU004,Household,East,280.21,0,0,46,4,52.23,6.23
2025-09-18,S04,SKU004,Household,East,272.02,0,0,58,3,51.63,6.37
2025-09-19,S04,SKU004,Household,East,277.7,0,0,50,2,51.19,1.19
2025-09-20,S04,SKU004,Household,East,279.01,0,0,55,4,55.55,0.55
2025-09-21,S04,SKU004,Household,East,254.14,1,0,74,3,72.17,1.83
2025-09-22,S04,SKU004,Household,East,282.18,0,0,55,2,51.43,3.57
2025-09-23,S04,SKU004,Household,East,283.02,0,0,54,3,53.25,0.75
2025-09-24,S04,SKU004,Household,East,286.3,0,0,49,9,52.14,3.14
2025-09-25,S04,SKU004,Household,East,282.63,0,0,46,4,53.45,7.45
2025-09-26,S04,SKU004,Household,East,271.33,0,0,48,9,51.7,3.7
2025-09-27,S04,SKU004,Household,East,277.43,0,0,49,7,55.1,6.1
2025-09-28,S04,SKU004,Household,East,283.95,0,0,48,9,54.32,6.32
2025-09-29,S04,SKU004,Household,East,280.2,0,0,54,2,51.51,2.49
2025-09-30,S04,SKU004,Household,East,272.92,0,0,45,9,51.32,6.32
2025-10-01,S04,SKU004,Household,East,277.77,0,0,54,5,51.06,2.94
2025-10-02,S04,SKU004,Household,East,278.73,0,1,63,8,59.65,3.35
2025-10-03,S04,SKU004,Household,East,277.3,0,0,54,6,51.57,2.43
2025-10-04,S04,SKU004,Household,East,274.94,0,0,57,4,54.65,2.35
2025-10-05,S04,SKU004,Household,East,281.67,0,0,46,5,54.59,8.59
2025-10-06,S04,SKU004,Household,East,274.26,0,0,50,7,51.6,1.6
2025-10-07,S04,SKU004,Household,East,276.29,0,0,54,4,50.21,3.79
2025-10-08,S04,SKU004,Household,East,276.8,0,0,54,8,50.22,3.78
2025-10-09,S04,SKU004,Household,East,286.7,0,0,64,5,49.95,14.05
2025-10-10,S04,SKU004,Household,East,253.55,1,0,70,8,67.6,2.4
2025-10-11,S04,SKU004,Household,East,279.13,0,0,49,4,56.13,7.13
2025-10-12,S04,SKU004,Household,East,277.12,0,0,61,7,54.2,6.8
2025-10-13,S04,SKU004,Household,East,281.45,0,0,52,9,52.41,0.41
2025-10-14,S04,SKU004,Household,East,274.49,0,0,47,6,52.48,5.48
2025-10-15,S04,SKU004,Household,East,262.62,1,0,67,6,68.55,1.55
2025-10-16,S04,SKU004,Household,East,275.83,0,0,58,8,51.87,6.13
2025-10-17,S04,SKU004,Household,East,277.56,0,0,48,6,51.92,3.92
2025-10-18,S04,SKU004,Household,East,276.89,0,0,60,5,55.35,4.65
2025-10-19,S04,SKU004,Household,East,270.13,0,0,62,6,56.14,5.86
2025-10-20,S04,SKU004,Household,East,277.83,0,0,57,3,52.2,4.8
2025-10-21,S04,SKU004,Household,East,253.55,1,0,70,4,68.19,1.81
2025-10-22,S04,SKU004,Household,East,273.02,0,0,47,8,51.49,4.49
2025-10-23,S04,SKU004,Household,East,275.8,0,0,53,6,52.65,0.35
2025-10-24,S04,SKU004,Household,East,277.14,0,0,44,8,52.4,8.4
2025-10-25,S04,SKU004,Household,East,282.19,0,0,54,6,56.01,2.01
2025-10-26,S04,SKU004,Household,East,278.89,0,0,58,7,55.68,2.32
2025-10-27,S04,SKU004,Household,East,277.96,0,0,55,4,53.0,2.0
2025-10-28,S04,SKU004,Household,East,282.36,0,0,45,2,52.78,7.78
2025-10-29,S04,SKU004,Household,East,254.71,1,0,63,2,68.37,5.37
2025-10-30,S04,SKU004,Household,East,277.04,0,0,53,7,53.24,0.24
2025-10-31,S04,SKU004,Household,East,279.52,0,0,47,5,52.81,5.81
2025-11-01,S04,SKU004,Household,East,275.73,0,0,67,6,57.49,9.51
2025-11-02,S04,SKU004,Household,East,275.95,0,0,57,9,57.16,0.16
2025-11-03,S04,SKU004,Household,East,283.27,0,0,53,4,53.94,0.94
2025-11-04,S04,SKU004,Household,East,273.27,0,0,61,3,53.87,7.13
2025-11-05,S04,SKU004,Household,East,282.57,0,0,49,9,55.36,6.36
2025-11-06,S04,SKU004,Household,East,275.73,0,0,55,5,54.0,1.0
2025-11-07,S04,SKU004,Household,East,256.51,1,0,66,8,70.44,4.44
2025-11-08,S04,SKU004,Household,East,277.6,0,0,56,6,57.69,1.69
2025-11-09,S04,SKU004,Household,East,282.65,0,0,43,5,59.0,16.0
2025-11-10,S04,SKU004,Household,East,280.42,0,0,46,4,53.52,7.52
2025-11-11,S04,SKU004,Household,East,277.5,0,0,52,6,53.61,1.61
2025-11-12,S04,SKU004,Household,East,275.99,0,0,57,8,53.93,3.07
2025-11-13,S04,SKU004,Household,East,277.78,0,0,54,6,53.38,0.62
2025-11-14,S04,SKU004,Household,East,278.12,0,0,53,6,53.09,0.09
2025-11-15,S04,SKU004,Household,East,282.58,0,0,61,9,57.26,3.74
2025-11-16,S04,SKU004,Household,East,280.35,0,0,63,3,57.66,5.34
2025-11-17,S04,SKU004,Household,East,276.51,0,0,59,9,53.73,5.27
2025-11-18,S04,SKU004,Household,East,274.41,0,0,48,4,54.47,6.47
2025-11-19,S04,SKU004,Household,East,273.72,0,0,56,2,54.25,1.75
2025-11-20,S04,SKU004,Household,East,279.72,0,0,64,9,53.98,10.02
2025-11-21,S04,SKU004,Household,East,276.74,0,0,56,9,53.84,2.16
2025-11-22,S04,SKU004,Household,East,254.66,1,0,82,8,75.58,6.42
2025-11-23,S04,SKU004,Household,East,273.99,0,0,68,7,57.25,10.75
2025-11-24,S04,SKU004,Household,East,284.61,0,0,50,2,55.89,5.89
2025-11-25,S04,SKU004,Household,East,276.01,0,0,54,5,54.92,0.92
2025-11-26,S04,SKU004,Household,East,251.54,1,0,75,9,71.31,3.69
2025-11-27,S04,SKU004,Household,East,277.49,0,0,49,4,56.29,7.29
2025-11-28,S04,SKU004,Household,East,283.52,0,0,48,8,56.09,8.09
2025-11-29,S04,SKU004,Household,East,283.41,0,0,71,4,61.11,9.89
2025-11-30,S04,SKU004,Household,East,274.08,0,0,60,8,61.89,1.89
2025-12-01,S04,SKU004,Household,East,283.31,0,0,59,3,57.6,1.4
2025-12-02,S04,SKU004,Household,East,276.34,0,0,61,8,57.5,3.5
2025-12-03,S04,SKU004,Household,East,285.61,0,0,54,8,56.12,2.12
2025-12-04,S04,SKU004,Household,East,274.59,0,0,65,8,57.52,7.48
2025-12-05,S04,SKU004,Household,East,282.16,0,0,60,2,58.18,1.82
2025-12-06,S04,SKU004,Household,East,274.17,0,0,59,8,60.81,1.81
2025-12-07,S04,SKU004,Household,East,282.67,0,0,71,6,62.38,8.62
2025-12-08,S04,SKU004,Household,East,283.4,0,0,59,7,58.76,0.24
2025-12-09,S04,SKU004,Household,East,253.18,1,0,66,5,74.54,8.54
2025-12-10,S04,SKU004,Household,East,276.26,0,0,58,8,59.55,1.55
2025-12-11,S04,SKU004,Household,East,253.34,1,0,71,9,75.7,4.7
2025-12-12,S04,SKU004,Household,East,279.36,0,0,66,8,60.73,5.27
2025-12-13,S04,SKU004,Household,East,276.95,0,0,66,5,65.29,0.71
2025-12-14,S04,SKU004,Household,East,275.08,0,0,58,3,65.27,7.27
2025-12-15,S04,SKU004,Household,East,272.36,0,0,55,4,60.61,5.61
2025-12-16,S04,SKU004,Household,East,262.38,1,0,74,7,79.58,5.58
2025-12-17,S04,SKU004,Household,East,276.97,0,0,51,8,59.96,8.96
2025-12-18,S04,SKU004,Household,East,275.13,0,0,61,3,60.09,0.91
2025-12-19,S04,SKU004,Household,East,276.84,0,0,58,7,60.13,2.13
2025-12-20,S04,SKU004,Household,East,278.7,0,0,66,2,65.0,1.0
2025-12-21,S04,SKU004,Household,East,279.93,0,0,72,7,65.8,6.2
2025-12-22,S04,SKU004,Household,East,279.88,0,0,66,4,60.84,5.16
2025-12-23,S04,SKU004,Household,East,278.59,0,0,58,6,60.38,2.38
2025-12-24,S04,SKU004,Household,East,281.72,0,0,58,2,61.61,3.61
2025-12-25,S04,SKU004,Household,East,281.82,0,1,63,2,68.12,5.12
2025-12-26,S04,SKU004,Household,East,281.49,0,0,68,6,61.13,6.87
2025-12-27,S04,SKU004,Household,East,278.8,0,0,59,7,66.46,7.46
2025-12-28,S04,SKU004,Household,East,276.98,0,0,63,2,65.78,2.78
2025-12-29,S04,SKU004,Household,East,279.94,0,0,63,6,60.47,2.53
2025-12-30,S04,SKU004,Household,East,250.86,1,0,87,8,79.1,7.9
2025-12-31,S04,SKU004,Household,East,275.32,0,0,66,2,59.96,6.04
2025-08-13,S04,SKU005,Beverages,East,278.87,0,0,22,2,26.65,4.65
2025-08-14,S04,SKU005,Beverages,East,291.07,0,0,24,6,25.96,1.96
2025-08-15,S04,SKU005,Beverages,East,279.59,0,1,33,5,31.84,1.16
2025-08-16,S04,SKU005,Beverages,East,275.13,0,0,30,4,28.35,1.65
2025-08-17,S04,SKU005,Beverages,East,287.16,0,0,26,7,28.48,2.48
2025-08-18,S04,SKU005,Beverages,East,276.83,0,0,26,8,25.61,0.39
2025-08-19,S04,SKU005,Beverages,East,256.01,1,0,39,5,34.09,4.91
2025-08-20,S04,SKU005,Beverages,East,278.15,0,0,27,3,26.08,0.92
2025-08-21,S04,SKU005,Beverages,East,283.09,0,0,21,5,25.54,4.54
2025-08-22,S04,SKU005,Beverages,East,277.16,0,0,24,7,25.31,1.31
2025-08-23,S04,SKU005,Beverages,East,277.43,0,0,39,5,27.36,11.64
2025-08-24,S04,SKU005,Beverages,East,279.74,0,0,24,4,27.49,3.49
2025-08-25,S04,SKU005,Beverages,East,282.96,0,0,16,8,25.46,9.46
2025-08-26,S04,SKU005,Beverages,East,282.96,0,0,17,9,24.99,7.99
2025-08-27,S04,SKU005,Beverages,East,278.49,0,0,24,2,24.23,0.23
2025-08-28,S04,SKU005,Beverages,East,270.65,0,0,10,7,24.56,14.56
2025-08-29,S04,SKU005,Beverages,East,289.03,0,0,17,7,22.77,5.77
2025-08-30,S04,SKU005,Beverages,East,276.41,0,0,29,8,24.86,4.14
2025-08-31,S04,SKU005,Beverages,East,277.43,0,0,24,4,25.08,1.08
2025-09-01,S04,SKU005,Beverages,East,279.58,0,0,22,2,23.06,1.06
2025-09-02,S04,SKU005,Beverages,East,274.73,0,0,18,5,22.56,4.56
2025-09-03,S04,SKU005,Beverages,East,278.56,0,0,22,8,21.99,0.01
2025-09-04,S04,SKU005,Beverages,East,275.65,0,0,29,7,21.33,7.67
2025-09-05,S04,SKU005,Beverages,East,275.6,0,0,21,9,23.21,2.21
2025-09-06,S04,SKU005,Beverages,East,279.02,0,0,25,7,24.32,0.68
2025-09-07,S04,SKU005,Beverages,East,273.36,0,0,32,6,24.12,7.88
2025-09-08,S04,SKU005,Beverages,East,256.64,1,0,41,2,28.74,12.26
2025-09-09,S04,SKU005,Beverages,East,275.57,0,0,27,6,23.48,3.52
2025-09-10,S04,SKU005,Beverages,East,286.35,0,0,17,9,23.0,6.0
2025-09-11,S04,SKU005,Beverages,East,284.9,0,0,28,9,22.04,5.96
2025-09-12,S04,SKU005,Beverages,East,256.54,1,0,40,2,31.31,8.69
2025-09-13,S04,SKU005,Beverages,East,281.77,0,0,33,5,26.29,6.71
2025-09-14,S04,SKU005,Beverages,East,278.34,0,0,22,3,26.32,4.32
2025-09-15,S04,SKU005,Beverages,East,269.34,0,0,23,4,24.17,1.17
2025-09-16,S04,SKU005,Beverages,East,272.21,0,0,27,2,23.35,3.65
2025-09-17,S04,SKU005,Beverages,East,280.04,0,0,18,7,22.29,4.29
2025-09-18,S04,SKU005,Beverages,East,282.68,0,0,22,3,22.71,0.71
2025-09-19,S04,SKU005,Beverages,East,274.46,0,0,20,4,22.69,2.69
2025-09-20,S04,SKU005,Beverages,East,273.76,0,0,26,6,24.35,1.65
2025-09-21,S04,SKU005,Beverages,East,283.04,0,0,25,8,24.63,0.37
2025-09-22,S04,SKU005,Beverages,East,272.11,0,0,32,8,22.66,9.34
2025-09-23,S04,SKU005,Beverages,East,291.15,0,0,25,9,23.07,1.93
2025-09-24,S04,SKU005,Beverages,East,255.97,1,0,28,4,28.56,0.56
2025-09-25,S04,SKU005,Beverages,East,278.89,0,0,26,9,23.29,2.71
2025-09-26,S04,SKU005,Beverages,East,283.57,0,0,36,8,23.73,12.27
2025-09-27,S04,SKU005,Beverages,East,283.99,0,0,24,4,27.22,3.22
2025-09-28,S04,SKU005,Beverages,East,285.73,0,0,35,9,26.76,8.24
2025-09-29,S04,SKU005,Beverages,East,281.4,0,0,19,8,24.95,5.95
2025-09-30,S04,SKU005,Beverages,East,271.16,0,0,19,5,24.06,5.06
2025-10-01,S04,SKU005,Beverages,East,275.05,0,0,28,6,24.34,3.66
2025-10-02,S04,SKU005,Beverages,East,279.48,0,1,30,8,29.76,0.24
2025-10-03,S04,SKU005,Beverages,East,283.28,0,0,28,2,24.6,3.4
2025-10-04,S04,SKU005,Beverages,East,282.32,0,0,18,4,26.89,8.89
2025-10-05,S04,SKU005,Beverages,East,279.52,0,0,22,8,27.15,5.15
2025-10-06,S04,SKU005,Beverages,East,279.7,0,0,28,8,24.85,3.15
2025-10-07,S04,SKU005,Beverages,East,287.09,0,0,19,4,23.95,4.95
2025-10-08,S04,SKU005,Beverages,East,282.82,0,0,25,5,23.7,1.3
2025-10-09,S04,SKU005,Beverages,East,276.12,0,0,21,4,24.22,3.22
2025-10-10,S04,SKU005,Beverages,East,259.21,1,0,25,7,31.83,6.83
2025-10-11,S04,SKU005,Beverages,East,278.8,0,0,31,8,23.58,7.42
2025-10-12,S04,SKU005,Beverages,East,277.41,0,0,18,5,24.53,6.53
2025-10-13,S04,SKU005,Beverages,East,255.53,1,0,28,8,29.33,1.33
2025-10-14,S04,SKU005,Beverages,East,284.01,0,0,23,5,22.57,0.43
2025-10-15,S04,SKU005,Beverages,East,281.9,0,0,23,3,22.97,0.03
2025-10-16,S04,SKU005,Beverages,East,278.38,0,0,15,5,22.54,7.54
2025-10-17,S04,SKU005,Beverages,East,273.57,0,0,29,5,22.5,6.5
2025-10-18,S04,SKU005,Beverages,East,279.04,0,0,13,9,25.01,12.01
2025-10-19,S04,SKU005,Beverages,East,281.37,0,0,32,6,23.51,8.49
2025-10-20,S04,SKU005,Beverages,East,260.72,1,0,26,8,30.45,4.45
2025-10-21,S04,SKU005,Beverages,East,255.7,1,0,29,5,29.76,0.76
2025-10-22,S04,SKU005,Beverages,East,283.45,0,0,26,8,22.96,3.04
2025-10-23,S04,SKU005,Beverages,East,258.27,1,0,29,6,29.52,0.52
2025-10-24,S04,SKU005,Beverages,East,279.66,0,0,30,4,22.74,7.26
2025-10-25,S04,SKU005,Beverages,East,280.38,0,0,35,6,25.0,10.0
2025-10-26,S04,SKU005,Beverages,East,287.65,0,0,33,2,25.3,7.7
2025-10-27,S04,SKU005,Beverages,East,277.07,0,0,29,6,24.16,4.84
2025-10-28,S04,SKU005,Beverages,East,287.75,0,0,27,9,25.48,1.52
2025-10-29,S04,SKU005,Beverages,East,282.38,0,0,31,4,25.49,5.51
2025-10-30,S04,SKU005,Beverages,East,289.31,0,0,15,8,25.89,10.89
2025-10-31,S04,SKU005,Beverages,East,278.82,0,0,27,6,24.18,2.82
2025-11-01,S04,SKU005,Beverages,East,273.25,0,0,25,8,25.62,0.62
2025-11-02,S04,SKU005,Beverages,East,275.41,0,0,34,7,26.58,7.42
2025-11-03,S04,SKU005,Beverages,East,279.57,0,0,20,7,24.77,4.77
2025-11-04,S04,SKU005,Beverages,East,274.43,0,0,26,8,24.53,1.47
2025-11-05,S04,SKU005,Beverages,East,279.34,0,0,33,4,24.53,8.47
2025-11-06,S04,SKU005,Beverages,East,276.1,0,0,29,3,24.39,4.61
2025-11-07,S04,SKU005,Beverages,East,281.5,0,0,14,2,24.94,10.94
2025-11-08,S04,SKU005,Beverages,East,284.28,0,0,26,5,26.81,0.81
2025-11-09,S04,SKU005,Beverages,East,279.68,0,0,26,3,26.07,0.07
2025-11-10,S04,SKU005,Beverages,East,277.68,0,0,26,7,25.32,0.68
2025-11-11,S04,SKU005,Beverages,East,279.87,0,0,23,3,24.78,1.78
2025-11-12,S04,SKU005,Beverages,East,284.16,0,0,24,9,25.36,1.36
2025-11-13,S04,SKU005,Beverages,East,281.55,0,0,21,9,25.27,4.27
2025-11-14,S04,SKU005,Beverages,East,258.89,1,0,39,8,32.68,6.32
2025-11-15,S04,SKU005,Beverages,East,275.28,0,0,30,3,26.78,3.22
2025-11-16,S04,SKU005,Beverages,East,283.87,0,0,27,8,28.71,1.71
2025-11-17,S04,SKU005,Beverages,East,281.85,0,0,26,8,26.29,0.29
2025-11-18,S04,SKU005,Beverages,East,277.58,0,0,22,8,26.05,4.05
2025-11-19,S04,SKU005,Beverages,East,275.52,0,0,30,3,25.88,4.12
2025-11-20,S04,SKU005,Beverages,East,281.5,0,0,24,3,25.96,1.96
2025-11-21,S04,SKU005,Beverages,East,258.9,1,0,44,6,34.06,9.94
2025-11-22,S04,SKU005,Beverages,East,282.61,0,0,36,2,29.04,6.96
2025-11-23,S04,SKU005,Beverages,East,272.39,0,0,34,7,29.32,4.68
2025-11-24,S04,SKU005,Beverages,East,271.26,0,0,27,3,27.03,0.03
2025-11-25,S04,SKU005,Beverages,East,280.55,0,0,27,2,26.95,0.05
2025-11-26,S04,SKU005,Beverages,East,276.7,0,0,20,2,26.99,6.99
2025-11-27,S04,SKU005,Beverages,East,281.96,0,0,25,4,26.34,1.34
2025-11-28,S04,SKU005,Beverages,East,282.13,0,0,25,4,27.58,2.58
2025-11-29,S04,SKU005,Beverages,East,277.33,0,0,32,2,28.54,3.46
2025-11-30,S04,SKU005,Beverages,East,275.15,0,0,23,7,29.12,6.12
2025-12-01,S04,SKU005,Beverages,East,278.58,0,0,17,7,26.32,9.32
2025-12-02,S04,SKU005,Beverages,East,279.77,0,0,34,3,25.83,8.17
2025-12-03,S04,SKU005,Beverages,East,254.59,1,0,43,8,36.62,6.38
2025-12-04,S04,SKU005,Beverages,East,280.5,0,0,33,8,27.09,5.91
2025-12-05,S04,SKU005,Beverages,East,274.86,0,0,30,3,27.57,2.43
2025-12-06,S04,SKU005,Beverages,East,274.68,0,0,33,4,30.62,2.38
2025-12-07,S04,SKU005,Beverages,East,280.69,0,0,34,9,32.19,1.81
2025-12-08,S04,SKU005,Beverages,East,284.84,0,0,20,8,28.28,8.28
2025-12-09,S04,SKU005,Beverages,East,276.01,0,0,31,5,27.97,3.03
2025-12-10,S04,SKU005,Beverages,East,273.77,0,0,27,3,28.11,1.11
2025-12-11,S04,SKU005,Beverages,East,282.79,0,0,33,5,29.0,4.0
2025-12-12,S04,SKU005,Beverages,East,278.91,0,0,23,5,29.94,6.94
2025-12-13,S04,SKU005,Beverages,East,279.27,0,0,33,3,30.44,2.56
2025-12-14,S04,SKU005,Beverages,East,279.49,0,0,32,2,30.66,1.34
2025-12-15,S04,SKU005,Beverages,East,273.7,0,0,24,9,27.86,3.86
2025-12-16,S04,SKU005,Beverages,East,273.97,0,0,37,6,28.69,8.31
2025-12-17,S04,SKU005,Beverages,East,277.51,0,0,28,2,30.81,2.81
2025-12-18,S04,SKU005,Beverages,East,285.52,0,0,23,9,30.63,7.63
2025-12-19,S04,SKU005,Beverages,East,274.34,0,0,28,6,30.23,2.23
2025-12-20,S04,SKU005,Beverages,East,284.1,0,0,34,7,30.85,3.15
2025-12-21,S04,SKU005,Beverages,East,271.7,0,0,40,9,31.41,8.59
2025-12-22,S04,SKU005,Beverages,East,276.17,0,0,33,2,28.22,4.78
2025-12-23,S04,SKU005,Beverages,East,276.8,0,0,31,3,29.45,1.55
2025-12-24,S04,SKU005,Beverages,East,288.03,0,0,29,5,29.8,0.8
2025-12-25,S04,SKU005,Beverages,East,281.83,0,1,32,4,35.66,3.66
2025-12-26,S04,SKU005,Beverages,East,260.59,1,0,38,6,38.19,0.19
2025-12-27,S04,SKU005,Beverages,East,278.21,0,0,35,6,32.23,2.77
2025-12-28,S04,SKU005,Beverages,East,278.56,0,0,29,5,32.53,3.53
2025-12-29,S04,SKU005,Beverages,East,282.63,0,0,37,6,29.63,7.37
2025-12-30,S04,SKU005,Beverages,East,282.24,0,0,36,2,31.93,4.07
2025-12-31,S04,SKU005,Beverages,East,282.62,0,0,31,6,32.0,1.0
2025-08-13,S04,SKU006,Snacks,East,233.52,0,0,35,6,40.64,5.64
2025-08-14,S04,SKU006,Snacks,East,240.7,0,0,41,2,40.52,0.48
2025-08-15,S04,SKU006,Snacks,East,240.78,0,1,48,4,45.8,2.2
2025-08-16,S04,SKU006,Snacks,East,243.42,0,0,45,5,43.33,1.67
2025-08-17,S04,SKU006,Snacks,East,244.72,0,0,42,7,43.14,1.14
2025-08-18,S04,SKU006,Snacks,East,238.17,0,0,37,3,40.23,3.23
2025-08-19,S04,SKU006,Snacks,East,243.32,0,0,47,4,39.74,7.26
2025-08-20,S04,SKU006,Snacks,East,240.34,0,0,37,4,40.44,3.44
2025-08-21,S04,SKU006,Snacks,East,219.95,1,0,49,6,51.87,2.87
2025-08-22,S04,SKU006,Snacks,East,241.35,0,0,27,9,40.53,13.53
2025-08-23,S04,SKU006,Snacks,East,240.6,0,0,37,9,42.37,5.37
2025-08-24,S04,SKU006,Snacks,East,246.11,0,0,47,2,42.23,4.77
2025-08-25,S04,SKU006,Snacks,East,241.29,0,0,45,8,39.44,5.56
2025-08-26,S04,SKU006,Snacks,East,243.54,0,0,34,9,40.19,6.19
2025-08-27,S04,SKU006,Snacks,East,238.31,0,0,33,3,38.26,5.26
2025-08-28,S04,SKU006,Snacks,East,239.2,0,0,30,9,38.18,8.18
2025-08-29,S04,SKU006,Snacks,East,234.14,0,0,43,5,38.09,4.91
2025-08-30,S04,SKU006,Snacks,East,224.87,1,0,56,2,52.28,3.72
2025-08-31,S04,SKU006,Snacks,East,239.3,0,0,43,4,41.32,1.68
2025-09-01,S04,SKU006,Snacks,East,236.01,0,0,38,9,38.17,0.17
2025-09-02,S04,SKU006,Snacks,East,234.19,0,0,44,8,38.08,5.92
2025-09-03,S04,SKU006,Snacks,East,213.17,1,0,57,9,50.59,6.41
2025-09-04,S04,SKU006,Snacks,East,236.27,0,0,32,2,38.91,6.91
2025-09-05,S04,SKU006,Snacks,East,239.15,0,0,41,9,39.33,1.67
2025-09-06,S04,SKU006,Snacks,East,219.5,1,0,55,5,53.71,1.29
2025-09-07,S04,SKU006,Snacks,East,237.06,0,0,39,8,42.03,3.03
2025-09-08,S04,SKU006,Snacks,East,241.77,0,0,28,6,39.18,11.18
2025-09-09,S04,SKU006,Snacks,East,245.51,0,0,40,4,38.69,1.31
2025-09-10,S04,SKU006,Snacks,East,241.54,0,0,31,9,38.28,7.28
2025-09-11,S04,SKU006,Snacks,East,218.73,1,0,49,9,48.6,0.4
2025-09-12,S04,SKU006,Snacks,East,245.25,0,0,38,8,37.67,0.33
2025-09-13,S04,SKU006,Snacks,East,238.4,0,0,38,2,41.0,3.0
2025-09-14,S04,SKU006,Snacks,East,238.62,0,0,43,5,39.83,3.17
2025-09-15,S04,SKU006,Snacks,East,242.24,0,0,42,5,36.88,5.12
2025-09-16,S04,SKU006,Snacks,East,238.05,0,0,39,2,37.63,1.37
2025-09-17,S04,SKU006,Snacks,East,235.95,0,0,43,2,37.06,5.94
2025-09-18,S04,SKU006,Snacks,East,239.52,0,0,42,4,38.19,3.81
2025-09-19,S04,SKU006,Snacks,East,236.75,0,0,38,9,36.99,1.01
2025-09-20,S04,SKU006,Snacks,East,235.75,0,0,33,5,40.6,7.6
2025-09-21,S04,SKU006,Snacks,East,237.04,0,0,41,4,40.58,0.42
2025-09-22,S04,SKU006,Snacks,East,239.02,0,0,38,4,37.48,0.52
2025-09-23,S04,SKU006,Snacks,East,236.58,0,0,40,7,36.94,3.06
2025-09-24,S04,SKU006,Snacks,East,245.15,0,0,39,6,37.33,1.67
2025-09-25,S04,SKU006,Snacks,East,240.29,0,0,39,5,37.77,1.23
2025-09-26,S04,SKU006,Snacks,East,244.53,0,0,35,7,37.82,2.82
2025-09-27,S04,SKU006,Snacks,East,241.03,0,0,53,5,39.84,13.16
2025-09-28,S04,SKU006,Snacks,East,238.0,0,0,35,5,40.29,5.29
2025-09-29,S04,SKU006,Snacks,East,244.13,0,0,40,4,37.16,2.84
2025-09-30,S04,SKU006,Snacks,East,242.0,0,0,32,5,37.27,5.27
2025-10-01,S04,SKU006,Snacks,East,240.0,0,0,45,6,37.66,7.34
2025-10-02,S04,SKU006,Snacks,East,240.75,0,1,54,3,43.45,10.55
2025-10-03,S04,SKU006,Snacks,East,216.51,1,0,44,6,50.47,6.47
2025-10-04,S04,SKU006,Snacks,East,233.46,0,0,40,9,40.89,0.89
2025-10-05,S04,SKU006,Snacks,East,238.04,0,0,41,9,41.67,0.67
2025-10-06,S04,SKU006,Snacks,East,219.68,1,0,43,9,49.22,6.22
2025-10-07,S04,SKU006,Snacks,East,217.17,1,0,48,8,51.01,3.01
2025-10-08,S04,SKU006,Snacks,East,220.91,1,0,45,7,52.03,7.03
2025-10-09,S04,SKU006,Snacks,East,237.98,0,0,49,6,39.74,9.26
2025-10-10,S04,SKU006,Snacks,East,236.45,0,0,41,5,39.64,1.36
2025-10-11,S04,SKU006,Snacks,East,239.82,0,0,35,5,42.81,7.81
2025-10-12,S04,SKU006,Snacks,East,241.0,0,0,41,7,42.45,1.45
2025-10-13,S04,SKU006,Snacks,East,231.87,0,0,29,3,39.89,10.89
2025-10-14,S04,SKU006,Snacks,East,235.79,0,0,31,6,38.91,7.91
2025-10-15,S04,SKU006,Snacks,East,235.9,0,0,35,5,38.91,3.91
2025-10-16,S04,SKU006,Snacks,East,237.71,0,0,38,7,38.78,0.78
2025-10-17,S04,SKU006,Snacks,East,243.53,0,0,30,4,38.38,8.38
2025-10-18,S04,SKU006,Snacks,East,243.48,0,0,39,3,39.44,0.44
2025-10-19,S04,SKU006,Snacks,East,237.37,0,0,45,2,40.33,4.67
2025-10-20,S04,SKU006,Snacks,East,239.15,0,0,32,8,38.09,6.09
2025-10-21,S04,SKU006,Snacks,East,231.96,0,0,41,6,38.69,2.31
2025-10-22,S04,SKU006,Snacks,East,236.19,0,0,43,6,38.54,4.46
2025-10-23,S04,SKU006,Snacks,East,242.51,0,0,38,4,38.58,0.58
2025-10-24,S04,SKU006,Snacks,East,234.35,0,0,36,7,38.3,2.3
2025-10-25,S04,SKU006,Snacks,East,238.23,0,0,37,2,41.11,4.11
2025-10-26,S04,SKU006,Snacks,East,239.4,0,0,48,3,40.66,7.34
2025-10-27,S04,SKU006,Snacks,East,237.77,0,0,39,2,38.38,0.62
2025-10-28,S04,SKU006,Snacks,East,236.06,0,0,39,8,38.04,0.96
2025-10-29,S04,SKU006,Snacks,East,237.23,0,0,30,9,38.8,8.8
2025-10-30,S04,SKU006,Snacks,East,216.19,1,0,44,7,48.88,4.88
2025-10-31,S04,SKU006,Snacks,East,216.44,1,0,55,3,48.33,6.67
2025-11-01,S04,SKU006,Snacks,East,240.39,0,0,47,7,42.13,4.87
2025-11-02,S04,SKU006,Snacks,East,236.02,0,0,43,8,42.65,0.35
2025-11-03,S04,SKU006,Snacks,East,240.47,0,0,28,9,39.68,11.68
2025-11-04,S04,SKU006,Snacks,East,217.7,1,0,49,9,49.41,0.41
2025-11-05,S04,SKU006,Snacks,East,233.94,0,0,41,3,38.81,2.19
2025-11-06,S04,SKU006,Snacks,East,239.87,0,0,43,9,38.93,4.07
2025-11-07,S04,SKU006,Snacks,East,241.05,0,0,48,6,38.81,9.19
2025-11-08,S04,SKU006,Snacks,East,241.16,0,0,38,5,41.83,3.83
2025-11-09,S04,SKU006,Snacks,East,243.05,0,0,49,9,42.37,6.63
2025-11-10,S04,SKU006,Snacks,East,234.72,0,0,39,5,38.32,0.68
2025-11-11,S04,SKU006,Snacks,East,236.51,0,0,50,3,39.34,10.66
2025-11-12,S04,SKU006,Snacks,East,238.18,0,0,54,8,40.74,13.26
2025-11-13,S04,SKU006,Snacks,East,242.8,0,0,44,3,41.81,2.19
2025-11-14,S04,SKU006,Snacks,East,241.14,0,0,36,3,41.66,5.66
2025-11-15,S04,SKU006,Snacks,East,236.85,0,0,45,9,44.64,0.36
2025-11-16,S04,SKU006,Snacks,East,230.58,0,0,30,6,45.13,15.13
2025-11-17,S04,SKU006,Snacks,East,237.06,0,0,37,2,40.83,3.83
2025-11-18,S04,SKU006,Snacks,East,239.3,0,0,46,7,42.07,3.93
2025-11-19,S04,SKU006,Snacks,East,243.37,0,0,34,9,41.89,7.89
2025-11-20,S04,SKU006,Snacks,East,239.42,0,0,37,7,41.31,4.31
2025-11-21,S04,SKU006,Snacks,East,239.07,0,0,39,7,40.59,1.59
2025-11-22,S04,SKU006,Snacks,East,241.72,0,0,54,6,43.77,10.23
2025-11-23,S04,SKU006,Snacks,East,238.27,0,0,40,4,44.08,4.08
2025-11-24,S04,SKU006,Snacks,East,236.85,0,0,43,6,41.35,1.65
2025-11-25,S04,SKU006,Snacks,East,238.59,0,0,40,3,42.13,2.13
2025-11-26,S04,SKU006,Snacks,East,236.05,0,0,40,2,40.33,0.33
2025-11-27,S04,SKU006,Snacks,East,219.61,1,0,54,5,55.89,1.89
2025-11-28,S04,SKU006,Snacks,East,242.02,0,0,46,3,41.94,4.06
2025-11-29,S04,SKU006,Snacks,East,245.98,0,0,42,7,46.38,4.38
2025-11-30,S04,SKU006,Snacks,East,237.16,0,0,43,6,45.61,2.61
2025-12-01,S04,SKU006,Snacks,East,219.34,1,0,56,7,54.43,1.57
2025-12-02,S04,SKU006,Snacks,East,238.44,0,0,36,5,43.22,7.22
2025-12-03,S04,SKU006,Snacks,East,240.79,0,0,38,8,42.01,4.01
2025-12-04,S04,SKU006,Snacks,East,239.87,0,0,45,9,42.72,2.28
2025-12-05,S04,SKU006,Snacks,East,235.96,0,0,42,8,41.93,0.07
2025-12-06,S04,SKU006,Snacks,East,239.8,0,0,44,9,45.49,1.49
2025-12-07,S04,SKU006,Snacks,East,241.07,0,0,51,7,45.27,5.73
2025-12-08,S04,SKU006,Snacks,East,240.26,0,0,46,5,41.64,4.36
2025-12-09,S04,SKU006,Snacks,East,237.45,0,0,37,2,42.9,5.9
2025-12-10,S04,SKU006,Snacks,East,223.09,1,0,53,6,55.59,2.59
2025-12-11,S04,SKU006,Snacks,East,239.38,0,0,48,2,42.45,5.55
2025-12-12,S04,SKU006,Snacks,East,240.4,0,0,44,4,41.96,2.04
2025-12-13,S04,SKU006,Snacks,East,238.09,0,0,46,3,46.25,0.25
2025-12-14,S04,SKU006,Snacks,East,243.15,0,0,46,2,45.37,0.63
2025-12-15,S04,SKU006,Snacks,East,234.26,0,0,43,6,42.97,0.03
2025-12-16,S04,SKU006,Snacks,East,240.36,0,0,42,9,43.51,1.51
2025-12-17,S04,SKU006,Snacks,East,239.78,0,0,39,2,43.09,4.09
2025-12-18,S04,SKU006,Snacks,East,237.16,0,0,51,9,43.28,7.72
2025-12-19,S04,SKU006,Snacks,East,247.69,0,0,51,9,43.51,7.49
2025-12-20,S04,SKU006,Snacks,East,223.25,1,0,59,6,62.29,3.29
2025-12-21,S04,SKU006,Snacks,East,243.02,0,0,56,2,48.29,7.71
2025-12-22,S04,SKU006,Snacks,East,240.22,0,0,42,5,45.92,3.92
2025-12-23,S04,SKU006,Snacks,East,238.7,0,0,39,6,45.57,6.57
2025-12-24,S04,SKU006,Snacks,East,239.88,0,0,48,2,45.57,2.43
2025-12-25,S04,SKU006,Snacks,East,239.37,0,1,54,2,55.19,1.19
2025-12-26,S04,SKU006,Snacks,East,241.2,0,0,48,5,45.91,2.09
2025-12-27,S04,SKU006,Snacks,East,219.33,1,0,64,8,65.67,1.67
2025-12-28,S04,SKU006,Snacks,East,235.09,0,0,51,6,50.38,0.62
2025-12-29,S04,SKU006,Snacks,East,237.12,0,0,51,3,45.0,6.0
2025-12-30,S04,SKU006,Snacks,East,219.42,1,0,60,5,62.87,2.87
2025-12-31,S04,SKU006,Snacks,East,236.69,0,0,50,4,45.18,4.82
2025-08-13,S04,SKU007,Personal Care,East,278.34,0,0,48,2,47.44,0.56
2025-08-14,S04,SKU007,Personal Care,East,279.6,0,0,48,4,47.0,1.0
2025-08-15,S04,SKU007,Personal Care,East,278.65,0,1,62,9,55.15,6.85
2025-08-16,S04,SKU007,Personal Care,East,286.09,0,0,54,8,51.19,2.81
2025-08-17,S04,SKU007,Personal Care,East,261.72,1,0,70,7,67.28,2.72
2025-08-18,S04,SKU007,Personal Care,East,266.52,1,0,65,7,64.85,0.15
2025-08-19,S04,SKU007,Personal Care,East,283.49,0,0,50,9,47.83,2.17
2025-08-20,S04,SKU007,Personal Care,East,263.35,1,0,68,4,62.38,5.62
2025-08-21,S04,SKU007,Personal Care,East,276.68,0,0,42,6,48.79,6.79
2025-08-22,S04,SKU007,Personal Care,East,275.95,0,0,57,3,47.66,9.34
2025-08-23,S04,SKU007,Personal Care,East,274.79,0,0,52,5,52.78,0.78
2025-08-24,S04,SKU007,Personal Care,East,278.4,0,0,43,8,53.05,10.05
2025-08-25,S04,SKU007,Personal Care,East,281.38,0,0,49,3,47.76,1.24
2025-08-26,S04,SKU007,Personal Care,East,273.24,0,0,53,5,48.23,4.77
2025-08-27,S04,SKU007,Personal Care,East,259.28,1,0,64,4,63.64,0.36
2025-08-28,S04,SKU007,Personal Care,East,280.44,0,0,44,7,47.24,3.24
2025-08-29,S04,SKU007,Personal Care,East,280.37,0,0,50,9,46.09,3.91
2025-08-30,S04,SKU007,Personal Care,East,277.72,0,0,51,4,52.36,1.36
2025-08-31,S04,SKU007,Personal Care,East,282.08,0,0,45,5,51.79,6.79
2025-09-01,S04,SKU007,Personal Care,East,278.68,0,0,52,7,47.83,4.17
2025-09-02,S04,SKU007,Personal Care,East,285.36,0,0,48,6,47.96,0.04
2025-09-03,S04,SKU007,Personal Care,East,289.41,0,0,49,2,47.89,1.11
2025-09-04,S04,SKU007,Personal Care,East,279.3,0,0,56,7,47.83,8.17
2025-09-05,S04,SKU007,Personal Care,East,280.41,0,0,53,7,48.11,4.89
2025-09-06,S04,SKU007,Personal Care,East,280.97,0,0,60,8,51.99,8.01
2025-09-07,S04,SKU007,Personal Care,East,285.59,0,0,47,9,52.12,5.12
2025-09-08,S04,SKU007,Personal Care,East,284.34,0,0,41,9,48.89,7.89
2025-09-09,S04,SKU007,Personal Care,East,278.85,0,0,46,5,47.96,1.96
2025-09-10,S04,SKU007,Personal Care,East,278.85,0,0,45,5,48.04,3.04
2025-09-11,S04,SKU007,Personal Care,East,279.92,0,0,45,4,48.12,3.12
2025-09-12,S04,SKU007,Personal Care,East,279.65,0,0,42,6,47.94,5.94
2025-09-13,S04,SKU007,Personal Care,East,279.87,0,0,45,8,50.53,5.53
2025-09-14,S04,SKU007,Personal Care,East,284.75,0,0,46,3,49.87,3.87
2025-09-15,S04,SKU007,Personal Care,East,288.61,0,0,41,5,45.93,4.93
2025-09-16,S04,SKU007,Personal Care,East,278.97,0,0,48,5,45.02,2.98
2025-09-17,S04,SKU007,Personal Care,East,278.14,0,0,56,8,45.02,10.98
2025-09-18,S04,SKU007,Personal Care,East,280.24,0,0,37,4,44.85,7.85
2025-09-19,S04,SKU007,Personal Care,East,278.78,0,0,34,4,45.17,11.17
2025-09-20,S04,SKU007,Personal Care,East,275.79,0,0,47,7,47.68,0.68
2025-09-21,S04,SKU007,Personal Care,East,277.67,0,0,47,9,47.36,0.36
2025-09-22,S04,SKU007,Personal Care,East,275.55,0,0,39,5,43.95,4.95
2025-09-23,S04,SKU007,Personal Care,East,285.74,0,0,50,2,44.34,5.66
2025-09-24,S04,SKU007,Personal Care,East,277.42,0,0,52,3,43.9,8.1
2025-09-25,S04,SKU007,Personal Care,East,280.22,0,0,52,4,43.38,8.62
2025-09-26,S04,SKU007,Personal Care,East,277.62,0,0,47,5,43.58,3.42
2025-09-27,S04,SKU007,Personal Care,East,258.64,1,0,61,7,62.06,1.06
2025-09-28,S04,SKU007,Personal Care,East,284.98,0,0,44,5,48.58,4.58
2025-09-29,S04,SKU007,Personal Care,East,292.93,0,0,35,4,44.85,9.85
2025-09-30,S04,SKU007,Personal Care,East,274.32,0,0,47,9,44.36,2.64
2025-10-01,S04,SKU007,Personal Care,East,283.01,0,0,45,2,44.78,0.22
2025-10-02,S04,SKU007,Personal Care,East,260.18,1,1,68,9,62.33,5.67
2025-10-03,S04,SKU007,Personal Care,East,287.1,0,0,37,2,45.62,8.62
2025-10-04,S04,SKU007,Personal Care,East,257.5,1,0,69,6,62.93,6.07
2025-10-05,S04,SKU007,Personal Care,East,275.18,0,0,51,3,48.11,2.89
2025-10-06,S04,SKU007,Personal Care,East,277.81,0,0,52,7,44.87,7.13
2025-10-07,S04,SKU007,Personal Care,East,259.48,1,0,70,5,61.42,8.58
2025-10-08,S04,SKU007,Personal Care,East,285.91,0,0,49,5,45.65,3.35
2025-10-09,S04,SKU007,Personal Care,East,264.24,1,0,60,7,61.45,1.45
2025-10-10,S04,SKU007,Personal Care,East,279.54,0,0,36,9,46.44,10.44
2025-10-11,S04,SKU007,Personal Care,East,275.71,0,0,50,3,49.06,0.94
2025-10-12,S04,SKU007,Personal Care,East,291.74,0,0,45,3,50.54,5.54
2025-10-13,S04,SKU007,Personal Care,East,287.92,0,0,47,8,46.9,0.1
2025-10-14,S04,SKU007,Personal Care,East,283.88,0,0,50,4,46.49,3.51
2025-10-15,S04,SKU007,Personal Care,East,275.5,0,0,35,9,46.96,11.96
2025-10-16,S04,SKU007,Personal Care,East,285.17,0,0,42,2,44.6,2.6
2025-10-17,S04,SKU007,Personal Care,East,279.98,0,0,41,9,44.75,3.75
2025-10-18,S04,SKU007,Personal Care,East,289.42,0,0,51,8,49.11,1.89
2025-10-19,S04,SKU007,Personal Care,East,275.55,0,0,56,4,50.0,6.0
2025-10-20,S04,SKU007,Personal Care,East,287.35,0,0,44,5,46.31,2.31
2025-10-21,S04,SKU007,Personal Care,East,283.15,0,0,50,4,46.18,3.82
2025-10-22,S04,SKU007,Personal Care,East,281.51,0,0,48,3,46.64,1.36
2025-10-23,S04,SKU007,Personal Care,East,278.87,0,0,43,8,46.37,3.37
2025-10-24,S04,SKU007,Personal Care,East,282.76,0,0,47,7,46.61,0.39
2025-10-25,S04,SKU007,Personal Care,East,283.78,0,0,55,4,50.74,4.26
2025-10-26,S04,SKU007,Personal Care,East,282.91,0,0,52,9,51.15,0.85
2025-10-27,S04,SKU007,Personal Care,East,285.41,0,0,55,2,47.16,7.84
2025-10-28,S04,SKU007,Personal Care,East,281.87,0,0,49,3,47.94,1.06
2025-10-29,S04,SKU007,Personal Care,East,279.97,0,0,42,5,48.03,6.03
2025-10-30,S04,SKU007,Personal Care,East,277.15,0,0,48,3,47.68,0.32
2025-10-31,S04,SKU007,Personal Care,East,272.45,0,0,45,6,47.66,2.66
2025-11-01,S04,SKU007,Personal Care,East,283.4,0,0,55,8,52.65,2.35
2025-11-02,S04,SKU007,Personal Care,East,274.88,0,0,48,9,51.53,3.53
2025-11-03,S04,SKU007,Personal Care,East,256.93,1,0,63,2,61.92,1.08
2025-11-04,S04,SKU007,Personal Care,East,280.06,0,0,41,4,48.23,7.23
2025-11-05,S04,SKU007,Personal Care,East,289.71,0,0,37,8,46.77,9.77
2025-11-06,S04,SKU007,Personal Care,East,277.84,0,0,45,7,46.81,1.81
2025-11-07,S04,SKU007,Personal Care,East,278.25,0,0,58,4,45.23,12.77
2025-11-08,S04,SKU007,Personal Care,East,283.79,0,0,49,9,51.56,2.56
2025-11-09,S04,SKU007,Personal Care,East,284.33,0,0,50,8,51.0,1.0
2025-11-10,S04,SKU007,Personal Care,East,285.81,0,0,51,4,46.81,4.19
2025-11-11,S04,SKU007,Personal Care,East,282.12,0,0,49,3,46.74,2.26
2025-11-12,S04,SKU007,Personal Care,East,278.12,0,0,59,7,46.15,12.85
2025-11-13,S04,SKU007,Personal Care,East,283.29,0,0,47,2,48.08,1.08
2025-11-14,S04,SKU007,Personal Care,East,288.69,0,0,43,6,48.32,5.32
2025-11-15,S04,SKU007,Personal Care,East,278.86,0,0,46,8,52.7,6.7
2025-11-16,S04,SKU007,Personal Care,East,276.72,0,0,53,5,53.04,0.04
2025-11-17,S04,SKU007,Personal Care,East,276.92,0,0,56,7,48.78,7.22
2025-11-18,S04,SKU007,Personal Care,East,263.25,1,0,60,6,63.17,3.17
2025-11-19,S04,SKU007,Personal Care,East,288.76,0,0,50,6,48.54,1.46
2025-11-20,S04,SKU007,Personal Care,East,275.76,0,0,55,9,48.88,6.12
2025-11-21,S04,SKU007,Personal Care,East,284.65,0,0,60,7,49.3,10.7
2025-11-22,S04,SKU007,Personal Care,East,281.88,0,0,62,8,54.66,7.34
2025-11-23,S04,SKU007,Personal Care,East,276.33,0,0,57,7,55.15,1.85
2025-11-24,S04,SKU007,Personal Care,East,282.37,0,0,52,7,50.85,1.15
2025-11-25,S04,SKU007,Personal Care,East,276.08,0,0,56,5,50.38,5.62
2025-11-26,S04,SKU007,Personal Care,East,283.38,0,0,59,6,50.67,8.33
2025-11-27,S04,SKU007,Personal Care,East,276.86,0,0,62,2,51.89,10.11
2025-11-28,S04,SKU007,Personal Care,East,262.54,1,0,66,8,67.03,1.03
2025-11-29,S04,SKU007,Personal Care,East,260.99,1,0,79,2,71.45,7.55
2025-11-30,S04,SKU007,Personal Care,East,278.67,0,0,52,8,57.1,5.1
2025-12-01,S04,SKU007,Personal Care,East,283.53,0,0,55,3,53.37,1.63
2025-12-02,S04,SKU007,Personal Care,East,286.01,0,0,46,2,52.08,6.08
2025-12-03,S04,SKU007,Personal Care,East,284.32,0,0,50,9,52.04,2.04
2025-12-04,S04,SKU007,Personal Care,East,279.0,0,0,53,6,53.41,0.41
2025-12-05,S04,SKU007,Personal Care,East,289.49,0,0,45,3,54.46,9.46
2025-12-06,S04,SKU007,Personal Care,East,282.78,0,0,52,8,56.11,4.11
2025-12-07,S04,SKU007,Personal Care,East,281.46,0,0,59,9,57.44,1.56
2025-12-08,S04,SKU007,Personal Care,East,281.67,0,0,60,2,53.77,6.23
2025-12-09,S04,SKU007,Personal Care,East,279.58,0,0,62,9,53.62,8.38
2025-12-10,S04,SKU007,Personal Care,East,276.97,0,0,54,7,55.11,1.11
2025-12-11,S04,SKU007,Personal Care,East,278.73,0,0,52,7,54.86,2.86
2025-12-12,S04,SKU007,Personal Care,East,283.73,0,0,53,6,54.24,1.24
2025-12-13,S04,SKU007,Personal Care,East,286.02,0,0,49,8,59.45,10.45
2025-12-14,S04,SKU007,Personal Care,East,277.57,0,0,60,9,59.58,0.42
2025-12-15,S04,SKU007,Personal Care,East,276.19,0,0,45,2,56.0,11.0
2025-12-16,S04,SKU007,Personal Care,East,251.88,1,0,84,8,72.45,11.55
2025-12-17,S04,SKU007,Personal Care,East,286.74,0,0,53,4,59.3,6.3
2025-12-18,S04,SKU007,Personal Care,East,285.42,0,0,55,7,56.65,1.65
2025-12-19,S04,SKU007,Personal Care,East,257.21,1,0,74,9,73.12,0.88
2025-12-20,S04,SKU007,Personal Care,East,290.75,0,0,58,2,60.66,2.66
2025-12-21,S04,SKU007,Personal Care,East,276.14,0,0,67,9,60.23,6.77
2025-12-22,S04,SKU007,Personal Care,East,255.36,1,0,78,8,73.07,4.93
2025-12-23,S04,SKU007,Personal Care,East,285.99,0,0,55,8,57.56,2.56
2025-12-24,S04,SKU007,Personal Care,East,283.07,0,0,48,2,58.22,10.22
2025-12-25,S04,SKU007,Personal Care,East,283.19,0,1,62,2,65.51,3.51
2025-12-26,S04,SKU007,Personal Care,East,278.51,0,0,52,9,56.75,4.75
2025-12-27,S04,SKU007,Personal Care,East,276.63,0,0,61,9,60.92,0.08
2025-12-28,S04,SKU007,Personal Care,East,278.26,0,0,58,5,59.58,1.58
2025-12-29,S04,SKU007,Personal Care,East,258.31,1,0,67,8,73.76,6.76
2025-12-30,S04,SKU007,Personal Care,East,260.69,1,0,74,5,73.52,0.48
2025-12-31,S04,SKU007,Personal Care,East,284.86,0,0,51,2,56.86,5.86
2025-08-13,S04,SKU008,Household,East,303.74,0,0,59,9,58.72,0.28
2025-08-14,S04,SKU008,Household,East,299.75,0,0,60,8,59.89,0.11
2025-08-15,S04,SKU008,Household,East,306.42,0,1,65,9,68.09,3.09
2025-08-16,S04,SKU008,Household,East,304.85,0,0,62,7,63.17,1.17
2025-08-17,S04,SKU008,Household,East,278.03,1,0,69,2,80.53,11.53
2025-08-18,S04,SKU008,Household,East,295.6,0,0,42,9,57.04,15.04
2025-08-19,S04,SKU008,Household,East,294.22,0,0,60,2,57.19,2.81
2025-08-20,S04,SKU008,Household,East,278.28,1,0,80,3,75.71,4.29
2025-08-21,S04,SKU008,Household,East,295.06,0,0,60,5,57.23,2.77
2025-08-22,S04,SKU008,Household,East,280.26,1,0,71,5,76.48,5.48
2025-08-23,S04,SKU008,Household,East,306.24,0,0,66,2,63.03,2.97
2025-08-24,S04,SKU008,Household,East,293.43,0,0,67,4,62.87,4.13
2025-08-25,S04,SKU008,Household,East,298.04,0,0,55,8,56.63,1.63
2025-08-26,S04,SKU008,Household,East,295.19,0,0,60,7,58.25,1.75
2025-08-27,S04,SKU008,Household,East,301.44,0,0,60,3,57.03,2.97
2025-08-28,S04,SKU008,Household,East,274.07,1,0,76,9,76.37,0.37
2025-08-29,S04,SKU008,Household,East,299.48,0,0,61,2,57.79,3.21
2025-08-30,S04,SKU008,Household,East,296.76,0,0,71,8,61.96,9.04
2025-08-31,S04,SKU008,Household,East,277.42,1,0,76,3,82.35,6.35
2025-09-01,S04,SKU008,Household,East,278.15,1,0,73,8,75.98,2.98
2025-09-02,S04,SKU008,Household,East,300.91,0,0,65,6,58.89,6.11
2025-09-03,S04,SKU008,Household,East,279.2,1,0,70,5,77.3,7.3
2025-09-04,S04,SKU008,Household,East,309.13,0,0,50,3,59.44,9.44
2025-09-05,S04,SKU008,Household,East,300.65,0,0,67,9,58.41,8.59
2025-09-06,S04,SKU008,Household,East,298.01,0,0,64,5,64.17,0.17
2025-09-07,S04,SKU008,Household,East,309.38,0,0,50,5,63.27,13.27
2025-09-08,S04,SKU008,Household,East,280.45,1,0,74,6,75.93,1.93
2025-09-09,S04,SKU008,Household,East,299.81,0,0,61,7,57.76,3.24
2025-09-10,S04,SKU008,Household,East,294.19,0,0,52,3,57.83,5.83
2025-09-11,S04,SKU008,Household,East,303.7,0,0,54,6,56.76,2.76
2025-09-12,S04,SKU008,Household,East,294.91,0,0,64,3,58.0,6.0
2025-09-13,S04,SKU008,Household,East,297.62,0,0,70,4,62.5,7.5
2025-09-14,S04,SKU008,Household,East,305.61,0,0,48,5,63.03,15.03
2025-09-15,S04,SKU008,Household,East,294.98,0,0,56,7,57.14,1.14
2025-09-16,S04,SKU008,Household,East,297.5,0,0,57,9,57.43,0.43
2025-09-17,S04,SKU008,Household,East,297.52,0,0,56,4,58.17,2.17
2025-09-18,S04,SKU008,Household,East,303.56,0,0,48,6,57.99,9.99
2025-09-19,S04,SKU008,Household,East,267.94,1,0,73,7,75.49,2.49
2025-09-20,S04,SKU008,Household,East,300.01,0,0,61,5,61.6,0.6
2025-09-21,S04,SKU008,Household,East,295.61,0,0,52,9,61.3,9.3
2025-09-22,S04,SKU008,Household,East,298.57,0,0,55,6,56.81,1.81
2025-09-23,S04,SKU008,Household,East,272.97,1,0,71,7,75.12,4.12
2025-09-24,S04,SKU008,Household,East,299.74,0,0,50,2,57.18,7.18
2025-09-25,S04,SKU008,Household,East,295.36,0,0,49,4,56.92,7.92
2025-09-26,S04,SKU008,Household,East,293.26,0,0,54,2,56.17,2.17
2025-09-27,S04,SKU008,Household,East,273.93,1,0,81,3,79.88,1.12
2025-09-28,S04,SKU008,Household,East,295.67,0,0,59,4,61.51,2.51
2025-09-29,S04,SKU008,Household,East,296.45,0,0,51,4,56.08,5.08
2025-09-30,S04,SKU008,Household,East,294.79,0,0,68,4,54.84,13.16
2025-10-01,S04,SKU008,Household,East,291.66,0,0,67,4,56.71,10.29
2025-10-02,S04,SKU008,Household,East,302.2,0,1,65,6,63.11,1.89
2025-10-03,S04,SKU008,Household,East,295.16,0,0,51,7,56.9,5.9
2025-10-04,S04,SKU008,Household,East,301.93,0,0,67,4,60.46,6.54
2025-10-05,S04,SKU008,Household,East,307.66,0,0,59,2,59.72,0.72
2025-10-06,S04,SKU008,Household,East,303.22,0,0,67,3,56.7,10.3
2025-10-07,S04,SKU008,Household,East,280.38,1,0,76,7,73.84,2.16
2025-10-08,S04,SKU008,Household,East,294.39,0,0,50,5,55.3,5.3
2025-10-09,S04,SKU008,Household,East,297.22,0,0,61,6,56.13,4.87
2025-10-10,S04,SKU008,Household,East,303.93,0,0,53,8,56.46,3.46
2025-10-11,S04,SKU008,Household,East,303.31,0,0,69,4,60.62,8.38
2025-10-12,S04,SKU008,Household,East,303.26,0,0,62,2,60.46,1.54
2025-10-13,S04,SKU008,Household,East,297.04,0,0,60,3,57.09,2.91
2025-10-14,S04,SKU008,Household,East,301.82,0,0,42,7,56.58,14.58
2025-10-15,S04,SKU008,Household,East,277.14,1,0,67,4,73.72,6.72
2025-10-16,S04,SKU008,Household,East,297.25,0,0,56,2,57.12,1.12
2025-10-17,S04,SKU008,Household,East,303.01,0,0,62,2,58.46,3.54
2025-10-18,S04,SKU008,Household,East,301.03,0,0,67,6,61.89,5.11
2025-10-19,S04,SKU008,Household,East,301.19,0,0,60,7,61.88,1.88
2025-10-20,S04,SKU008,Household,East,298.75,0,0,58,6,57.96,0.04
2025-10-21,S04,SKU008,Household,East,314.37,0,0,52,4,58.36,6.36
2025-10-22,S04,SKU008,Household,East,296.73,0,0,61,5,56.75,4.25
2025-10-23,S04,SKU008,Household,East,294.38,0,0,56,9,57.99,1.99
2025-10-24,S04,SKU008,Household,East,300.13,0,0,55,7,58.72,3.72
2025-10-25,S04,SKU008,Household,East,298.1,0,0,66,5,62.92,3.08
2025-10-26,S04,SKU008,Household,East,308.32,0,0,63,5,63.02,0.02
2025-10-27,S04,SKU008,Household,East,297.2,0,0,63,7,58.43,4.57
2025-10-28,S04,SKU008,Household,East,299.3,0,0,62,9,58.46,3.54
2025-10-29,S04,SKU008,Household,East,300.03,0,0,56,2,58.87,2.87
2025-10-30,S04,SKU008,Household,East,297.31,0,0,59,4,58.21,0.79
2025-10-31,S04,SKU008,Household,East,294.73,0,0,61,9,58.28,2.72
2025-11-01,S04,SKU008,Household,East,297.86,0,0,73,5,63.84,9.16
2025-11-02,S04,SKU008,Household,East,308.52,0,0,65,9,63.61,1.39
2025-11-03,S04,SKU008,Household,East,301.39,0,0,65,6,59.96,5.04
2025-11-04,S04,SKU008,Household,East,306.85,0,0,52,9,60.76,8.76
2025-11-05,S04,SKU008,Household,East,304.11,0,0,54,7,58.91,4.91
2025-11-06,S04,SKU008,Household,East,301.21,0,0,57,4,58.65,1.65
2025-11-07,S04,SKU008,Household,East,276.22,1,0,82,9,75.14,6.86
2025-11-08,S04,SKU008,Household,East,294.69,0,0,70,3,63.88,6.12
2025-11-09,S04,SKU008,Household,East,294.07,0,0,64,7,64.86,0.86
2025-11-10,S04,SKU008,Household,East,297.59,0,0,58,2,60.43,2.43
2025-11-11,S04,SKU008,Household,East,295.05,0,0,51,6,59.57,8.57
2025-11-12,S04,SKU008,Household,East,274.26,1,0,81,3,76.73,4.27
2025-11-13,S04,SKU008,Household,East,293.58,0,0,60,5,60.89,0.89
2025-11-14,S04,SKU008,Household,East,301.52,0,0,69,7,60.72,8.28
2025-11-15,S04,SKU008,Household,East,300.78,0,0,59,4,65.94,6.94
2025-11-16,S04,SKU008,Household,East,300.08,0,0,77,4,65.4,11.6
2025-11-17,S04,SKU008,Household,East,276.67,1,0,78,6,80.06,2.06
2025-11-18,S04,SKU008,Household,East,306.51,0,0,54,5,60.51,6.51
2025-11-19,S04,SKU008,Household,East,301.77,0,0,61,9,61.56,0.56
2025-11-20,S04,SKU008,Household,East,298.37,0,0,64,5,62.29,1.71
2025-11-21,S04,SKU008,Household,East,302.94,0,0,70,6,62.28,7.72
2025-11-22,S04,SKU008,Household,East,303.01,0,0,65,3,67.99,2.99
2025-11-23,S04,SKU008,Household,East,298.51,0,0,64,3,67.02,3.02
2025-11-24,S04,SKU008,Household,East,279.25,1,0,75,5,80.84,5.84
2025-11-25,S04,SKU008,Household,East,312.09,0,0,63,9,61.95,1.05
2025-11-26,S04,SKU008,Household,East,278.12,1,0,88,9,81.58,6.42
2025-11-27,S04,SKU008,Household,East,301.5,0,0,65,9,64.37,0.63
2025-11-28,S04,SKU008,Household,East,298.32,0,0,62,3,65.49,3.49
2025-11-29,S04,SKU008,Household,East,295.91,0,0,73,4,69.41,3.59
2025-11-30,S04,SKU008,Household,East,301.73,0,0,66,6,71.37,5.37
2025-12-01,S04,SKU008,Household,East,280.64,1,0,84,7,84.67,0.67
2025-12-02,S04,SKU008,Household,East,300.77,0,0,60,2,64.7,4.7
2025-12-03,S04,SKU008,Household,East,276.83,1,0,81,9,84.57,3.57
2025-12-04,S04,SKU008,Household,East,299.36,0,0,67,5,66.73,0.27
2025-12-05,S04,SKU008,Household,East,297.84,0,0,60,8,66.18,6.18
2025-12-06,S04,SKU008,Household,East,302.74,0,0,72,4,71.73,0.27
2025-12-07,S04,SKU008,Household,East,293.9,0,0,77,8,72.25,4.75
2025-12-08,S04,SKU008,Household,East,293.91,0,0,67,3,65.78,1.22
2025-12-09,S04,SKU008,Household,East,299.18,0,0,66,7,66.51,0.51
2025-12-10,S04,SKU008,Household,East,295.74,0,0,67,7,65.23,1.77
2025-12-11,S04,SKU008,Household,East,270.5,1,0,75,2,86.11,11.11
2025-12-12,S04,SKU008,Household,East,298.65,0,0,60,8,66.35,6.35
2025-12-13,S04,SKU008,Household,East,292.96,0,0,64,9,70.94,6.94
2025-12-14,S04,SKU008,Household,East,303.39,0,0,58,3,71.56,13.56
2025-12-15,S04,SKU008,Household,East,298.64,0,0,64,3,66.21,2.21
2025-12-16,S04,SKU008,Household,East,298.05,0,0,76,4,65.75,10.25
2025-12-17,S04,SKU008,Household,East,297.96,0,0,77,8,65.73,11.27
2025-12-18,S04,SKU008,Household,East,299.74,0,0,63,7,66.4,3.4
2025-12-19,S04,SKU008,Household,East,296.16,0,0,66,8,66.19,0.19
2025-12-20,S04,SKU008,Household,East,302.98,0,0,67,4,71.35,4.35
2025-12-21,S04,SKU008,Household,East,305.86,0,0,73,8,71.43,1.57
2025-12-22,S04,SKU008,Household,East,270.21,1,0,87,5,89.9,2.9
2025-12-23,S04,SKU008,Household,East,295.97,0,0,74,8,67.12,6.88
2025-12-24,S04,SKU008,Household,East,303.94,0,0,69,5,67.96,1.04
2025-12-25,S04,SKU008,Household,East,300.13,0,1,82,5,77.77,4.23
2025-12-26,S04,SKU008,Household,East,308.37,0,0,66,4,68.68,2.68
2025-12-27,S04,SKU008,Household,East,298.93,0,0,70,7,74.03,4.03
2025-12-28,S04,SKU008,Household,East,304.11,0,0,71,8,73.36,2.36
2025-12-29,S04,SKU008,Household,East,272.59,1,0,77,9,89.2,12.2
2025-12-30,S04,SKU008,Household,East,297.44,0,0,61,3,67.67,6.67
2025-12-31,S04,SKU008,Household,East,297.66,0,0,65,7,67.98,2.98
2025-08-13,S04,SKU009,Beverages,East,405.58,0,0,38,8,37.33,0.67
2025-08-14,S04,SKU009,Beverages,East,410.85,0,0,38,2,37.78,0.22
2025-08-15,S04,SKU009,Beverages,East,410.16,0,1,45,3,42.75,2.25
2025-08-16,S04,SKU009,Beverages,East,410.93,0,0,46,3,39.81,6.19
2025-08-17,S04,SKU009,Beverages,East,407.97,0,0,38,9,39.77,1.77
2025-08-18,S04,SKU009,Beverages,East,404.64,0,0,44,8,37.1,6.9
2025-08-19,S04,SKU009,Beverages,East,408.16,0,0,32,3,37.65,5.65
2025-08-20,S04,SKU009,Beverages,East,411.23,0,0,26,5,36.59,10.59
2025-08-21,S04,SKU009,Beverages,East,415.35,0,0,28,6,36.11,8.11
2025-08-22,S04,SKU009,Beverages,East,419.91,0,0,29,6,36.31,7.31
2025-08-23,S04,SKU009,Beverages,East,401.25,0,0,38,4,37.06,0.94
2025-08-24,S04,SKU009,Beverages,East,407.36,0,0,32,3,36.23,4.23
2025-08-25,S04,SKU009,Beverages,East,382.88,1,0,46,5,44.83,1.17
2025-08-26,S04,SKU009,Beverages,East,403.47,0,0,39,8,33.89,5.11
2025-08-27,S04,SKU009,Beverages,East,402.44,0,0,30,8,34.47,4.47
2025-08-28,S04,SKU009,Beverages,East,377.53,1,0,56,2,45.79,10.21
2025-08-29,S04,SKU009,Beverages,East,399.36,0,0,36,8,35.41,0.59
2025-08-30,S04,SKU009,Beverages,East,396.78,0,0,33,4,38.33,5.33
2025-08-31,S04,SKU009,Beverages,East,377.46,1,0,50,2,49.09,0.91
2025-09-01,S04,SKU009,Beverages,East,412.9,0,0,35,9,35.66,0.66
2025-09-02,S04,SKU009,Beverages,East,407.27,0,0,39,3,34.33,4.67
2025-09-03,S04,SKU009,Beverages,East,405.52,0,0,31,5,34.49,3.49
2025-09-04,S04,SKU009,Beverages,East,418.45,0,0,38,4,33.98,4.02
2025-09-05,S04,SKU009,Beverages,East,400.0,0,0,40,8,34.86,5.14
2025-09-06,S04,SKU009,Beverages,East,400.23,0,0,36,2,37.35,1.35
2025-09-07,S04,SKU009,Beverages,East,406.26,0,0,32,7,37.04,5.04
2025-09-08,S04,SKU009,Beverages,East,380.69,1,0,46,8,45.99,0.01
2025-09-09,S04,SKU009,Beverages,East,404.43,0,0,32,3,34.17,2.17
2025-09-10,S04,SKU009,Beverages,East,405.35,0,0,37,2,34.4,2.6
2025-09-11,S04,SKU009,Beverages,East,407.52,0,0,36,2,33.88,2.12
2025-09-12,S04,SKU009,Beverages,East,407.56,0,0,26,7,34.64,8.64
2025-09-13,S04,SKU009,Beverages,East,364.94,1,0,48,3,48.82,0.82
2025-09-14,S04,SKU009,Beverages,East,405.2,0,0,35,7,38.02,3.02
2025-09-15,S04,SKU009,Beverages,East,410.03,0,0,31,5,34.44,3.44
2025-09-16,S04,SKU009,Beverages,East,397.73,0,0,30,2,33.37,3.37
2025-09-17,S04,SKU009,Beverages,East,411.76,0,0,30,8,32.26,2.26
2025-09-18,S04,SKU009,Beverages,East,377.24,1,0,41,6,43.2,2.2
2025-09-19,S04,SKU009,Beverages,East,377.94,1,0,38,7,44.71,6.71
2025-09-20,S04,SKU009,Beverages,East,394.18,0,0,41,6,37.27,3.73
2025-09-21,S04,SKU009,Beverages,East,415.5,0,0,30,7,36.17,6.17
2025-09-22,S04,SKU009,Beverages,East,374.03,1,0,48,9,45.93,2.07
2025-09-23,S04,SKU009,Beverages,East,402.06,0,0,37,3,34.61,2.39
2025-09-24,S04,SKU009,Beverages,East,412.38,0,0,27,5,34.11,7.11
2025-09-25,S04,SKU009,Beverages,East,401.29,0,0,37,4,33.7,3.3
2025-09-26,S04,SKU009,Beverages,East,401.8,0,0,36,8,33.73,2.27
2025-09-27,S04,SKU009,Beverages,East,375.78,1,0,57,3,49.95,7.05
2025-09-28,S04,SKU009,Beverages,East,387.21,1,0,52,6,49.01,2.99
2025-09-29,S04,SKU009,Beverages,East,404.19,0,0,43,3,34.92,8.08
2025-09-30,S04,SKU009,Beverages,East,397.36,0,0,45,5,35.24,9.76
2025-10-01,S04,SKU009,Beverages,East,402.12,0,0,36,7,36.05,0.05
2025-10-02,S04,SKU009,Beverages,East,382.83,1,1,55,3,47.93,7.07
2025-10-03,S04,SKU009,Beverages,East,391.99,0,0,31,2,36.41,5.41
2025-10-04,S04,SKU009,Beverages,East,406.8,0,0,41,9,38.93,2.07
2025-10-05,S04,SKU009,Beverages,East,402.01,0,0,29,5,38.26,9.26
2025-10-06,S04,SKU009,Beverages,East,392.89,0,0,38,4,36.63,1.37
2025-10-07,S04,SKU009,Beverages,East,406.58,0,0,31,2,36.18,5.18
2025-10-08,S04,SKU009,Beverages,East,396.92,0,0,31,3,36.02,5.02
2025-10-09,S04,SKU009,Beverages,East,402.14,0,0,39,4,35.05,3.95
2025-10-10,S04,SKU009,Beverages,East,414.36,0,0,40,5,34.3,5.7
2025-10-11,S04,SKU009,Beverages,East,403.13,0,0,33,8,39.15,6.15
2025-10-12,S04,SKU009,Beverages,East,408.13,0,0,37,8,37.38,0.38
2025-10-13,S04,SKU009,Beverages,East,397.11,0,0,39,6,35.2,3.8
2025-10-14,S04,SKU009,Beverages,East,406.02,0,0,46,4,36.18,9.82
2025-10-15,S04,SKU009,Beverages,East,387.38,0,0,41,9,36.22,4.78
2025-10-16,S04,SKU009,Beverages,East,408.52,0,0,43,3,37.65,5.35
2025-10-17,S04,SKU009,Beverages,East,377.05,1,0,43,3,49.21,6.21
2025-10-18,S04,SKU009,Beverages,East,404.35,0,0,33,3,40.65,7.65
2025-10-19,S04,SKU009,Beverages,East,405.09,0,0,36,3,40.18,4.18
2025-10-20,S04,SKU009,Beverages,East,410.3,0,0,36,4,37.89,1.89
2025-10-21,S04,SKU009,Beverages,East,393.44,0,0,30,8,37.62,7.62
2025-10-22,S04,SKU009,Beverages,East,398.05,0,0,42,6,36.43,5.57
2025-10-23,S04,SKU009,Beverages,East,373.01,1,0,46,2,48.69,2.69
2025-10-24,S04,SKU009,Beverages,East,413.17,0,0,35,7,37.83,2.83
2025-10-25,S04,SKU009,Beverages,East,413.13,0,0,39,4,38.9,0.1
2025-10-26,S04,SKU009,Beverages,East,406.33,0,0,31,2,40.08,9.08
2025-10-27,S04,SKU009,Beverages,East,398.36,0,0,42,9,36.88,5.12
2025-10-28,S04,SKU009,Beverages,East,395.89,0,0,37,5,36.73,0.27
2025-10-29,S04,SKU009,Beverages,East,415.97,0,0,33,7,36.06,3.06
2025-10-30,S04,SKU009,Beverages,East,409.82,0,0,32,6,35.77,3.77
2025-10-31,S04,SKU009,Beverages,East,397.81,0,0,37,3,36.26,0.74
2025-11-01,S04,SKU009,Beverages,East,406.66,0,0,42,2,38.6,3.4
2025-11-02,S04,SKU009,Beverages,East,405.0,0,0,43,9,38.96,4.04
2025-11-03,S04,SKU009,Beverages,East,401.36,0,0,28,4,36.14,8.14
2025-11-04,S04,SKU009,Beverages,East,408.16,0,0,39,4,35.76,3.24
2025-11-05,S04,SKU009,Beverages,East,399.2,0,0,44,6,36.21,7.79
2025-11-06,S04,SKU009,Beverages,East,403.98,0,0,31,8,36.88,5.88
2025-11-07,S04,SKU009,Beverages,East,414.26,0,0,38,8,35.92,2.08
2025-11-08,S04,SKU009,Beverages,East,407.97,0,0,34,5,38.8,4.8
2025-11-09,S04,SKU009,Beverages,East,408.93,0,0,38,3,39.08,1.08
2025-11-10,S04,SKU009,Beverages,East,407.04,0,0,44,6,36.56,7.44
2025-11-11,S04,SKU009,Beverages,East,370.66,1,0,40,8,48.44,8.44
2025-11-12,S04,SKU009,Beverages,East,403.07,0,0,30,7,36.77,6.77
2025-11-13,S04,SKU009,Beverages,East,374.92,1,0,48,8,47.96,0.04
2025-11-14,S04,SKU009,Beverages,East,404.2,0,0,27,3,36.65,9.65
2025-11-15,S04,SKU009,Beverages,East,410.52,0,0,48,9,39.07,8.93
2025-11-16,S04,SKU009,Beverages,East,416.6,0,0,38,8,39.1,1.1
2025-11-17,S04,SKU009,Beverages,East,408.31,0,0,36,5,36.6,0.6
2025-11-18,S04,SKU009,Beverages,East,409.29,0,0,35,5,36.32,1.32
2025-11-19,S04,SKU009,Beverages,East,410.35,0,0,44,6,36.41,7.59
2025-11-20,S04,SKU009,Beverages,East,402.57,0,0,26,3,36.43,10.43
2025-11-21,S04,SKU009,Beverages,East,407.79,0,0,44,2,36.64,7.36
2025-11-22,S04,SKU009,Beverages,East,398.99,0,0,40,9,38.92,1.08
2025-11-23,S04,SKU009,Beverages,East,409.09,0,0,40,7,38.57,1.43
2025-11-24,S04,SKU009,Beverages,East,397.33,0,0,39,7,36.61,2.39
2025-11-25,S04,SKU009,Beverages,East,402.36,0,0,35,6,36.92,1.92
2025-11-26,S04,SKU009,Beverages,East,419.05,0,0,42,2,36.42,5.58
2025-11-27,S04,SKU009,Beverages,East,407.48,0,0,50,6,36.86,13.14
2025-11-28,S04,SKU009,Beverages,East,407.15,0,0,31,3,38.58,7.58
2025-11-29,S04,SKU009,Beverages,East,385.77,0,0,54,4,41.56,12.44
2025-11-30,S04,SKU009,Beverages,East,405.25,0,0,41,8,41.76,0.76
2025-12-01,S04,SKU009,Beverages,East,400.03,0,0,34,5,38.3,4.3
2025-12-02,S04,SKU009,Beverages,East,399.33,0,0,46,6,38.39,7.61
2025-12-03,S04,SKU009,Beverages,East,407.93,0,0,36,5,39.57,3.57
2025-12-04,S04,SKU009,Beverages,East,402.62,0,0,51,8,37.76,13.24
2025-12-05,S04,SKU009,Beverages,East,371.76,1,0,59,8,51.89,7.11
2025-12-06,S04,SKU009,Beverages,East,404.26,0,0,43,9,42.7,0.3
2025-12-07,S04,SKU009,Beverages,East,407.6,0,0,42,2,43.62,1.62
2025-12-08,S04,SKU009,Beverages,East,413.99,0,0,41,8,40.42,0.58
2025-12-09,S04,SKU009,Beverages,East,410.56,0,0,47,6,41.07,5.93
2025-12-10,S04,SKU009,Beverages,East,415.23,0,0,37,5,40.65,3.65
2025-12-11,S04,SKU009,Beverages,East,396.95,0,0,43,4,41.4,1.6
2025-12-12,S04,SKU009,Beverages,East,414.05,0,0,41,7,40.47,0.53
2025-12-13,S04,SKU009,Beverages,East,415.63,0,0,42,5,45.76,3.76
2025-12-14,S04,SKU009,Beverages,East,404.77,0,0,30,6,44.18,14.18
2025-12-15,S04,SKU009,Beverages,East,400.18,0,0,42,6,39.6,2.4
2025-12-16,S04,SKU009,Beverages,East,403.83,0,0,44,3,40.01,3.99
2025-12-17,S04,SKU009,Beverages,East,408.03,0,0,44,5,40.69,3.31
2025-12-18,S04,SKU009,Beverages,East,407.75,0,0,40,7,40.27,0.27
2025-12-19,S04,SKU009,Beverages,East,404.08,0,0,41,6,41.13,0.13
2025-12-20,S04,SKU009,Beverages,East,374.35,1,0,54,9,58.59,4.59
2025-12-21,S04,SKU009,Beverages,East,401.93,0,0,50,7,44.74,5.26
2025-12-22,S04,SKU009,Beverages,East,396.49,0,0,40,2,41.68,1.68
2025-12-23,S04,SKU009,Beverages,East,419.25,0,0,44,5,41.42,2.58
2025-12-24,S04,SKU009,Beverages,East,400.25,0,0,42,5,42.04,0.04
2025-12-25,S04,SKU009,Beverages,East,369.53,1,1,60,2,57.74,2.26
2025-12-26,S04,SKU009,Beverages,East,408.99,0,0,48,5,41.52,6.48
2025-12-27,S04,SKU009,Beverages,East,394.37,0,0,50,4,47.39,2.61
2025-12-28,S04,SKU009,Beverages,East,405.54,0,0,43,4,46.44,3.44
2025-12-29,S04,SKU009,Beverages,East,406.98,0,0,38,7,42.96,4.96
2025-12-30,S04,SKU009,Beverages,East,403.47,0,0,44,5,43.19,0.81
2025-12-31,S04,SKU009,Beverages,East,407.54,0,0,45,9,43.13,1.87
2025-08-13,S04,SKU010,Snacks,East,46.93,0,0,49,7,57.26,8.26
2025-08-14,S04,SKU010,Snacks,East,47.43,0,0,57,6,55.97,1.03
2025-08-15,S04,SKU010,Snacks,East,46.22,0,1,66,7,62.82,3.18
2025-08-16,S04,SKU010,Snacks,East,46.07,0,0,57,7,59.46,2.46
2025-08-17,S04,SKU010,Snacks,East,46.04,0,0,74,9,58.91,15.09
2025-08-18,S04,SKU010,Snacks,East,46.84,0,0,54,2,55.23,1.23
2025-08-19,S04,SKU010,Snacks,East,46.91,0,0,53,9,55.47,2.47
2025-08-20,S04,SKU010,Snacks,East,46.18,0,0,57,2,56.23,0.77
2025-08-21,S04,SKU010,Snacks,East,47.62,0,0,58,8,55.48,2.52
2025-08-22,S04,SKU010,Snacks,East,46.84,0,0,59,8,55.36,3.64
2025-08-23,S04,SKU010,Snacks,East,43.29,1,0,82,3,78.99,3.01
2025-08-24,S04,SKU010,Snacks,East,45.75,0,0,59,7,59.73,0.73
2025-08-25,S04,SKU010,Snacks,East,45.46,0,0,55,3,56.18,1.18
2025-08-26,S04,SKU010,Snacks,East,47.34,0,0,51,8,55.38,4.38
2025-08-27,S04,SKU010,Snacks,East,46.95,0,0,60,4,54.91,5.09
2025-08-28,S04,SKU010,Snacks,East,45.85,0,0,50,4,55.96,5.96
2025-08-29,S04,SKU010,Snacks,East,46.87,0,0,53,8,53.94,0.94
2025-08-30,S04,SKU010,Snacks,East,46.05,0,0,55,7,56.08,1.08
2025-08-31,S04,SKU010,Snacks,East,42.71,1,0,77,4,76.19,0.81
2025-09-01,S04,SKU010,Snacks,East,45.21,0,0,52,8,54.92,2.92
2025-09-02,S04,SKU010,Snacks,East,42.06,1,0,78,5,71.87,6.13
2025-09-03,S04,SKU010,Snacks,East,47.12,0,0,54,3,56.51,2.51
2025-09-04,S04,SKU010,Snacks,East,46.15,0,0,70,6,54.77,15.23
2025-09-05,S04,SKU010,Snacks,East,47.42,0,0,58,2,55.85,2.15
2025-09-06,S04,SKU010,Snacks,East,46.69,0,0,55,2,59.15,4.15
2025-09-07,S04,SKU010,Snacks,East,46.7,0,0,63,5,56.92,6.08
2025-09-08,S04,SKU010,Snacks,East,46.69,0,0,53,4,54.23,1.23
2025-09-09,S04,SKU010,Snacks,East,47.2,0,0,58,5,52.21,5.79
2025-09-10,S04,SKU010,Snacks,East,46.48,0,0,60,6,55.14,4.86
2025-09-11,S04,SKU010,Snacks,East,46.35,0,0,47,3,53.63,6.63
2025-09-12,S04,SKU010,Snacks,East,47.02,0,0,55,7,54.84,0.16
2025-09-13,S04,SKU010,Snacks,East,46.62,0,0,53,9,57.73,4.73
2025-09-14,S04,SKU010,Snacks,East,46.12,0,0,48,3,58.26,10.26
2025-09-15,S04,SKU010,Snacks,East,45.35,0,0,59,8,52.88,6.12
2025-09-16,S04,SKU010,Snacks,East,45.76,0,0,51,9,53.12,2.12
2025-09-17,S04,SKU010,Snacks,East,46.03,0,0,47,3,53.35,6.35
2025-09-18,S04,SKU010,Snacks,East,46.8,0,0,47,3,51.95,4.95
2025-09-19,S04,SKU010,Snacks,East,42.17,1,0,77,5,70.46,6.54
2025-09-20,S04,SKU010,Snacks,East,45.27,0,0,52,6,57.27,5.27
2025-09-21,S04,SKU010,Snacks,East,45.32,0,0,58,7,56.7,1.3
2025-09-22,S04,SKU010,Snacks,East,46.27,0,0,57,3,52.6,4.4
2025-09-23,S04,SKU010,Snacks,East,46.02,0,0,47,2,52.85,5.85
2025-09-24,S04,SKU010,Snacks,East,45.37,0,0,64,3,52.41,11.59
2025-09-25,S04,SKU010,Snacks,East,47.66,0,0,56,2,52.8,3.2
2025-09-26,S04,SKU010,Snacks,East,47.15,0,0,48,6,51.51,3.51
2025-09-27,S04,SKU010,Snacks,East,46.93,0,0,58,6,56.0,2.0
2025-09-28,S04,SKU010,Snacks,East,47.2,0,0,66,7,57.13,8.87
2025-09-29,S04,SKU010,Snacks,East,41.97,1,0,68,5,70.48,2.48
2025-09-30,S04,SKU010,Snacks,East,46.75,0,0,55,2,53.31,1.69
2025-10-01,S04,SKU010,Snacks,East,46.63,0,0,55,2,52.73,2.27
2025-10-02,S04,SKU010,Snacks,East,45.86,0,1,57,9,60.33,3.33
2025-10-03,S04,SKU010,Snacks,East,46.88,0,0,57,7,51.75,5.25
2025-10-04,S04,SKU010,Snacks,East,47.45,0,0,67,2,56.3,10.7
2025-10-05,S04,SKU010,Snacks,East,46.22,0,0,57,4,57.66,0.66
2025-10-06,S04,SKU010,Snacks,East,45.69,0,0,60,9,52.88,7.12
2025-10-07,S04,SKU010,Snacks,East,46.46,0,0,51,6,53.51,2.51
2025-10-08,S04,SKU010,Snacks,East,46.02,0,0,56,3,53.55,2.45
2025-10-09,S04,SKU010,Snacks,East,46.09,0,0,53,8,52.82,0.18
2025-10-10,S04,SKU010,Snacks,East,46.67,0,0,53,6,53.38,0.38
2025-10-11,S04,SKU010,Snacks,East,43.0,1,0,73,6,74.89,1.89
2025-10-12,S04,SKU010,Snacks,East,46.43,0,0,62,8,57.88,4.12
2025-10-13,S04,SKU010,Snacks,East,43.68,1,0,71,6,72.57,1.57
2025-10-14,S04,SKU010,Snacks,East,46.1,0,0,60,8,54.17,5.83
2025-10-15,S04,SKU010,Snacks,East,47.06,0,0,61,4,55.23,5.77
2025-10-16,S04,SKU010,Snacks,East,46.16,0,0,50,6,55.48,5.48
2025-10-17,S04,SKU010,Snacks,East,46.34,0,0,54,5,56.23,2.23
2025-10-18,S04,SKU010,Snacks,East,46.03,0,0,60,7,58.72,1.28
2025-10-19,S04,SKU010,Snacks,East,46.93,0,0,61,7,59.84,1.16
2025-10-20,S04,SKU010,Snacks,East,46.64,0,0,48,5,54.89,6.89
2025-10-21,S04,SKU010,Snacks,East,47.05,0,0,56,7,55.75,0.25
2025-10-22,S04,SKU010,Snacks,East,41.8,1,0,69,3,73.2,4.2
2025-10-23,S04,SKU010,Snacks,East,46.66,0,0,44,3,57.31,13.31
2025-10-24,S04,SKU010,Snacks,East,47.17,0,0,61,4,55.47,5.53
2025-10-25,S04,SKU010,Snacks,East,46.57,0,0,57,6,61.89,4.89
2025-10-26,S04,SKU010,Snacks,East,47.27,0,0,64,2,61.44,2.56
2025-10-27,S04,SKU010,Snacks,East,48.35,0,0,55,5,56.93,1.93
2025-10-28,S04,SKU010,Snacks,East,46.51,0,0,52,2,56.38,4.38
2025-10-29,S04,SKU010,Snacks,East,46.18,0,0,56,2,55.7,0.3
2025-10-30,S04,SKU010,Snacks,East,48.29,0,0,58,9,55.4,2.6
2025-10-31,S04,SKU010,Snacks,East,47.13,0,0,53,8,56.35,3.35
2025-11-01,S04,SKU010,Snacks,East,47.08,0,0,75,6,61.77,13.23
2025-11-02,S04,SKU010,Snacks,East,46.54,0,0,65,7,61.5,3.5
2025-11-03,S04,SKU010,Snacks,East,45.91,0,0,54,8,57.03,3.03
2025-11-04,S04,SKU010,Snacks,East,47.45,0,0,50,4,57.09,7.09
2025-11-05,S04,SKU010,Snacks,East,46.75,0,0,55,2,57.0,2.0
2025-11-06,S04,SKU010,Snacks,East,47.0,0,0,65,7,57.5,7.5
2025-11-07,S04,SKU010,Snacks,East,46.32,0,0,68,9,57.74,10.26
2025-11-08,S04,SKU010,Snacks,East,45.24,0,0,60,5,62.27,2.27
2025-11-09,S04,SKU010,Snacks,East,46.41,0,0,61,9,62.35,1.35
2025-11-10,S04,SKU010,Snacks,East,46.43,0,0,59,9,58.22,0.78
2025-11-11,S04,SKU010,Snacks,East,46.9,0,0,56,5,57.61,1.61
2025-11-12,S04,SKU010,Snacks,East,46.89,0,0,47,7,57.33,10.33
2025-11-13,S04,SKU010,Snacks,East,46.24,0,0,65,4,56.56,8.44
2025-11-14,S04,SKU010,Snacks,East,45.65,0,0,65,8,56.73,8.27
2025-11-15,S04,SKU010,Snacks,East,46.1,0,0,72,6,62.81,9.19
2025-11-16,S04,SKU010,Snacks,East,41.74,1,0,91,4,79.41,11.59
2025-11-17,S04,SKU010,Snacks,East,45.39,0,0,68,6,58.23,9.77
2025-11-18,S04,SKU010,Snacks,East,45.3,0,0,64,4,60.45,3.55
2025-11-19,S04,SKU010,Snacks,East,47.76,0,0,49,4,60.03,11.03
2025-11-20,S04,SKU010,Snacks,East,47.59,0,0,68,9,59.54,8.46
2025-11-21,S04,SKU010,Snacks,East,46.78,0,0,54,5,60.16,6.16
2025-11-22,S04,SKU010,Snacks,East,47.07,0,0,72,4,64.04,7.96
2025-11-23,S04,SKU010,Snacks,East,45.91,0,0,68,7,65.8,2.2
2025-11-24,S04,SKU010,Snacks,East,47.27,0,0,60,4,60.21,0.21
2025-11-25,S04,SKU010,Snacks,East,46.02,0,0,58,4,60.3,2.3
2025-11-26,S04,SKU010,Snacks,East,46.31,0,0,59,3,59.87,0.87
2025-11-27,S04,SKU010,Snacks,East,42.56,1,0,82,5,79.19,2.81
2025-11-28,S04,SKU010,Snacks,East,47.23,0,0,61,4,63.07,2.07
2025-11-29,S04,SKU010,Snacks,East,46.32,0,0,57,4,68.04,11.04
2025-11-30,S04,SKU010,Snacks,East,45.49,0,0,74,2,66.33,7.67
2025-12-01,S04,SKU010,Snacks,East,46.96,0,0,59,5,62.64,3.64
2025-12-02,S04,SKU010,Snacks,East,47.84,0,0,55,3,62.96,7.96
2025-12-03,S04,SKU010,Snacks,East,47.27,0,0,62,2,62.07,0.07
2025-12-04,S04,SKU010,Snacks,East,43.67,1,0,75,4,79.82,4.82
2025-12-05,S04,SKU010,Snacks,East,41.7,1,0,78,2,81.82,3.82
2025-12-06,S04,SKU010,Snacks,East,45.35,0,0,70,8,67.78,2.22
2025-12-07,S04,SKU010,Snacks,East,46.73,0,0,70,2,66.7,3.3
2025-12-08,S04,SKU010,Snacks,East,46.65,0,0,66,8,63.89,2.11
2025-12-09,S04,SKU010,Snacks,East,42.99,1,0,76,3,82.33,6.33
2025-12-10,S04,SKU010,Snacks,East,46.05,0,0,61,8,63.41,2.41
2025-12-11,S04,SKU010,Snacks,East,47.29,0,0,65,4,65.01,0.01
2025-12-12,S04,SKU010,Snacks,East,46.86,0,0,61,2,64.12,3.12
2025-12-13,S04,SKU010,Snacks,East,46.42,0,0,67,5,67.63,0.63
2025-12-14,S04,SKU010,Snacks,East,47.1,0,0,71,8,68.68,2.32
2025-12-15,S04,SKU010,Snacks,East,43.03,1,0,78,8,86.85,8.85
2025-12-16,S04,SKU010,Snacks,East,43.26,1,0,81,4,86.18,5.18
2025-12-17,S04,SKU010,Snacks,East,45.9,0,0,58,2,64.16,6.16
2025-12-18,S04,SKU010,Snacks,East,45.12,0,0,64,9,64.85,0.85
2025-12-19,S04,SKU010,Snacks,East,45.33,0,0,66,5,64.63,1.37
2025-12-20,S04,SKU010,Snacks,East,46.11,0,0,78,9,69.1,8.9
2025-12-21,S04,SKU010,Snacks,East,47.34,0,0,65,9,70.16,5.16
2025-12-22,S04,SKU010,Snacks,East,47.42,0,0,65,6,64.65,0.35
2025-12-23,S04,SKU010,Snacks,East,46.25,0,0,71,9,64.73,6.27
2025-12-24,S04,SKU010,Snacks,East,45.58,0,0,75,7,66.43,8.57
2025-12-25,S04,SKU010,Snacks,East,46.36,0,1,78,5,75.47,2.53
2025-12-26,S04,SKU010,Snacks,East,48.05,0,0,68,3,65.68,2.32
2025-12-27,S04,SKU010,Snacks,East,44.42,0,0,82,6,69.84,12.16
2025-12-28,S04,SKU010,Snacks,East,46.32,0,0,71,2,71.64,0.64
2025-12-29,S04,SKU010,Snacks,East,46.37,0,0,70,8,66.13,3.87
2025-12-30,S04,SKU010,Snacks,East,42.48,1,0,91,2,88.82,2.18
2025-12-31,S04,SKU010,Snacks,East,46.11,0,0,60,5,68.09,8.09
2025-08-13,S04,SKU011,Personal Care,East,110.46,0,0,16,2,21.91,5.91
2025-08-14,S04,SKU011,Personal Care,East,108.5,0,0,24,4,22.02,1.98
2025-08-15,S04,SKU011,Personal Care,East,105.55,0,1,26,5,25.1,0.9
2025-08-16,S04,SKU011,Personal Care,East,107.09,0,0,26,9,23.5,2.5
2025-08-17,S04,SKU011,Personal Care,East,107.88,0,0,14,2,23.8,9.8
2025-08-18,S04,SKU011,Personal Care,East,109.17,0,0,28,3,21.19,6.81
2025-08-19,S04,SKU011,Personal Care,East,108.94,0,0,24,7,21.68,2.32
2025-08-20,S04,SKU011,Personal Care,East,98.91,1,0,32,7,27.62,4.38
2025-08-21,S04,SKU011,Personal Care,East,109.49,0,0,27,3,21.99,5.01
2025-08-22,S04,SKU011,Personal Care,East,107.46,0,0,28,4,22.3,5.7
2025-08-23,S04,SKU011,Personal Care,East,108.28,0,0,17,7,23.35,6.35
2025-08-24,S04,SKU011,Personal Care,East,109.86,0,0,23,8,23.1,0.1
2025-08-25,S04,SKU011,Personal Care,East,108.76,0,0,24,3,21.65,2.35
2025-08-26,S04,SKU011,Personal Care,East,107.56,0,0,16,8,21.66,5.66
2025-08-27,S04,SKU011,Personal Care,East,108.32,0,0,15,2,21.49,6.49
2025-08-28,S04,SKU011,Personal Care,East,109.09,0,0,25,9,20.55,4.45
2025-08-29,S04,SKU011,Personal Care,East,108.27,0,0,16,8,20.09,4.09
2025-08-30,S04,SKU011,Personal Care,East,109.71,0,0,26,2,21.7,4.3
2025-08-31,S04,SKU011,Personal Care,East,110.13,0,0,26,6,21.61,4.39
2025-09-01,S04,SKU011,Personal Care,East,106.27,0,0,14,3,20.04,6.04
2025-09-02,S04,SKU011,Personal Care,East,107.83,0,0,20,3,19.53,0.47
2025-09-03,S04,SKU011,Personal Care,East,99.25,1,0,29,2,26.94,2.06
2025-09-04,S04,SKU011,Personal Care,East,108.08,0,0,24,3,20.21,3.79
2025-09-05,S04,SKU011,Personal Care,East,110.49,0,0,20,2,20.08,0.08
2025-09-06,S04,SKU011,Personal Care,East,109.9,0,0,27,6,21.44,5.56
2025-09-07,S04,SKU011,Personal Care,East,105.94,0,0,26,9,21.7,4.3
2025-09-08,S04,SKU011,Personal Care,East,108.87,0,0,18,3,20.72,2.72
2025-09-09,S04,SKU011,Personal Care,East,109.01,0,0,15,2,20.81,5.81
2025-09-10,S04,SKU011,Personal Care,East,106.44,0,0,24,6,20.44,3.56
2025-09-11,S04,SKU011,Personal Care,East,106.42,0,0,26,8,20.44,5.56
2025-09-12,S04,SKU011,Personal Care,East,99.17,1,0,23,4,27.48,4.48
2025-09-13,S04,SKU011,Personal Care,East,109.33,0,0,20,7,21.73,1.73
2025-09-14,S04,SKU011,Personal Care,East,109.08,0,0,26,8,21.98,4.02
2025-09-15,S04,SKU011,Personal Care,East,107.07,0,0,19,8,21.3,2.3
2025-09-16,S04,SKU011,Personal Care,East,111.45,0,0,23,4,20.09,2.91
2025-09-17,S04,SKU011,Personal Care,East,107.28,0,0,19,2,21.02,2.02
2025-09-18,S04,SKU011,Personal Care,East,106.36,0,0,18,4,20.28,2.28
2025-09-19,S04,SKU011,Personal Care,East,100.25,1,0,38,2,27.08,10.92
2025-09-20,S04,SKU011,Personal Care,East,110.18,0,0,22,6,19.92,2.08
2025-09-21,S04,SKU011,Personal Care,East,106.92,0,0,19,2,22.05,3.05
2025-09-22,S04,SKU011,Personal Care,East,110.2,0,0,28,6,19.8,8.2
2025-09-23,S04,SKU011,Personal Care,East,108.33,0,0,18,8,20.58,2.58
2025-09-24,S04,SKU011,Personal Care,East,108.43,0,0,14,8,20.54,6.54
2025-09-25,S04,SKU011,Personal Care,East,110.33,0,0,16,4,19.3,3.3
2025-09-26,S04,SKU011,Personal Care,East,106.87,0,0,21,6,19.44,1.56
2025-09-27,S04,SKU011,Personal Care,East,108.2,0,0,13,6,21.62,8.62
2025-09-28,S04,SKU011,Personal Care,East,109.68,0,0,24,4,21.13,2.87
2025-09-29,S04,SKU011,Personal Care,East,109.47,0,0,18,2,20.62,2.62
2025-09-30,S04,SKU011,Personal Care,East,99.93,1,0,31,6,26.93,4.07
2025-10-01,S04,SKU011,Personal Care,East,98.63,1,0,16,9,27.09,11.09
2025-10-02,S04,SKU011,Personal Care,East,111.59,0,1,26,9,21.81,4.19
2025-10-03,S04,SKU011,Personal Care,East,107.34,0,0,19,2,19.28,0.28
2025-10-04,S04,SKU011,Personal Care,East,109.96,0,0,21,5,21.13,0.13
2025-10-05,S04,SKU011,Personal Care,East,110.79,0,0,15,3,21.52,6.52
2025-10-06,S04,SKU011,Personal Care,East,107.61,0,0,24,4,19.44,4.56
2025-10-07,S04,SKU011,Personal Care,East,110.18,0,0,17,7,19.6,2.6
2025-10-08,S04,SKU011,Personal Care,East,109.41,0,0,28,4,20.08,7.92
2025-10-09,S04,SKU011,Personal Care,East,105.89,0,0,18,9,20.1,2.1
2025-10-10,S04,SKU011,Personal Care,East,97.22,1,0,25,5,26.86,1.86
2025-10-11,S04,SKU011,Personal Care,East,109.31,0,0,25,9,21.29,3.71
2025-10-12,S04,SKU011,Personal Care,East,109.2,0,0,23,3,21.8,1.2
2025-10-13,S04,SKU011,Personal Care,East,98.39,1,0,28,8,27.51,0.49
2025-10-14,S04,SKU011,Personal Care,East,110.15,0,0,20,3,20.28,0.28
2025-10-15,S04,SKU011,Personal Care,East,107.81,0,0,28,7,20.44,7.56
2025-10-16,S04,SKU011,Personal Care,East,109.22,0,0,18,3,20.36,2.36
2025-10-17,S04,SKU011,Personal Care,East,109.04,0,0,26,5,20.76,5.24
2025-10-18,S04,SKU011,Personal Care,East,105.74,0,0,29,7,21.8,7.2
2025-10-19,S04,SKU011,Personal Care,East,106.26,0,0,18,7,22.03,4.03
2025-10-20,S04,SKU011,Personal Care,East,110.34,0,0,25,7,20.4,4.6
2025-10-21,S04,SKU011,Personal Care,East,105.55,0,0,19,7,20.04,1.04
2025-10-22,S04,SKU011,Personal Care,East,110.03,0,0,32,3,20.53,11.47
2025-10-23,S04,SKU011,Personal Care,East,102.02,1,0,28,9,28.32,0.32
2025-10-24,S04,SKU011,Personal Care,East,108.76,0,0,16,4,21.36,5.36
2025-10-25,S04,SKU011,Personal Care,East,108.24,0,0,24,3,23.03,0.97
2025-10-26,S04,SKU011,Personal Care,East,106.43,0,0,26,8,22.49,3.51
2025-10-27,S04,SKU011,Personal Care,East,106.47,0,0,27,4,21.92,5.08
2025-10-28,S04,SKU011,Personal Care,East,110.67,0,0,30,5,22.49,7.51
2025-10-29,S04,SKU011,Personal Care,East,109.15,0,0,19,6,22.78,3.78
2025-10-30,S04,SKU011,Personal Care,East,99.18,1,0,23,7,29.26,6.26
2025-10-31,S04,SKU011,Personal Care,East,110.99,0,0,11,6,22.26,11.26
2025-11-01,S04,SKU011,Personal Care,East,105.14,0,0,25,7,23.66,1.34
2025-11-02,S04,SKU011,Personal Care,East,110.38,0,0,17,4,22.93,5.93
2025-11-03,S04,SKU011,Personal Care,East,108.52,0,0,21,8,21.93,0.93
2025-11-04,S04,SKU011,Personal Care,East,106.26,0,0,22,8,21.64,0.36
2025-11-05,S04,SKU011,Personal Care,East,107.92,0,0,15,3,22.16,7.16
2025-11-06,S04,SKU011,Personal Care,East,107.77,0,0,22,3,21.85,0.15
2025-11-07,S04,SKU011,Personal Care,East,110.97,0,0,33,7,22.37,10.63
2025-11-08,S04,SKU011,Personal Care,East,111.28,0,0,25,6,23.32,1.68
2025-11-09,S04,SKU011,Personal Care,East,106.53,0,0,11,6,23.85,12.85
2025-11-10,S04,SKU011,Personal Care,East,107.77,0,0,18,5,21.41,3.41
2025-11-11,S04,SKU011,Personal Care,East,107.84,0,0,30,5,21.36,8.64
2025-11-12,S04,SKU011,Personal Care,East,108.35,0,0,18,7,22.25,4.25
2025-11-13,S04,SKU011,Personal Care,East,108.35,0,0,29,7,21.73,7.27
2025-11-14,S04,SKU011,Personal Care,East,109.6,0,0,18,6,22.04,4.04
2025-11-15,S04,SKU011,Personal Care,East,108.99,0,0,19,5,22.64,3.64
2025-11-16,S04,SKU011,Personal Care,East,109.2,0,0,16,4,23.41,7.41
2025-11-17,S04,SKU011,Personal Care,East,105.74,0,0,27,9,20.96,6.04
2025-11-18,S04,SKU011,Personal Care,East,108.42,0,0,14,9,21.64,7.64
2025-11-19,S04,SKU011,Personal Care,East,99.97,1,0,26,6,28.72,2.72
2025-11-20,S04,SKU011,Personal Care,East,106.53,0,0,19,2,20.84,1.84
2025-11-21,S04,SKU011,Personal Care,East,99.41,1,0,32,8,28.57,3.43
2025-11-22,S04,SKU011,Personal Care,East,109.5,0,0,26,3,22.38,3.62
2025-11-23,S04,SKU011,Personal Care,East,108.72,0,0,23,9,22.45,0.55
2025-11-24,S04,SKU011,Personal Care,East,108.22,0,0,22,3,21.51,0.49
2025-11-25,S04,SKU011,Personal Care,East,110.1,0,0,22,4,21.46,0.54
2025-11-26,S04,SKU011,Personal Care,East,108.92,0,0,25,3,21.18,3.82
2025-11-27,S04,SKU011,Personal Care,East,105.86,0,0,20,7,21.62,1.62
2025-11-28,S04,SKU011,Personal Care,East,106.4,0,0,26,3,20.08,5.92
2025-11-29,S04,SKU011,Personal Care,East,109.64,0,0,30,6,23.12,6.88
2025-11-30,S04,SKU011,Personal Care,East,100.37,1,0,20,3,30.66,10.66
2025-12-01,S04,SKU011,Personal Care,East,110.74,0,0,18,4,22.0,4.0
2025-12-02,S04,SKU011,Personal Care,East,109.8,0,0,26,6,22.3,3.7
2025-12-03,S04,SKU011,Personal Care,East,110.45,0,0,28,6,22.85,5.15
2025-12-04,S04,SKU011,Personal Care,East,107.61,0,0,32,5,23.18,8.82
2025-12-05,S04,SKU011,Personal Care,East,100.57,1,0,29,7,31.51,2.51
2025-12-06,S04,SKU011,Personal Care,East,109.95,0,0,30,7,24.64,5.36
2025-12-07,S04,SKU011,Personal Care,East,108.77,0,0,31,9,25.28,5.72
2025-12-08,S04,SKU011,Personal Care,East,109.05,0,0,18,6,23.82,5.82
2025-12-09,S04,SKU011,Personal Care,East,107.76,0,0,20,8,23.66,3.66
2025-12-10,S04,SKU011,Personal Care,East,107.4,0,0,37,3,23.47,13.53
2025-12-11,S04,SKU011,Personal Care,East,98.73,1,0,35,9,33.29,1.71
2025-12-12,S04,SKU011,Personal Care,East,111.24,0,0,19,6,24.21,5.21
2025-12-13,S04,SKU011,Personal Care,East,108.68,0,0,17,2,25.72,8.72
2025-12-14,S04,SKU011,Personal Care,East,109.94,0,0,35,8,26.05,8.95
2025-12-15,S04,SKU011,Personal Care,East,105.49,0,0,23,7,24.8,1.8
2025-12-16,S04,SKU011,Personal Care,East,106.83,0,0,32,9,25.96,6.04
2025-12-17,S04,SKU011,Personal Care,East,108.6,0,0,21,2,24.6,3.6
2025-12-18,S04,SKU011,Personal Care,East,106.25,0,0,30,8,24.9,5.1
2025-12-19,S04,SKU011,Personal Care,East,102.52,1,0,33,5,33.72,0.72
2025-12-20,S04,SKU011,Personal Care,East,110.58,0,0,32,7,27.38,4.62
2025-12-21,S04,SKU011,Personal Care,East,100.37,1,0,33,7,35.12,2.12
2025-12-22,S04,SKU011,Personal Care,East,108.34,0,0,24,2,25.58,1.58
2025-12-23,S04,SKU011,Personal Care,East,110.4,0,0,21,3,25.84,4.84
2025-12-24,S04,SKU011,Personal Care,East,107.44,0,0,24,3,25.48,1.48
2025-12-25,S04,SKU011,Personal Care,East,99.79,1,1,39,7,38.55,0.45
2025-12-26,S04,SKU011,Personal Care,East,108.79,0,0,28,5,26.52,1.48
2025-12-27,S04,SKU011,Personal Care,East,106.76,0,0,38,5,28.72,9.28
2025-12-28,S04,SKU011,Personal Care,East,108.6,0,0,31,8,29.36,1.64
2025-12-29,S04,SKU011,Personal Care,East,108.62,0,0,29,4,26.67,2.33
2025-12-30,S04,SKU011,Personal Care,East,108.56,0,0,17,5,27.64,10.64
2025-12-31,S04,SKU011,Personal Care,East,109.08,0,0,26,8,26.1,0.1
2025-08-13,S04,SKU012,Household,East,361.74,0,0,58,4,57.91,0.09
2025-08-14,S04,SKU012,Household,East,354.87,0,0,55,6,58.0,3.0
2025-08-15,S04,SKU012,Household,East,361.83,0,1,63,9,64.62,1.62
2025-08-16,S04,SKU012,Household,East,355.27,0,0,63,2,62.15,0.85
2025-08-17,S04,SKU012,Household,East,361.75,0,0,56,5,61.95,5.95
2025-08-18,S04,SKU012,Household,East,364.96,0,0,50,5,56.11,6.11
2025-08-19,S04,SKU012,Household,East,328.6,1,0,71,2,72.81,1.81
2025-08-20,S04,SKU012,Household,East,363.97,0,0,68,9,56.68,11.32
2025-08-21,S04,SKU012,Household,East,350.68,0,0,53,4,57.43,4.43
2025-08-22,S04,SKU012,Household,East,358.82,0,0,61,4,56.6,4.4
2025-08-23,S04,SKU012,Household,East,327.59,1,0,80,8,81.86,1.86
2025-08-24,S04,SKU012,Household,East,339.25,1,0,71,9,81.62,10.62
2025-08-25,S04,SKU012,Household,East,357.87,0,0,54,3,56.95,2.95
2025-08-26,S04,SKU012,Household,East,349.13,0,0,58,6,57.32,0.68
2025-08-27,S04,SKU012,Household,East,363.19,0,0,48,2,57.88,9.88
2025-08-28,S04,SKU012,Household,East,361.74,0,0,61,3,56.5,4.5
2025-08-29,S04,SKU012,Household,East,355.24,0,0,55,6,56.7,1.7
2025-08-30,S04,SKU012,Household,East,369.48,0,0,55,4,60.37,5.37
2025-08-31,S04,SKU012,Household,East,361.16,0,0,58,6,60.38,2.38
2025-09-01,S04,SKU012,Household,East,360.83,0,0,61,9,54.71,6.29
2025-09-02,S04,SKU012,Household,East,360.74,0,0,58,8,55.46,2.54
2025-09-03,S04,SKU012,Household,East,341.42,1,0,69,4,72.58,3.58
2025-09-04,S04,SKU012,Household,East,361.34,0,0,53,2,56.06,3.06
2025-09-05,S04,SKU012,Household,East,355.72,0,0,52,4,56.36,4.36
2025-09-06,S04,SKU012,Household,East,334.06,1,0,86,7,79.33,6.67
2025-09-07,S04,SKU012,Household,East,367.07,0,0,54,4,59.56,5.56
2025-09-08,S04,SKU012,Household,East,367.15,0,0,55,7,55.62,0.62
2025-09-09,S04,SKU012,Household,East,354.28,0,0,51,7,56.86,5.86
2025-09-10,S04,SKU012,Household,East,360.8,0,0,44,3,54.79,10.79
2025-09-11,S04,SKU012,Household,East,365.52,0,0,52,2,55.34,3.34
2025-09-12,S04,SKU012,Household,East,357.2,0,0,59,6,55.27,3.73
2025-09-13,S04,SKU012,Household,East,354.76,0,0,60,4,58.66,1.34
2025-09-14,S04,SKU012,Household,East,356.0,0,0,54,5,58.01,4.01
2025-09-15,S04,SKU012,Household,East,367.82,0,0,49,2,54.67,5.67
2025-09-16,S04,SKU012,Household,East,363.82,0,0,51,5,55.24,4.24
2025-09-17,S04,SKU012,Household,East,332.45,1,0,71,5,68.43,2.57
2025-09-18,S04,SKU012,Household,East,334.92,1,0,61,9,70.57,9.57
2025-09-19,S04,SKU012,Household,East,367.91,0,0,59,3,54.74,4.26
2025-09-20,S04,SKU012,Household,East,372.72,0,0,52,5,59.11,7.11
2025-09-21,S04,SKU012,Household,East,363.57,0,0,48,8,57.91,9.91
2025-09-22,S04,SKU012,Household,East,367.57,0,0,57,6,52.75,4.25
2025-09-23,S04,SKU012,Household,East,335.38,1,0,65,9,69.39,4.39
2025-09-24,S04,SKU012,Household,East,332.83,1,0,69,7,67.83,1.17
2025-09-25,S04,SKU012,Household,East,364.8,0,0,58,2,53.78,4.22
2025-09-26,S04,SKU012,Household,East,361.75,0,0,59,2,53.8,5.2
2025-09-27,S04,SKU012,Household,East,360.81,0,0,64,3,58.01,5.99
2025-09-28,S04,SKU012,Household,East,355.84,0,0,63,7,58.58,4.42
2025-09-29,S04,SKU012,Household,East,355.12,0,0,60,4,54.16,5.84
2025-09-30,S04,SKU012,Household,East,364.1,0,0,42,3,54.05,12.05
2025-10-01,S04,SKU012,Household,East,360.38,0,0,46,5,53.95,7.95
2025-10-02,S04,SKU012,Household,East,364.3,0,1,58,2,59.83,1.83
2025-10-03,S04,SKU012,Household,East,358.84,0,0,61,8,53.77,7.23
2025-10-04,S04,SKU012,Household,East,366.92,0,0,59,9,57.52,1.48
2025-10-05,S04,SKU012,Household,East,355.98,0,0,48,9,56.78,8.78
2025-10-06,S04,SKU012,Household,East,366.19,0,0,58,2,52.64,5.36
2025-10-07,S04,SKU012,Household,East,371.55,0,0,55,3,51.67,3.33
2025-10-08,S04,SKU012,Household,East,368.2,0,0,58,9,52.99,5.01
2025-10-09,S04,SKU012,Household,East,355.3,0,0,48,5,53.87,5.87
2025-10-10,S04,SKU012,Household,East,351.1,0,0,55,3,53.21,1.79
2025-10-11,S04,SKU012,Household,East,368.03,0,0,46,9,56.86,10.86
2025-10-12,S04,SKU012,Household,East,363.84,0,0,72,3,56.18,15.82
2025-10-13,S04,SKU012,Household,East,363.73,0,0,46,5,53.47,7.47
2025-10-14,S04,SKU012,Household,East,360.44,0,0,48,2,54.38,6.38
2025-10-15,S04,SKU012,Household,East,361.19,0,0,61,9,53.52,7.48
2025-10-16,S04,SKU012,Household,East,365.49,0,0,56,5,52.69,3.31
2025-10-17,S04,SKU012,Household,East,363.59,0,0,66,7,53.08,12.92
2025-10-18,S04,SKU012,Household,East,370.63,0,0,56,3,56.94,0.94
2025-10-19,S04,SKU012,Household,East,335.48,1,0,69,8,74.56,5.56
2025-10-20,S04,SKU012,Household,East,353.24,0,0,55,3,54.8,0.2
2025-10-21,S04,SKU012,Household,East,357.33,0,0,80,9,54.87,25.13
2025-10-22,S04,SKU012,Household,East,354.04,0,0,48,4,54.79,6.79
2025-10-23,S04,SKU012,Household,East,348.72,0,0,51,4,54.44,3.44
2025-10-24,S04,SKU012,Household,East,368.71,0,0,62,6,54.02,7.98
2025-10-25,S04,SKU012,Household,East,355.67,0,0,54,3,57.97,3.97
2025-10-26,S04,SKU012,Household,East,368.73,0,0,54,2,58.06,4.06
2025-10-27,S04,SKU012,Household,East,369.38,0,0,59,4,54.19,4.81
2025-10-28,S04,SKU012,Household,East,358.51,0,0,59,9,53.13,5.87
2025-10-29,S04,SKU012,Household,East,359.34,0,0,52,7,54.07,2.07
2025-10-30,S04,SKU012,Household,East,360.52,0,0,56,6,54.64,1.36
2025-10-31,S04,SKU012,Household,East,364.83,0,0,57,8,55.04,1.96
2025-11-01,S04,SKU012,Household,East,357.31,0,0,56,4,59.96,3.96
2025-11-02,S04,SKU012,Household,East,370.5,0,0,61,8,59.58,1.42
2025-11-03,S04,SKU012,Household,East,353.9,0,0,47,6,56.21,9.21
2025-11-04,S04,SKU012,Household,East,345.98,1,0,77,6,70.89,6.11
2025-11-05,S04,SKU012,Household,East,361.39,0,0,46,3,56.33,10.33
2025-11-06,S04,SKU012,Household,East,360.82,0,0,49,3,55.66,6.66
2025-11-07,S04,SKU012,Household,East,354.32,0,0,67,4,55.7,11.3
2025-11-08,S04,SKU012,Household,East,366.99,0,0,52,6,60.64,8.64
2025-11-09,S04,SKU012,Household,East,360.8,0,0,63,7,60.82,2.18
2025-11-10,S04,SKU012,Household,East,367.1,0,0,59,7,57.45,1.55
2025-11-11,S04,SKU012,Household,East,361.9,0,0,59,6,56.73,2.27
2025-11-12,S04,SKU012,Household,East,362.68,0,0,61,5,58.48,2.52
2025-11-13,S04,SKU012,Household,East,369.58,0,0,54,7,58.18,4.18
2025-11-14,S04,SKU012,Household,East,351.77,0,0,56,7,57.46,1.46
2025-11-15,S04,SKU012,Household,East,359.1,0,0,60,3,61.86,1.86
2025-11-16,S04,SKU012,Household,East,365.63,0,0,61,2,62.43,1.43
2025-11-17,S04,SKU012,Household,East,359.09,0,0,56,5,57.29,1.29
2025-11-18,S04,SKU012,Household,East,355.98,0,0,59,3,57.06,1.94
2025-11-19,S04,SKU012,Household,East,356.8,0,0,62,2,56.21,5.79
2025-11-20,S04,SKU012,Household,East,360.96,0,0,59,4,57.63,1.37
2025-11-21,S04,SKU012,Household,East,355.08,0,0,64,8,57.37,6.63
2025-11-22,S04,SKU012,Household,East,369.4,0,0,66,9,61.3,4.7
2025-11-23,S04,SKU012,Household,East,361.82,0,0,72,5,63.55,8.45
2025-11-24,S04,SKU012,Household,East,357.9,0,0,64,6,58.84,5.16
2025-11-25,S04,SKU012,Household,East,359.23,0,0,60,5,59.34,0.66
2025-11-26,S04,SKU012,Household,East,364.99,0,0,66,8,59.11,6.89
2025-11-27,S04,SKU012,Household,East,325.79,1,0,85,2,75.23,9.77
2025-11-28,S04,SKU012,Household,East,365.75,0,0,57,5,59.59,2.59
2025-11-29,S04,SKU012,Household,East,356.83,0,0,74,5,65.29,8.71
2025-11-30,S04,SKU012,Household,East,358.72,0,0,62,5,66.72,4.72
2025-12-01,S04,SKU012,Household,East,367.6,0,0,62,2,59.98,2.02
2025-12-02,S04,SKU012,Household,East,365.38,0,0,66,4,61.35,4.65
2025-12-03,S04,SKU012,Household,East,362.11,0,0,53,7,61.27,8.27
2025-12-04,S04,SKU012,Household,East,364.96,0,0,58,5,59.29,1.29
2025-12-05,S04,SKU012,Household,East,353.31,0,0,69,6,61.78,7.22
2025-12-06,S04,SKU012,Household,East,353.6,0,0,54,7,66.42,12.42
2025-12-07,S04,SKU012,Household,East,361.98,0,0,65,6,67.02,2.02
2025-12-08,S04,SKU012,Household,East,357.83,0,0,62,6,61.94,0.06
2025-12-09,S04,SKU012,Household,East,365.18,0,0,62,9,61.64,0.36
2025-12-10,S04,SKU012,Household,East,366.33,0,0,55,3,62.92,7.92
2025-12-11,S04,SKU012,Household,East,365.19,0,0,65,7,61.63,3.37
2025-12-12,S04,SKU012,Household,East,363.53,0,0,63,6,61.91,1.09
2025-12-13,S04,SKU012,Household,East,337.18,1,0,91,6,87.95,3.05
2025-12-14,S04,SKU012,Household,East,366.69,0,0,70,9,68.97,1.03
2025-12-15,S04,SKU012,Household,East,338.41,1,0,87,3,85.18,1.82
2025-12-16,S04,SKU012,Household,East,358.71,0,0,65,6,65.37,0.37
2025-12-17,S04,SKU012,Household,East,350.76,0,0,60,5,66.29,6.29
2025-12-18,S04,SKU012,Household,East,374.9,0,0,61,7,64.76,3.76
2025-12-19,S04,SKU012,Household,East,361.41,0,0,63,4,65.45,2.45
2025-12-20,S04,SKU012,Household,East,359.33,0,0,70,6,70.12,0.12
2025-12-21,S04,SKU012,Household,East,366.45,0,0,61,6,70.36,9.36
2025-12-22,S04,SKU012,Household,East,365.17,0,0,62,4,64.34,2.34
2025-12-23,S04,SKU012,Household,East,367.65,0,0,71,8,64.61,6.39
2025-12-24,S04,SKU012,Household,East,366.63,0,0,65,6,64.58,0.42
2025-12-25,S04,SKU012,Household,East,345.08,1,1,92,6,92.28,0.28
2025-12-26,S04,SKU012,Household,East,364.91,0,0,60,5,66.26,6.26
2025-12-27,S04,SKU012,Household,East,361.33,0,0,79,6,71.45,7.55
2025-12-28,S04,SKU012,Household,East,360.78,0,0,77,6,71.83,5.17
2025-12-29,S04,SKU012,Household,East,366.23,0,0,67,3,64.09,2.91
2025-12-30,S04,SKU012,Household,East,358.66,0,0,70,7,65.85,4.15
2025-12-31,S04,SKU012,Household,East,369.2,0,0,84,6,65.22,18.78
2025-08-13,S04,SKU013,Beverages,East,390.65,0,0,54,7,50.59,3.41
2025-08-14,S04,SKU013,Beverages,East,390.15,0,0,55,9,50.55,4.45
2025-08-15,S04,SKU013,Beverages,East,398.33,0,1,60,5,56.64,3.36
2025-08-16,S04,SKU013,Beverages,East,383.59,0,0,57,2,53.77,3.23
2025-08-17,S04,SKU013,Beverages,East,400.19,0,0,51,6,54.91,3.91
2025-08-18,S04,SKU013,Beverages,East,397.26,0,0,45,5,50.2,5.2
2025-08-19,S04,SKU013,Beverages,East,391.33,0,0,54,4,49.54,4.46
2025-08-20,S04,SKU013,Beverages,East,400.91,0,0,49,2,49.72,0.72
2025-08-21,S04,SKU013,Beverages,East,397.9,0,0,45,7,48.85,3.85
2025-08-22,S04,SKU013,Beverages,East,381.8,0,0,45,9,48.17,3.17
2025-08-23,S04,SKU013,Beverages,East,378.2,0,0,44,5,52.69,8.69
2025-08-24,S04,SKU013,Beverages,East,397.05,0,0,58,2,51.15,6.85
2025-08-25,S04,SKU013,Beverages,East,394.84,0,0,51,5,48.14,2.86
2025-08-26,S04,SKU013,Beverages,East,399.62,0,0,52,4,48.85,3.15
2025-08-27,S04,SKU013,Beverages,East,394.66,0,0,49,3,47.84,1.16
2025-08-28,S04,SKU013,Beverages,East,406.3,0,0,44,2,48.19,4.19
2025-08-29,S04,SKU013,Beverages,East,394.61,0,0,56,9,47.9,8.1
2025-08-30,S04,SKU013,Beverages,East,398.69,0,0,56,2,50.96,5.04
2025-08-31,S04,SKU013,Beverages,East,392.84,0,0,45,4,51.3,6.3
2025-09-01,S04,SKU013,Beverages,East,386.99,0,0,42,5,46.81,4.81
2025-09-02,S04,SKU013,Beverages,East,365.36,1,0,58,9,61.82,3.82
2025-09-03,S04,SKU013,Beverages,East,389.51,0,0,52,4,46.63,5.37
2025-09-04,S04,SKU013,Beverages,East,390.55,0,0,48,3,46.78,1.22
2025-09-05,S04,SKU013,Beverages,East,393.26,0,0,45,4,46.58,1.58
2025-09-06,S04,SKU013,Beverages,East,398.89,0,0,49,7,49.7,0.7
2025-09-07,S04,SKU013,Beverages,East,366.61,1,0,69,9,65.2,3.8
2025-09-08,S04,SKU013,Beverages,East,394.51,0,0,52,5,47.46,4.54
2025-09-09,S04,SKU013,Beverages,East,402.13,0,0,44,8,47.78,3.78
2025-09-10,S04,SKU013,Beverages,East,395.88,0,0,44,2,46.53,2.53
2025-09-11,S04,SKU013,Beverages,East,400.58,0,0,43,3,46.11,3.11
2025-09-12,S04,SKU013,Beverages,East,391.34,0,0,45,2,46.49,1.49
2025-09-13,S04,SKU013,Beverages,East,352.6,1,0,69,2,64.11,4.89
2025-09-14,S04,SKU013,Beverages,East,396.37,0,0,50,7,48.79,1.21
2025-09-15,S04,SKU013,Beverages,East,388.76,0,0,48,9,46.82,1.18
2025-09-16,S04,SKU013,Beverages,East,360.18,1,0,53,2,61.54,8.54
2025-09-17,S04,SKU013,Beverages,East,361.44,1,0,65,2,61.84,3.16
2025-09-18,S04,SKU013,Beverages,East,391.7,0,0,54,5,46.95,7.05
2025-09-19,S04,SKU013,Beverages,East,392.67,0,0,52,5,47.26,4.74
2025-09-20,S04,SKU013,Beverages,East,389.25,0,0,52,9,50.89,1.11
2025-09-21,S04,SKU013,Beverages,East,389.8,0,0,51,5,52.6,1.6
2025-09-22,S04,SKU013,Beverages,East,387.77,0,0,47,5,47.96,0.96
2025-09-23,S04,SKU013,Beverages,East,388.08,0,0,43,7,47.63,4.63
2025-09-24,S04,SKU013,Beverages,East,380.0,0,0,52,2,46.89,5.11
2025-09-25,S04,SKU013,Beverages,East,396.46,0,0,53,9,47.0,6.0
2025-09-26,S04,SKU013,Beverages,East,385.32,0,0,38,2,48.27,10.27
2025-09-27,S04,SKU013,Beverages,East,391.08,0,0,52,8,50.16,1.84
2025-09-28,S04,SKU013,Beverages,East,386.3,0,0,47,7,50.76,3.76
2025-09-29,S04,SKU013,Beverages,East,386.71,0,0,48,5,46.97,1.03
2025-09-30,S04,SKU013,Beverages,East,390.19,0,0,49,3,47.29,1.71
2025-10-01,S04,SKU013,Beverages,East,391.98,0,0,56,5,47.22,8.78
2025-10-02,S04,SKU013,Beverages,East,391.03,0,1,54,6,54.85,0.85
2025-10-03,S04,SKU013,Beverages,East,380.8,0,0,42,5,47.79,5.79
2025-10-04,S04,SKU013,Beverages,East,401.96,0,0,55,2,51.41,3.59
2025-10-05,S04,SKU013,Beverages,East,390.75,0,0,58,6,51.79,6.21
2025-10-06,S04,SKU013,Beverages,East,388.81,0,0,56,5,47.61,8.39
2025-10-07,S04,SKU013,Beverages,East,402.23,0,0,42,6,47.49,5.49
2025-10-08,S04,SKU013,Beverages,East,392.12,0,0,50,6,47.46,2.54
2025-10-09,S04,SKU013,Beverages,East,391.23,0,0,52,7,47.65,4.35
2025-10-10,S04,SKU013,Beverages,East,397.5,0,0,42,7,47.87,5.87
2025-10-11,S04,SKU013,Beverages,East,387.9,0,0,52,8,51.97,0.03
2025-10-12,S04,SKU013,Beverages,East,392.86,0,0,52,2,51.41,0.59
2025-10-13,S04,SKU013,Beverages,East,391.74,0,0,51,5,48.17,2.83
2025-10-14,S04,SKU013,Beverages,East,393.22,0,0,54,5,47.65,6.35
2025-10-15,S04,SKU013,Beverages,East,391.98,0,0,51,9,48.42,2.58
2025-10-16,S04,SKU013,Beverages,East,359.1,1,0,64,9,63.75,0.25
2025-10-17,S04,SKU013,Beverages,East,392.0,0,0,58,2,47.71,10.29
2025-10-18,S04,SKU013,Beverages,East,385.77,0,0,52,6,52.41,0.41
2025-10-19,S04,SKU013,Beverages,East,367.74,1,0,61,6,68.9,7.9
2025-10-20,S04,SKU013,Beverages,East,391.65,0,0,49,8,48.25,0.75
2025-10-21,S04,SKU013,Beverages,East,397.07,0,0,50,8,48.52,1.48
2025-10-22,S04,SKU013,Beverages,East,384.73,0,0,49,2,48.74,0.26
2025-10-23,S04,SKU013,Beverages,East,392.23,0,0,50,5,48.34,1.66
2025-10-24,S04,SKU013,Beverages,East,390.66,0,0,48,6,48.63,0.63
2025-10-25,S04,SKU013,Beverages,East,400.01,0,0,52,4,52.86,0.86
2025-10-26,S04,SKU013,Beverages,East,393.44,0,0,56,8,52.37,3.63
2025-10-27,S04,SKU013,Beverages,East,389.11,0,0,56,7,49.78,6.22
2025-10-28,S04,SKU013,Beverages,East,392.11,0,0,46,5,49.47,3.47
2025-10-29,S04,SKU013,Beverages,East,386.27,0,0,48,7,49.55,1.55
2025-10-30,S04,SKU013,Beverages,East,360.3,1,0,70,5,65.63,4.37
2025-10-31,S04,SKU013,Beverages,East,389.77,0,0,59,3,49.4,9.6
2025-11-01,S04,SKU013,Beverages,East,388.25,0,0,58,4,55.57,2.43
2025-11-02,S04,SKU013,Beverages,East,399.72,0,0,50,5,56.62,6.62
2025-11-03,S04,SKU013,Beverages,East,379.1,0,0,49,8,51.36,2.36
2025-11-04,S04,SKU013,Beverages,East,397.91,0,0,60,6,50.77,9.23
2025-11-05,S04,SKU013,Beverages,East,383.74,0,0,54,3,51.86,2.14
2025-11-06,S04,SKU013,Beverages,East,400.68,0,0,47,4,51.4,4.4
2025-11-07,S04,SKU013,Beverages,East,398.27,0,0,53,7,51.26,1.74
2025-11-08,S04,SKU013,Beverages,East,387.73,0,0,59,7,55.92,3.08
2025-11-09,S04,SKU013,Beverages,East,401.56,0,0,59,7,55.52,3.48
2025-11-10,S04,SKU013,Beverages,East,392.55,0,0,44,8,52.86,8.86
2025-11-11,S04,SKU013,Beverages,East,396.55,0,0,42,9,51.87,9.87
2025-11-12,S04,SKU013,Beverages,East,393.37,0,0,57,7,51.22,5.78
2025-11-13,S04,SKU013,Beverages,East,364.2,1,0,66,3,66.29,0.29
2025-11-14,S04,SKU013,Beverages,East,389.68,0,0,54,3,51.81,2.19
2025-11-15,S04,SKU013,Beverages,East,389.54,0,0,69,7,56.6,12.4
2025-11-16,S04,SKU013,Beverages,East,362.84,1,0,64,6,73.34,9.34
2025-11-17,S04,SKU013,Beverages,East,399.13,0,0,48,5,53.35,5.35
2025-11-18,S04,SKU013,Beverages,East,391.31,0,0,47,9,53.36,6.36
2025-11-19,S04,SKU013,Beverages,East,399.53,0,0,54,7,54.05,0.05
2025-11-20,S04,SKU013,Beverages,East,399.76,0,0,54,5,53.61,0.39
2025-11-21,S04,SKU013,Beverages,East,366.54,1,0,64,4,68.35,4.35
2025-11-22,S04,SKU013,Beverages,East,387.7,0,0,58,9,58.44,0.44
2025-11-23,S04,SKU013,Beverages,East,385.96,0,0,58,5,58.46,0.46
2025-11-24,S04,SKU013,Beverages,East,390.94,0,0,53,5,53.84,0.84
2025-11-25,S04,SKU013,Beverages,East,393.55,0,0,62,3,54.02,7.98
2025-11-26,S04,SKU013,Beverages,East,383.41,0,0,52,5,56.05,4.05
2025-11-27,S04,SKU013,Beverages,East,397.12,0,0,44,5,55.72,11.72
2025-11-28,S04,SKU013,Beverages,East,387.4,0,0,57,8,53.87,3.13
2025-11-29,S04,SKU013,Beverages,East,401.79,0,0,60,3,59.03,0.97
2025-11-30,S04,SKU013,Beverages,East,394.27,0,0,55,8,58.65,3.65
2025-12-01,S04,SKU013,Beverages,East,392.41,0,0,63,3,53.83,9.17
2025-12-02,S04,SKU013,Beverages,East,384.0,0,0,51,6,55.41,4.41
2025-12-03,S04,SKU013,Beverages,East,381.46,0,0,58,5,54.18,3.82
2025-12-04,S04,SKU013,Beverages,East,401.04,0,0,47,5,54.9,7.9
2025-12-05,S04,SKU013,Beverages,East,368.32,1,0,70,2,71.95,1.95
2025-12-06,S04,SKU013,Beverages,East,388.37,0,0,61,2,61.07,0.07
2025-12-07,S04,SKU013,Beverages,East,406.2,0,0,57,2,60.86,3.86
2025-12-08,S04,SKU013,Beverages,East,396.97,0,0,53,8,55.02,2.02
2025-12-09,S04,SKU013,Beverages,East,390.83,0,0,53,4,56.13,3.13
2025-12-10,S04,SKU013,Beverages,East,390.48,0,0,53,8,56.59,3.59
2025-12-11,S04,SKU013,Beverages,East,399.91,0,0,53,2,56.78,3.78
2025-12-12,S04,SKU013,Beverages,East,360.83,1,0,72,5,71.33,0.67
2025-12-13,S04,SKU013,Beverages,East,402.09,0,0,61,8,60.67,0.33
2025-12-14,S04,SKU013,Beverages,East,400.6,0,0,54,7,60.92,6.92
2025-12-15,S04,SKU013,Beverages,East,395.12,0,0,59,3,55.82,3.18
2025-12-16,S04,SKU013,Beverages,East,394.56,0,0,67,9,56.12,10.88
2025-12-17,S04,SKU013,Beverages,East,395.05,0,0,50,6,56.27,6.27
2025-12-18,S04,SKU013,Beverages,East,397.05,0,0,47,8,55.6,8.6
2025-12-19,S04,SKU013,Beverages,East,392.09,0,0,58,7,55.48,2.52
2025-12-20,S04,SKU013,Beverages,East,393.14,0,0,68,5,61.42,6.58
2025-12-21,S04,SKU013,Beverages,East,382.5,0,0,58,2,62.09,4.09
2025-12-22,S04,SKU013,Beverages,East,384.36,0,0,53,9,56.69,3.69
2025-12-23,S04,SKU013,Beverages,East,386.62,0,0,63,6,56.47,6.53
2025-12-24,S04,SKU013,Beverages,East,389.85,0,0,54,3,57.2,3.2
2025-12-25,S04,SKU013,Beverages,East,393.84,0,1,69,8,63.71,5.29
2025-12-26,S04,SKU013,Beverages,East,396.26,0,0,57,5,57.45,0.45
2025-12-27,S04,SKU013,Beverages,East,396.88,0,0,66,6,61.92,4.08
2025-12-28,S04,SKU013,Beverages,East,387.83,0,0,63,9,62.87,0.13
2025-12-29,S04,SKU013,Beverages,East,386.57,0,0,64,3,58.87,5.13
2025-12-30,S04,SKU013,Beverages,East,392.85,0,0,51,4,57.76,6.76
2025-12-31,S04,SKU013,Beverages,East,397.22,0,0,61,5,57.86,3.14
2025-08-13,S04,SKU014,Snacks,East,159.53,0,0,51,6,43.84,7.16
2025-08-14,S04,SKU014,Snacks,East,158.92,0,0,35,6,43.59,8.59
2025-08-15,S04,SKU014,Snacks,East,161.61,0,1,52,5,53.24,1.24
2025-08-16,S04,SKU014,Snacks,East,156.83,0,0,51,5,46.58,4.42
2025-08-17,S04,SKU014,Snacks,East,164.91,0,0,56,5,47.03,8.97
2025-08-18,S04,SKU014,Snacks,East,154.99,0,0,42,8,43.21,1.21
2025-08-19,S04,SKU014,Snacks,East,163.52,0,0,43,3,43.37,0.37
2025-08-20,S04,SKU014,Snacks,East,162.33,0,0,45,4,42.32,2.68
2025-08-21,S04,SKU014,Snacks,East,159.91,0,0,38,7,42.48,4.48
2025-08-22,S04,SKU014,Snacks,East,159.54,0,0,46,7,41.97,4.03
2025-08-23,S04,SKU014,Snacks,East,163.76,0,0,37,2,45.33,8.33
2025-08-24,S04,SKU014,Snacks,East,159.46,0,0,49,7,45.52,3.48
2025-08-25,S04,SKU014,Snacks,East,159.03,0,0,48,3,42.69,5.31
2025-08-26,S04,SKU014,Snacks,East,159.67,0,0,46,7,42.43,3.57
2025-08-27,S04,SKU014,Snacks,East,149.09,1,0,53,7,56.75,3.75
2025-08-28,S04,SKU014,Snacks,East,159.67,0,0,34,6,42.57,8.57
2025-08-29,S04,SKU014,Snacks,East,158.28,0,0,46,8,42.99,3.01
2025-08-30,S04,SKU014,Snacks,East,162.03,0,0,36,2,45.67,9.67
2025-08-31,S04,SKU014,Snacks,East,158.51,0,0,50,7,44.63,5.37
2025-09-01,S04,SKU014,Snacks,East,159.22,0,0,41,8,41.07,0.07
2025-09-02,S04,SKU014,Snacks,East,149.34,1,0,57,5,54.9,2.1
2025-09-03,S04,SKU014,Snacks,East,165.28,0,0,39,5,40.65,1.65
2025-09-04,S04,SKU014,Snacks,East,158.82,0,0,32,2,41.32,9.32
2025-09-05,S04,SKU014,Snacks,East,155.69,0,0,34,2,41.25,7.25
2025-09-06,S04,SKU014,Snacks,East,162.91,0,0,49,3,44.31,4.69
2025-09-07,S04,SKU014,Snacks,East,161.82,0,0,43,4,44.51,1.51
2025-09-08,S04,SKU014,Snacks,East,148.86,1,0,51,5,53.28,2.28
2025-09-09,S04,SKU014,Snacks,East,161.05,0,0,38,2,41.3,3.3
2025-09-10,S04,SKU014,Snacks,East,160.9,0,0,47,8,40.62,6.38
2025-09-11,S04,SKU014,Snacks,East,162.09,0,0,44,4,41.19,2.81
2025-09-12,S04,SKU014,Snacks,East,153.84,0,0,44,8,41.38,2.62
2025-09-13,S04,SKU014,Snacks,East,160.98,0,0,39,6,43.89,4.89
2025-09-14,S04,SKU014,Snacks,East,160.02,0,0,51,3,44.42,6.58
2025-09-15,S04,SKU014,Snacks,East,155.24,0,0,49,8,40.27,8.73
2025-09-16,S04,SKU014,Snacks,East,159.13,0,0,33,3,40.57,7.57
2025-09-17,S04,SKU014,Snacks,East,164.07,0,0,40,8,40.69,0.69
2025-09-18,S04,SKU014,Snacks,East,155.75,0,0,45,5,40.32,4.68
2025-09-19,S04,SKU014,Snacks,East,163.5,0,0,39,2,41.15,2.15
2025-09-20,S04,SKU014,Snacks,East,146.14,1,0,64,5,55.85,8.15
2025-09-21,S04,SKU014,Snacks,East,148.03,1,0,59,9,57.6,1.4
2025-09-22,S04,SKU014,Snacks,East,161.6,0,0,44,7,42.35,1.65
2025-09-23,S04,SKU014,Snacks,East,157.33,0,0,41,6,41.35,0.35
2025-09-24,S04,SKU014,Snacks,East,160.97,0,0,41,5,41.64,0.64
2025-09-25,S04,SKU014,Snacks,East,162.8,0,0,34,4,40.73,6.73
2025-09-26,S04,SKU014,Snacks,East,161.57,0,0,48,3,41.52,6.48
2025-09-27,S04,SKU014,Snacks,East,161.2,0,0,49,8,43.56,5.44
2025-09-28,S04,SKU014,Snacks,East,159.21,0,0,46,7,45.69,0.31
2025-09-29,S04,SKU014,Snacks,East,159.22,0,0,41,7,41.89,0.89
2025-09-30,S04,SKU014,Snacks,East,157.73,0,0,43,3,41.8,1.2
2025-10-01,S04,SKU014,Snacks,East,161.39,0,0,46,7,41.7,4.3
2025-10-02,S04,SKU014,Snacks,East,159.97,0,1,42,5,49.14,7.14
2025-10-03,S04,SKU014,Snacks,East,163.95,0,0,61,7,42.06,18.94
2025-10-04,S04,SKU014,Snacks,East,156.96,0,0,45,9,45.55,0.55
2025-10-05,S04,SKU014,Snacks,East,156.68,0,0,41,7,46.24,5.24
2025-10-06,S04,SKU014,Snacks,East,163.93,0,0,34,7,43.49,9.49
2025-10-07,S04,SKU014,Snacks,East,158.51,0,0,39,7,41.92,2.92
2025-10-08,S04,SKU014,Snacks,East,164.04,0,0,48,8,42.85,5.15
2025-10-09,S04,SKU014,Snacks,East,159.65,0,0,54,6,42.51,11.49
2025-10-10,S04,SKU014,Snacks,East,162.68,0,0,42,5,42.47,0.47
2025-10-11,S04,SKU014,Snacks,East,159.24,0,0,45,2,45.83,0.83
2025-10-12,S04,SKU014,Snacks,East,156.13,0,0,59,9,45.85,13.15
2025-10-13,S04,SKU014,Snacks,East,159.17,0,0,45,2,43.79,1.21
2025-10-14,S04,SKU014,Snacks,East,156.77,0,0,37,4,42.92,5.92
2025-10-15,S04,SKU014,Snacks,East,158.64,0,0,43,7,43.98,0.98
2025-10-16,S04,SKU014,Snacks,East,165.24,0,0,44,2,43.76,0.24
2025-10-17,S04,SKU014,Snacks,East,160.42,0,0,42,4,42.26,0.26
2025-10-18,S04,SKU014,Snacks,East,161.15,0,0,44,6,46.57,2.57
2025-10-19,S04,SKU014,Snacks,East,161.17,0,0,43,8,45.65,2.65
2025-10-20,S04,SKU014,Snacks,East,146.13,1,0,58,2,54.75,3.25
2025-10-21,S04,SKU014,Snacks,East,161.48,0,0,37,8,42.46,5.46
2025-10-22,S04,SKU014,Snacks,East,163.18,0,0,40,5,42.73,2.73
2025-10-23,S04,SKU014,Snacks,East,159.71,0,0,45,7,42.68,2.32
2025-10-24,S04,SKU014,Snacks,East,166.39,0,0,39,9,43.46,4.46
2025-10-25,S04,SKU014,Snacks,East,162.03,0,0,42,9,45.77,3.77
2025-10-26,S04,SKU014,Snacks,East,164.42,0,0,42,7,45.6,3.6
2025-10-27,S04,SKU014,Snacks,East,163.07,0,0,41,4,42.74,1.74
2025-10-28,S04,SKU014,Snacks,East,161.2,0,0,44,2,42.41,1.59
2025-10-29,S04,SKU014,Snacks,East,166.05,0,0,44,9,42.9,1.1
2025-10-30,S04,SKU014,Snacks,East,159.54,0,0,44,8,42.9,1.1
2025-10-31,S04,SKU014,Snacks,East,160.06,0,0,43,2,43.15,0.15
2025-11-01,S04,SKU014,Snacks,East,158.06,0,0,50,2,46.0,4.0
2025-11-02,S04,SKU014,Snacks,East,161.34,0,0,40,3,46.25,6.25
2025-11-03,S04,SKU014,Snacks,East,160.39,0,0,39,9,41.96,2.96
2025-11-04,S04,SKU014,Snacks,East,161.54,0,0,48,2,43.22,4.78
2025-11-05,S04,SKU014,Snacks,East,162.02,0,0,48,2,43.9,4.1
2025-11-06,S04,SKU014,Snacks,East,141.21,1,0,54,7,55.74,1.74
2025-11-07,S04,SKU014,Snacks,East,160.35,0,0,47,2,43.29,3.71
2025-11-08,S04,SKU014,Snacks,East,158.27,0,0,44,7,46.0,2.0
2025-11-09,S04,SKU014,Snacks,East,159.86,0,0,47,6,46.33,0.67
2025-11-10,S04,SKU014,Snacks,East,155.47,0,0,49,4,42.89,6.11
2025-11-11,S04,SKU014,Snacks,East,156.09,0,0,40,4,43.68,3.68
2025-11-12,S04,SKU014,Snacks,East,161.76,0,0,35,3,43.67,8.67
2025-11-13,S04,SKU014,Snacks,East,162.1,0,0,43,8,43.84,0.84
2025-11-14,S04,SKU014,Snacks,East,160.24,0,0,39,3,43.59,4.59
2025-11-15,S04,SKU014,Snacks,East,162.57,0,0,42,6,47.15,5.15
2025-11-16,S04,SKU014,Snacks,East,163.8,0,0,53,3,46.58,6.42
2025-11-17,S04,SKU014,Snacks,East,146.47,1,0,55,5,55.09,0.09
2025-11-18,S04,SKU014,Snacks,East,164.26,0,0,37,7,43.19,6.19
2025-11-19,S04,SKU014,Snacks,East,162.23,0,0,36,2,43.4,7.4
2025-11-20,S04,SKU014,Snacks,East,159.52,0,0,37,3,44.2,7.2
2025-11-21,S04,SKU014,Snacks,East,160.8,0,0,48,9,43.17,4.83
2025-11-22,S04,SKU014,Snacks,East,148.42,1,0,61,6,58.52,2.48
2025-11-23,S04,SKU014,Snacks,East,155.19,0,0,50,2,46.65,3.35
2025-11-24,S04,SKU014,Snacks,East,158.23,0,0,48,2,44.35,3.65
2025-11-25,S04,SKU014,Snacks,East,156.81,0,0,45,6,44.53,0.47
2025-11-26,S04,SKU014,Snacks,East,158.23,0,0,50,4,44.41,5.59
2025-11-27,S04,SKU014,Snacks,East,160.35,0,0,44,5,45.44,1.44
2025-11-28,S04,SKU014,Snacks,East,156.58,0,0,41,3,45.85,4.85
2025-11-29,S04,SKU014,Snacks,East,158.64,0,0,52,2,48.34,3.66
2025-11-30,S04,SKU014,Snacks,East,156.03,0,0,52,5,49.45,2.55
2025-12-01,S04,SKU014,Snacks,East,165.04,0,0,45,4,45.93,0.93
2025-12-02,S04,SKU014,Snacks,East,160.06,0,0,44,9,45.6,1.6
2025-12-03,S04,SKU014,Snacks,East,159.59,0,0,56,2,45.35,10.65
2025-12-04,S04,SKU014,Snacks,East,157.85,0,0,51,7,45.7,5.3
2025-12-05,S04,SKU014,Snacks,East,160.77,0,0,38,8,46.06,8.06
2025-12-06,S04,SKU014,Snacks,East,162.34,0,0,51,6,48.95,2.05
2025-12-07,S04,SKU014,Snacks,East,162.0,0,0,52,2,50.06,1.94
2025-12-08,S04,SKU014,Snacks,East,158.69,0,0,46,8,45.8,0.2
2025-12-09,S04,SKU014,Snacks,East,150.11,1,0,57,4,61.13,4.13
2025-12-10,S04,SKU014,Snacks,East,158.78,0,0,47,8,45.1,1.9
2025-12-11,S04,SKU014,Snacks,East,163.25,0,0,49,8,46.14,2.86
2025-12-12,S04,SKU014,Snacks,East,156.38,0,0,58,7,45.93,12.07
2025-12-13,S04,SKU014,Snacks,East,164.28,0,0,53,2,52.05,0.95
2025-12-14,S04,SKU014,Snacks,East,163.92,0,0,54,6,52.98,1.02
2025-12-15,S04,SKU014,Snacks,East,159.51,0,0,47,5,47.51,0.51
2025-12-16,S04,SKU014,Snacks,East,159.48,0,0,48,2,46.96,1.04
2025-12-17,S04,SKU014,Snacks,East,163.04,0,0,40,5,46.99,6.99
2025-12-18,S04,SKU014,Snacks,East,156.78,0,0,47,4,48.14,1.14
2025-12-19,S04,SKU014,Snacks,East,159.72,0,0,46,8,48.51,2.51
2025-12-20,S04,SKU014,Snacks,East,155.66,0,0,54,4,52.38,1.62
2025-12-21,S04,SKU014,Snacks,East,147.82,1,0,71,4,68.0,3.0
2025-12-22,S04,SKU014,Snacks,East,162.22,0,0,52,7,48.67,3.33
2025-12-23,S04,SKU014,Snacks,East,160.05,0,0,47,2,48.71,1.71
2025-12-24,S04,SKU014,Snacks,East,159.66,0,0,48,2,48.52,0.52
2025-12-25,S04,SKU014,Snacks,East,160.79,0,1,60,2,58.34,1.66
2025-12-26,S04,SKU014,Snacks,East,159.45,0,0,39,4,48.89,9.89
2025-12-27,S04,SKU014,Snacks,East,156.61,0,0,54,9,54.4,0.4
2025-12-28,S04,SKU014,Snacks,East,159.69,0,0,58,2,53.01,4.99
2025-12-29,S04,SKU014,Snacks,East,161.9,0,0,51,2,49.01,1.99
2025-12-30,S04,SKU014,Snacks,East,161.28,0,0,55,8,49.08,5.92
2025-12-31,S04,SKU014,Snacks,East,161.32,0,0,45,2,49.6,4.6
2025-08-13,S04,SKU015,Personal Care,East,363.3,0,0,21,3,25.08,4.08
2025-08-14,S04,SKU015,Personal Care,East,370.04,0,0,30,4,24.91,5.09
2025-08-15,S04,SKU015,Personal Care,East,367.36,0,1,19,5,31.51,12.51
2025-08-16,S04,SKU015,Personal Care,East,352.74,0,0,23,9,27.02,4.02
2025-08-17,S04,SKU015,Personal Care,East,364.99,0,0,30,8,27.19,2.81
2025-08-18,S04,SKU015,Personal Care,East,358.29,0,0,17,4,25.1,8.1
2025-08-19,S04,SKU015,Personal Care,East,363.77,0,0,31,9,24.58,6.42
2025-08-20,S04,SKU015,Personal Care,East,366.79,0,0,21,8,25.2,4.2
2025-08-21,S04,SKU015,Personal Care,East,351.43,1,0,29,6,33.05,4.05
2025-08-22,S04,SKU015,Personal Care,East,332.98,1,0,35,7,32.95,2.05
2025-08-23,S04,SKU015,Personal Care,East,363.41,0,0,20,5,27.04,7.04
2025-08-24,S04,SKU015,Personal Care,East,372.39,0,0,24,5,25.87,1.87
2025-08-25,S04,SKU015,Personal Care,East,373.88,0,0,28,6,24.18,3.82
2025-08-26,S04,SKU015,Personal Care,East,364.18,0,0,26,4,24.15,1.85
2025-08-27,S04,SKU015,Personal Care,East,364.73,0,0,25,4,23.69,1.31
2025-08-28,S04,SKU015,Personal Care,East,367.23,0,0,23,9,24.4,1.4
2025-08-29,S04,SKU015,Personal Care,East,369.02,0,0,25,8,23.94,1.06
2025-08-30,S04,SKU015,Personal Care,East,364.58,0,0,25,9,26.26,1.26
2025-08-31,S04,SKU015,Personal Care,East,344.0,1,0,35,2,33.34,1.66
2025-09-01,S04,SKU015,Personal Care,East,376.45,0,0,22,3,23.65,1.65
2025-09-02,S04,SKU015,Personal Care,East,365.36,0,0,21,8,23.76,2.76
2025-09-03,S04,SKU015,Personal Care,East,375.75,0,0,25,2,23.54,1.46
2025-09-04,S04,SKU015,Personal Care,East,332.25,1,0,41,4,30.29,10.71
2025-09-05,S04,SKU015,Personal Care,East,368.37,0,0,17,9,23.3,6.3
2025-09-06,S04,SKU015,Personal Care,East,361.47,0,0,23,5,25.19,2.19
2025-09-07,S04,SKU015,Personal Care,East,374.2,0,0,21,4,25.31,4.31
2025-09-08,S04,SKU015,Personal Care,East,380.81,0,0,26,2,23.8,2.2
2025-09-09,S04,SKU015,Personal Care,East,363.63,0,0,24,5,24.1,0.1
2025-09-10,S04,SKU015,Personal Care,East,373.21,0,0,24,3,23.7,0.3
2025-09-11,S04,SKU015,Personal Care,East,343.53,1,0,36,4,31.51,4.49
2025-09-12,S04,SKU015,Personal Care,East,369.35,0,0,31,9,23.85,7.15
2025-09-13,S04,SKU015,Personal Care,East,371.85,0,0,22,2,25.72,3.72
2025-09-14,S04,SKU015,Personal Care,East,364.59,0,0,25,5,25.69,0.69
2025-09-15,S04,SKU015,Personal Care,East,368.38,0,0,26,2,23.53,2.47
2025-09-16,S04,SKU015,Personal Care,East,357.22,0,0,24,4,24.41,0.41
2025-09-17,S04,SKU015,Personal Care,East,366.28,0,0,19,9,24.04,5.04
2025-09-18,S04,SKU015,Personal Care,East,370.32,0,0,24,2,23.49,0.51
2025-09-19,S04,SKU015,Personal Care,East,373.94,0,0,23,9,24.36,1.36
2025-09-20,S04,SKU015,Personal Care,East,386.81,0,0,28,4,24.2,3.8
2025-09-21,S04,SKU015,Personal Care,East,365.0,0,0,28,6,25.38,2.62
2025-09-22,S04,SKU015,Personal Care,East,371.49,0,0,21,9,24.28,3.28
2025-09-23,S04,SKU015,Personal Care,East,365.05,0,0,18,9,23.78,5.78
2025-09-24,S04,SKU015,Personal Care,East,335.25,1,0,34,7,28.58,5.42
2025-09-25,S04,SKU015,Personal Care,East,370.1,0,0,29,8,24.04,4.96
2025-09-26,S04,SKU015,Personal Care,East,365.61,0,0,22,3,23.75,1.75
2025-09-27,S04,SKU015,Personal Care,East,373.43,0,0,27,6,25.43,1.57
2025-09-28,S04,SKU015,Personal Care,East,366.28,0,0,26,7,26.04,0.04
2025-09-29,S04,SKU015,Personal Care,East,373.16,0,0,28,2,23.82,4.18
2025-09-30,S04,SKU015,Personal Care,East,371.74,0,0,28,2,23.53,4.47
2025-10-01,S04,SKU015,Personal Care,East,347.94,1,0,37,9,31.3,5.7
2025-10-02,S04,SKU015,Personal Care,East,340.92,1,1,43,5,37.65,5.35
2025-10-03,S04,SKU015,Personal Care,East,337.69,1,0,33,9,31.13,1.87
2025-10-04,S04,SKU015,Personal Care,East,378.64,0,0,23,8,27.73,4.73
2025-10-05,S04,SKU015,Personal Care,East,370.3,0,0,17,5,27.95,10.95
2025-10-06,S04,SKU015,Personal Care,East,378.46,0,0,17,5,25.28,8.28
2025-10-07,S04,SKU015,Personal Care,East,365.79,0,0,18,7,24.4,6.4
2025-10-08,S04,SKU015,Personal Care,East,367.65,0,0,18,3,24.21,6.21
2025-10-09,S04,SKU015,Personal Care,East,368.14,0,0,23,9,25.2,2.2
2025-10-10,S04,SKU015,Personal Care,East,379.34,0,0,25,4,23.66,1.34
2025-10-11,S04,SKU015,Personal Care,East,373.04,0,0,29,3,23.77,5.23
2025-10-12,S04,SKU015,Personal Care,East,359.98,0,0,28,2,24.99,3.01
2025-10-13,S04,SKU015,Personal Care,East,372.59,0,0,18,4,23.67,5.67
2025-10-14,S04,SKU015,Personal Care,East,371.38,0,0,20,8,23.59,3.59
2025-10-15,S04,SKU015,Personal Care,East,358.07,0,0,20,3,22.33,2.33
2025-10-16,S04,SKU015,Personal Care,East,370.33,0,0,19,4,22.24,3.24
2025-10-17,S04,SKU015,Personal Care,East,375.42,0,0,11,4,22.63,11.63
2025-10-18,S04,SKU015,Personal Care,East,366.74,0,0,21,7,23.27,2.27
2025-10-19,S04,SKU015,Personal Care,East,373.9,0,0,31,4,23.84,7.16
2025-10-20,S04,SKU015,Personal Care,East,378.92,0,0,27,4,22.38,4.62
2025-10-21,S04,SKU015,Personal Care,East,378.06,0,0,21,4,22.24,1.24
2025-10-22,S04,SKU015,Personal Care,East,374.91,0,0,28,5,22.99,5.01
2025-10-23,S04,SKU015,Personal Care,East,364.88,0,0,16,6,22.62,6.62
2025-10-24,S04,SKU015,Personal Care,East,374.04,0,0,22,4,23.81,1.81
2025-10-25,S04,SKU015,Personal Care,East,362.37,0,0,21,8,24.51,3.51
2025-10-26,S04,SKU015,Personal Care,East,341.81,1,0,37,8,32.63,4.37
2025-10-27,S04,SKU015,Personal Care,East,374.48,0,0,29,2,23.19,5.81
2025-10-28,S04,SKU015,Personal Care,East,371.81,0,0,20,3,23.63,3.63
2025-10-29,S04,SKU015,Personal Care,East,342.81,1,0,24,4,31.33,7.33
2025-10-30,S04,SKU015,Personal Care,East,372.17,0,0,25,8,23.03,1.97
2025-10-31,S04,SKU015,Personal Care,East,363.93,0,0,31,9,21.94,9.06
2025-11-01,S04,SKU015,Personal Care,East,364.21,0,0,27,8,23.77,3.23
2025-11-02,S04,SKU015,Personal Care,East,366.26,0,0,27,7,23.32,3.68
2025-11-03,S04,SKU015,Personal Care,East,373.16,0,0,23,6,22.73,0.27
2025-11-04,S04,SKU015,Personal Care,East,371.07,0,0,21,7,22.94,1.94
2025-11-05,S04,SKU015,Personal Care,East,342.66,1,0,27,4,29.94,2.94
2025-11-06,S04,SKU015,Personal Care,East,370.91,0,0,19,8,23.5,4.5
2025-11-07,S04,SKU015,Personal Care,East,370.85,0,0,24,2,23.01,0.99
2025-11-08,S04,SKU015,Personal Care,East,373.05,0,0,27,2,23.98,3.02
2025-11-09,S04,SKU015,Personal Care,East,373.26,0,0,21,3,24.62,3.62
2025-11-10,S04,SKU015,Personal Care,East,374.89,0,0,30,7,22.93,7.07
2025-11-11,S04,SKU015,Personal Care,East,369.29,0,0,28,6,23.25,4.75
2025-11-12,S04,SKU015,Personal Care,East,361.17,0,0,27,3,23.99,3.01
2025-11-13,S04,SKU015,Personal Care,East,371.22,0,0,28,2,23.87,4.13
2025-11-14,S04,SKU015,Personal Care,East,367.0,0,0,27,7,23.25,3.75
2025-11-15,S04,SKU015,Personal Care,East,366.78,0,0,34,7,26.82,7.18
2025-11-16,S04,SKU015,Personal Care,East,361.91,0,0,27,7,26.56,0.44
2025-11-17,S04,SKU015,Personal Care,East,376.56,0,0,26,7,25.41,0.59
2025-11-18,S04,SKU015,Personal Care,East,347.25,1,0,33,4,32.15,0.85
2025-11-19,S04,SKU015,Personal Care,East,363.34,0,0,32,5,25.52,6.48
2025-11-20,S04,SKU015,Personal Care,East,379.15,0,0,28,7,24.83,3.17
2025-11-21,S04,SKU015,Personal Care,East,362.66,0,0,29,9,26.13,2.87
2025-11-22,S04,SKU015,Personal Care,East,357.78,0,0,21,6,29.03,8.03
2025-11-23,S04,SKU015,Personal Care,East,378.76,0,0,37,3,28.05,8.95
2025-11-24,S04,SKU015,Personal Care,East,365.03,0,0,22,8,26.69,4.69
2025-11-25,S04,SKU015,Personal Care,East,360.89,0,0,28,6,25.86,2.14
2025-11-26,S04,SKU015,Personal Care,East,373.25,0,0,23,6,26.38,3.38
2025-11-27,S04,SKU015,Personal Care,East,376.98,0,0,32,3,26.09,5.91
2025-11-28,S04,SKU015,Personal Care,East,331.0,1,0,35,5,36.33,1.33
2025-11-29,S04,SKU015,Personal Care,East,366.45,0,0,31,3,29.1,1.9
2025-11-30,S04,SKU015,Personal Care,East,372.42,0,0,23,3,29.55,6.55
2025-12-01,S04,SKU015,Personal Care,East,374.22,0,0,25,8,26.49,1.49
2025-12-02,S04,SKU015,Personal Care,East,339.66,1,0,32,3,34.73,2.73
2025-12-03,S04,SKU015,Personal Care,East,355.19,0,0,23,8,27.31,4.31
2025-12-04,S04,SKU015,Personal Care,East,343.62,1,0,40,2,35.36,4.64
2025-12-05,S04,SKU015,Personal Care,East,353.57,0,0,32,5,28.25,3.75
2025-12-06,S04,SKU015,Personal Care,East,340.24,1,0,33,3,38.35,5.35
2025-12-07,S04,SKU015,Personal Care,East,371.18,0,0,35,8,32.11,2.89
2025-12-08,S04,SKU015,Personal Care,East,370.82,0,0,36,7,29.17,6.83
2025-12-09,S04,SKU015,Personal Care,East,367.66,0,0,21,7,29.59,8.59
2025-12-10,S04,SKU015,Personal Care,East,369.33,0,0,30,7,28.71,1.29
2025-12-11,S04,SKU015,Personal Care,East,370.11,0,0,29,4,29.43,0.43
2025-12-12,S04,SKU015,Personal Care,East,366.73,0,0,30,7,30.35,0.35
2025-12-13,S04,SKU015,Personal Care,East,359.06,0,0,31,8,32.21,1.21
2025-12-14,S04,SKU015,Personal Care,East,368.24,0,0,20,8,31.91,11.91
2025-12-15,S04,SKU015,Personal Care,East,374.37,0,0,24,2,27.4,3.4
2025-12-16,S04,SKU015,Personal Care,East,375.89,0,0,29,6,28.15,0.85
2025-12-17,S04,SKU015,Personal Care,East,370.59,0,0,26,2,28.09,2.09
2025-12-18,S04,SKU015,Personal Care,East,369.55,0,0,27,8,28.18,1.18
2025-12-19,S04,SKU015,Personal Care,East,374.75,0,0,33,7,27.9,5.1
2025-12-20,S04,SKU015,Personal Care,East,382.62,0,0,23,9,30.54,7.54
2025-12-21,S04,SKU015,Personal Care,East,369.21,0,0,32,4,29.54,2.46
2025-12-22,S04,SKU015,Personal Care,East,369.8,0,0,29,2,27.84,1.16
2025-12-23,S04,SKU015,Personal Care,East,365.73,0,0,30,2,27.87,2.13
2025-12-24,S04,SKU015,Personal Care,East,369.61,0,0,31,8,28.19,2.81
2025-12-25,S04,SKU015,Personal Care,East,341.6,1,1,40,4,42.63,2.63
2025-12-26,S04,SKU015,Personal Care,East,352.81,0,0,33,2,30.28,2.72
2025-12-27,S04,SKU015,Personal Care,East,365.63,0,0,29,2,32.78,3.78
2025-12-28,S04,SKU015,Personal Care,East,340.0,1,0,36,4,41.87,5.87
2025-12-29,S04,SKU015,Personal Care,East,372.29,0,0,30,9,29.88,0.12
2025-12-30,S04,SKU015,Personal Care,East,385.77,0,0,27,7,30.09,3.09
2025-12-31,S04,SKU015,Personal Care,East,379.15,0,0,25,9,29.53,4.53
2025-08-13,S04,SKU016,Household,East,277.62,0,0,43,9,44.01,1.01
2025-08-14,S04,SKU016,Household,East,278.47,0,0,38,6,43.73,5.73
2025-08-15,S04,SKU016,Household,East,257.55,1,1,63,2,60.06,2.94
2025-08-16,S04,SKU016,Household,East,279.92,0,0,47,9,47.49,0.49
2025-08-17,S04,SKU016,Household,East,269.81,0,0,38,9,46.55,8.55
2025-08-18,S04,SKU016,Household,East,284.9,0,0,45,5,43.13,1.87
2025-08-19,S04,SKU016,Household,East,283.39,0,0,28,2,43.09,15.09
2025-08-20,S04,SKU016,Household,East,278.87,0,0,42,8,41.97,0.03
2025-08-21,S04,SKU016,Household,East,282.06,0,0,42,3,42.43,0.43
2025-08-22,S04,SKU016,Household,East,250.39,1,0,54,8,55.3,1.3
2025-08-23,S04,SKU016,Household,East,276.23,0,0,50,4,45.07,4.93
2025-08-24,S04,SKU016,Household,East,274.45,0,0,40,2,45.19,5.19
2025-08-25,S04,SKU016,Household,East,278.61,0,0,44,8,41.88,2.12
2025-08-26,S04,SKU016,Household,East,255.92,1,0,59,7,54.57,4.43
2025-08-27,S04,SKU016,Household,East,278.8,0,0,40,2,42.02,2.02
2025-08-28,S04,SKU016,Household,East,275.2,0,0,41,5,42.27,1.27
2025-08-29,S04,SKU016,Household,East,275.16,0,0,37,3,41.47,4.47
2025-08-30,S04,SKU016,Household,East,271.6,0,0,45,8,43.75,1.25
2025-08-31,S04,SKU016,Household,East,277.69,0,0,37,3,43.82,6.82
2025-09-01,S04,SKU016,Household,East,279.45,0,0,33,4,40.73,7.73
2025-09-02,S04,SKU016,Household,East,275.94,0,0,33,6,41.4,8.4
2025-09-03,S04,SKU016,Household,East,280.14,0,0,45,3,39.84,5.16
2025-09-04,S04,SKU016,Household,East,281.8,0,0,37,9,39.62,2.62
2025-09-05,S04,SKU016,Household,East,271.72,0,0,34,9,39.79,5.79
2025-09-06,S04,SKU016,Household,East,283.34,0,0,40,7,42.54,2.54
2025-09-07,S04,SKU016,Household,East,266.28,1,0,51,3,54.39,3.39
2025-09-08,S04,SKU016,Household,East,276.16,0,0,40,7,38.68,1.32
2025-09-09,S04,SKU016,Household,East,285.39,0,0,38,5,38.3,0.3
2025-09-10,S04,SKU016,Household,East,277.76,0,0,32,7,38.55,6.55
2025-09-11,S04,SKU016,Household,East,279.99,0,0,43,8,38.35,4.65
2025-09-12,S04,SKU016,Household,East,252.85,1,0,50,3,50.45,0.45
2025-09-13,S04,SKU016,Household,East,271.08,0,0,42,9,42.14,0.14
2025-09-14,S04,SKU016,Household,East,269.73,0,0,52,9,41.36,10.64
2025-09-15,S04,SKU016,Household,East,283.61,0,0,36,4,38.95,2.95
2025-09-16,S04,SKU016,Household,East,273.37,0,0,38,5,38.59,0.59
2025-09-17,S04,SKU016,Household,East,277.78,0,0,41,7,39.12,1.88
2025-09-18,S04,SKU016,Household,East,277.24,0,0,41,5,38.99,2.01
2025-09-19,S04,SKU016,Household,East,272.12,0,0,39,2,39.1,0.1
2025-09-20,S04,SKU016,Household,East,281.38,0,0,41,4,41.8,0.8
2025-09-21,S04,SKU016,Household,East,280.67,0,0,42,5,41.38,0.62
2025-09-22,S04,SKU016,Household,East,262.87,1,0,58,6,50.0,8.0
2025-09-23,S04,SKU016,Household,East,275.61,0,0,45,9,38.67,6.33
2025-09-24,S04,SKU016,Household,East,273.84,0,0,37,4,38.31,1.31
2025-09-25,S04,SKU016,Household,East,281.56,0,0,48,4,38.31,9.69
2025-09-26,S04,SKU016,Household,East,282.44,0,0,40,6,38.76,1.24
2025-09-27,S04,SKU016,Household,East,284.38,0,0,45,6,41.71,3.29
2025-09-28,S04,SKU016,Household,East,275.96,0,0,46,9,42.0,4.0
2025-09-29,S04,SKU016,Household,East,277.05,0,0,42,9,39.28,2.72
2025-09-30,S04,SKU016,Household,East,276.55,0,0,39,9,39.23,0.23
2025-10-01,S04,SKU016,Household,East,284.07,0,0,49,9,40.52,8.48
2025-10-02,S04,SKU016,Household,East,285.45,0,1,37,2,46.15,9.15
2025-10-03,S04,SKU016,Household,East,275.75,0,0,39,9,40.25,1.25
2025-10-04,S04,SKU016,Household,East,273.33,0,0,47,7,43.68,3.32
2025-10-05,S04,SKU016,Household,East,257.16,1,0,56,3,56.85,0.85
2025-10-06,S04,SKU016,Household,East,257.44,1,0,46,7,54.51,8.51
2025-10-07,S04,SKU016,Household,East,283.5,0,0,32,5,40.68,8.68
2025-10-08,S04,SKU016,Household,East,280.73,0,0,49,4,40.2,8.8
2025-10-09,S04,SKU016,Household,East,280.58,0,0,40,6,41.68,1.68
2025-10-10,S04,SKU016,Household,East,280.2,0,0,44,8,41.79,2.21
2025-10-11,S04,SKU016,Household,East,281.83,0,0,34,9,44.95,10.95
2025-10-12,S04,SKU016,Household,East,279.36,0,0,49,5,44.58,4.42
2025-10-13,S04,SKU016,Household,East,279.55,0,0,39,5,40.37,1.37
2025-10-14,S04,SKU016,Household,East,277.67,0,0,44,6,39.79,4.21
2025-10-15,S04,SKU016,Household,East,278.04,0,0,39,5,41.21,2.21
2025-10-16,S04,SKU016,Household,East,270.18,0,0,40,9,41.32,1.32
2025-10-17,S04,SKU016,Household,East,277.16,0,0,32,8,41.38,9.38
2025-10-18,S04,SKU016,Household,East,272.63,0,0,48,5,43.38,4.62
2025-10-19,S04,SKU016,Household,East,254.36,1,0,62,4,58.01,3.99
2025-10-20,S04,SKU016,Household,East,282.14,0,0,41,4,40.69,0.31
2025-10-21,S04,SKU016,Household,East,278.41,0,0,45,3,41.41,3.59
2025-10-22,S04,SKU016,Household,East,277.11,0,0,53,9,41.15,11.85
2025-10-23,S04,SKU016,Household,East,288.5,0,0,39,5,42.2,3.2
2025-10-24,S04,SKU016,Household,East,277.66,0,0,50,5,42.26,7.74
2025-10-25,S04,SKU016,Household,East,278.22,0,0,45,2,45.61,0.61
2025-10-26,S04,SKU016,Household,East,289.65,0,0,47,3,45.33,1.67
2025-10-27,S04,SKU016,Household,East,281.83,0,0,36,2,42.38,6.38
2025-10-28,S04,SKU016,Household,East,279.46,0,0,41,3,42.45,1.45
2025-10-29,S04,SKU016,Household,East,276.96,0,0,40,7,42.05,2.05
2025-10-30,S04,SKU016,Household,East,276.63,0,0,36,5,41.84,5.84
2025-10-31,S04,SKU016,Household,East,281.01,0,0,41,3,42.07,1.07
2025-11-01,S04,SKU016,Household,East,279.87,0,0,46,8,45.33,0.67
2025-11-02,S04,SKU016,Household,East,276.13,0,0,47,3,44.64,2.36
2025-11-03,S04,SKU016,Household,East,278.49,0,0,44,4,40.67,3.33
2025-11-04,S04,SKU016,Household,East,287.58,0,0,44,5,40.91,3.09
2025-11-05,S04,SKU016,Household,East,281.57,0,0,42,8,42.58,0.58
2025-11-06,S04,SKU016,Household,East,277.51,0,0,37,6,41.83,4.83
2025-11-07,S04,SKU016,Household,East,254.13,1,0,63,2,54.45,8.55
2025-11-08,S04,SKU016,Household,East,276.76,0,0,39,7,44.12,5.12
2025-11-09,S04,SKU016,Household,East,273.14,0,0,46,5,46.49,0.49
2025-11-10,S04,SKU016,Household,East,282.71,0,0,34,4,43.03,9.03
2025-11-11,S04,SKU016,Household,East,279.31,0,0,38,8,42.79,4.79
2025-11-12,S04,SKU016,Household,East,276.78,0,0,31,7,42.83,11.83
2025-11-13,S04,SKU016,Household,East,279.7,0,0,49,4,41.37,7.63
2025-11-14,S04,SKU016,Household,East,277.46,0,0,38,6,41.89,3.89
2025-11-15,S04,SKU016,Household,East,279.09,0,0,39,5,45.83,6.83
2025-11-16,S04,SKU016,Household,East,249.74,1,0,57,2,58.47,1.47
2025-11-17,S04,SKU016,Household,East,273.16,0,0,44,6,41.13,2.87
2025-11-18,S04,SKU016,Household,East,283.73,0,0,48,6,42.83,5.17
2025-11-19,S04,SKU016,Household,East,278.48,0,0,46,2,42.67,3.33
2025-11-20,S04,SKU016,Household,East,255.08,1,0,56,8,56.55,0.55
2025-11-21,S04,SKU016,Household,East,278.21,0,0,43,5,42.41,0.59
2025-11-22,S04,SKU016,Household,East,288.6,0,0,42,9,45.49,3.49
2025-11-23,S04,SKU016,Household,East,281.68,0,0,43,3,47.5,4.5
2025-11-24,S04,SKU016,Household,East,278.34,0,0,42,7,42.44,0.44
2025-11-25,S04,SKU016,Household,East,269.54,0,0,41,3,43.42,2.42
2025-11-26,S04,SKU016,Household,East,278.99,0,0,39,3,42.92,3.92
2025-11-27,S04,SKU016,Household,East,281.34,0,0,46,8,43.34,2.66
2025-11-28,S04,SKU016,Household,East,257.76,1,0,57,7,55.99,1.01
2025-11-29,S04,SKU016,Household,East,274.81,0,0,53,2,46.81,6.19
2025-11-30,S04,SKU016,Household,East,275.24,0,0,48,4,48.02,0.02
2025-12-01,S04,SKU016,Household,East,272.85,0,0,52,2,44.21,7.79
2025-12-02,S04,SKU016,Household,East,273.4,0,0,47,3,44.73,2.27
2025-12-03,S04,SKU016,Household,East,280.79,0,0,44,5,45.32,1.32
2025-12-04,S04,SKU016,Household,East,290.97,0,0,41,7,44.88,3.88
2025-12-05,S04,SKU016,Household,East,275.97,0,0,39,7,45.19,6.19
2025-12-06,S04,SKU016,Household,East,279.68,0,0,43,3,47.31,4.31
2025-12-07,S04,SKU016,Household,East,282.04,0,0,49,6,47.32,1.68
2025-12-08,S04,SKU016,Household,East,282.19,0,0,46,7,43.92,2.08
2025-12-09,S04,SKU016,Household,East,280.78,0,0,41,3,43.96,2.96
2025-12-10,S04,SKU016,Household,East,278.55,0,0,42,5,44.09,2.09
2025-12-11,S04,SKU016,Household,East,273.21,0,0,44,9,44.93,0.93
2025-12-12,S04,SKU016,Household,East,281.78,0,0,57,6,44.29,12.71
2025-12-13,S04,SKU016,Household,East,272.27,0,0,40,7,49.23,9.23
2025-12-14,S04,SKU016,Household,East,277.35,0,0,51,9,49.46,1.54
2025-12-15,S04,SKU016,Household,East,277.57,0,0,52,3,45.58,6.42
2025-12-16,S04,SKU016,Household,East,282.05,0,0,46,7,45.62,0.38
2025-12-17,S04,SKU016,Household,East,282.19,0,0,47,5,45.42,1.58
2025-12-18,S04,SKU016,Household,East,254.43,1,0,55,7,60.99,5.99
2025-12-19,S04,SKU016,Household,East,275.46,0,0,53,8,45.88,7.12
2025-12-20,S04,SKU016,Household,East,278.43,0,0,52,9,49.25,2.75
2025-12-21,S04,SKU016,Household,East,278.22,0,0,51,5,50.78,0.22
2025-12-22,S04,SKU016,Household,East,279.43,0,0,45,9,46.24,1.24
2025-12-23,S04,SKU016,Household,East,278.66,0,0,31,5,46.09,15.09
2025-12-24,S04,SKU016,Household,East,276.07,0,0,62,4,45.88,16.12
2025-12-25,S04,SKU016,Household,East,256.63,1,1,76,7,67.19,8.81
2025-12-26,S04,SKU016,Household,East,278.79,0,0,56,2,48.87,7.13
2025-12-27,S04,SKU016,Household,East,268.81,0,0,50,5,52.03,2.03
2025-12-28,S04,SKU016,Household,East,284.73,0,0,53,5,53.02,0.02
2025-12-29,S04,SKU016,Household,East,277.07,0,0,48,2,47.7,0.3
2025-12-30,S04,SKU016,Household,East,277.45,0,0,47,2,46.39,0.61
2025-12-31,S04,SKU016,Household,East,284.57,0,0,40,6,46.51,6.51
2025-08-13,S04,SKU017,Beverages,East,41.72,0,0,18,9,20.0,2.0
2025-08-14,S04,SKU017,Beverages,East,42.81,0,0,19,3,19.6,0.6
2025-08-15,S04,SKU017,Beverages,East,42.44,0,1,16,2,20.98,4.98
2025-08-16,S04,SKU017,Beverages,East,42.53,0,0,19,5,20.4,1.4
2025-08-17,S04,SKU017,Beverages,East,39.28,1,0,26,8,28.59,2.59
2025-08-18,S04,SKU017,Beverages,East,41.84,0,0,20,2,17.26,2.74
2025-08-19,S04,SKU017,Beverages,East,43.09,0,0,24,6,17.03,6.97
2025-08-20,S04,SKU017,Beverages,East,43.16,0,0,19,9,19.06,0.06
2025-08-21,S04,SKU017,Beverages,East,42.2,0,0,18,6,18.25,0.25
2025-08-22,S04,SKU017,Beverages,East,41.77,0,0,29,4,18.02,10.98
2025-08-23,S04,SKU017,Beverages,East,42.27,0,0,22,8,20.48,1.52
2025-08-24,S04,SKU017,Beverages,East,42.28,0,0,7,7,21.07,14.07
2025-08-25,S04,SKU017,Beverages,East,42.27,0,0,12,9,18.63,6.63
2025-08-26,S04,SKU017,Beverages,East,42.94,0,0,13,8,19.99,6.99
2025-08-27,S04,SKU017,Beverages,East,42.34,0,0,20,6,18.82,1.18
2025-08-28,S04,SKU017,Beverages,East,42.3,0,0,13,7,18.55,5.55
2025-08-29,S04,SKU017,Beverages,East,42.16,0,0,22,8,17.76,4.24
2025-08-30,S04,SKU017,Beverages,East,42.89,0,0,15,4,18.61,3.61
2025-08-31,S04,SKU017,Beverages,East,41.7,0,0,8,8,15.48,7.48
2025-09-01,S04,SKU017,Beverages,East,41.16,0,0,17,6,16.84,0.16
2025-09-02,S04,SKU017,Beverages,East,41.15,0,0,31,7,16.86,14.14
2025-09-03,S04,SKU017,Beverages,East,38.76,1,0,20,5,22.16,2.16
2025-09-04,S04,SKU017,Beverages,East,42.63,0,0,17,2,17.12,0.12
2025-09-05,S04,SKU017,Beverages,East,42.6,0,0,8,5,17.54,9.54
2025-09-06,S04,SKU017,Beverages,East,42.53,0,0,11,8,17.46,6.46
2025-09-07,S04,SKU017,Beverages,East,41.53,0,0,24,6,19.36,4.64
2025-09-08,S04,SKU017,Beverages,East,42.35,0,0,15,4,16.67,1.67
2025-09-09,S04,SKU017,Beverages,East,41.23,0,0,18,3,16.49,1.51
2025-09-10,S04,SKU017,Beverages,East,42.03,0,0,25,2,17.02,7.98
2025-09-11,S04,SKU017,Beverages,East,41.88,0,0,17,9,17.42,0.42
2025-09-12,S04,SKU017,Beverages,East,42.89,0,0,23,5,15.59,7.41
2025-09-13,S04,SKU017,Beverages,East,42.63,0,0,12,7,18.43,6.43
2025-09-14,S04,SKU017,Beverages,East,41.83,0,0,18,8,18.89,0.89
2025-09-15,S04,SKU017,Beverages,East,41.73,0,0,22,5,17.51,4.49
2025-09-16,S04,SKU017,Beverages,East,42.59,0,0,7,9,16.89,9.89
2025-09-17,S04,SKU017,Beverages,East,42.73,0,0,16,3,16.34,0.34
2025-09-18,S04,SKU017,Beverages,East,42.26,0,0,11,3,16.7,5.7
2025-09-19,S04,SKU017,Beverages,East,43.03,0,0,23,4,17.62,5.38
2025-09-20,S04,SKU017,Beverages,East,42.42,0,0,14,6,17.38,3.38
2025-09-21,S04,SKU017,Beverages,East,42.69,0,0,17,8,16.37,0.63
2025-09-22,S04,SKU017,Beverages,East,42.1,0,0,18,9,16.55,1.45
2025-09-23,S04,SKU017,Beverages,East,43.06,0,0,12,9,14.15,2.15
2025-09-24,S04,SKU017,Beverages,East,41.94,0,0,20,2,16.49,3.51
2025-09-25,S04,SKU017,Beverages,East,42.99,0,0,10,6,15.92,5.92
2025-09-26,S04,SKU017,Beverages,East,42.24,0,0,26,7,15.02,10.98
2025-09-27,S04,SKU017,Beverages,East,42.2,0,0,11,4,17.44,6.44
2025-09-28,S04,SKU017,Beverages,East,42.09,0,0,20,5,15.98,4.02
2025-09-29,S04,SKU017,Beverages,East,42.02,0,0,16,4,15.31,0.69
2025-09-30,S04,SKU017,Beverages,East,43.58,0,0,14,6,20.83,6.83
2025-10-01,S04,SKU017,Beverages,East,43.05,0,0,24,8,16.66,7.34
2025-10-02,S04,SKU017,Beverages,East,39.0,1,1,28,6,19.96,8.04
2025-10-03,S04,SKU017,Beverages,East,40.94,0,0,10,7,14.82,4.82
2025-10-04,S04,SKU017,Beverages,East,41.54,0,0,15,8,16.56,1.56
2025-10-05,S04,SKU017,Beverages,East,42.39,0,0,19,5,18.36,0.64
2025-10-06,S04,SKU017,Beverages,East,42.66,0,0,21,3,16.49,4.51
2025-10-07,S04,SKU017,Beverages,East,41.41,0,0,26,4,16.43,9.57
2025-10-08,S04,SKU017,Beverages,East,41.72,0,0,11,4,17.25,6.25
2025-10-09,S04,SKU017,Beverages,East,42.77,0,0,25,6,17.63,7.37
2025-10-10,S04,SKU017,Beverages,East,41.86,0,0,18,3,14.92,3.08
2025-10-11,S04,SKU017,Beverages,East,42.38,0,0,18,6,17.22,0.78
2025-10-12,S04,SKU017,Beverages,East,43.39,0,0,26,9,17.78,8.22
2025-10-13,S04,SKU017,Beverages,East,42.71,0,0,9,9,17.66,8.66
2025-10-14,S04,SKU017,Beverages,East,41.16,0,0,21,8,16.02,4.98
2025-10-15,S04,SKU017,Beverages,East,42.69,0,0,16,8,17.72,1.72
2025-10-16,S04,SKU017,Beverages,East,39.43,1,0,19,6,20.86,1.86
2025-10-17,S04,SKU017,Beverages,East,41.66,0,0,21,4,17.6,3.4
2025-10-18,S04,SKU017,Beverages,East,42.48,0,0,25,2,18.13,6.87
2025-10-19,S04,SKU017,Beverages,East,42.18,0,0,20,5,18.59,1.41
2025-10-20,S04,SKU017,Beverages,East,42.8,0,0,12,3,17.02,5.02
2025-10-21,S04,SKU017,Beverages,East,42.05,0,0,26,7,16.37,9.63
2025-10-22,S04,SKU017,Beverages,East,43.01,0,0,19,7,17.81,1.19
2025-10-23,S04,SKU017,Beverages,East,42.01,0,0,15,7,16.09,1.09
2025-10-24,S04,SKU017,Beverages,East,43.16,0,0,15,8,18.25,3.25
2025-10-25,S04,SKU017,Beverages,East,42.09,0,0,14,4,17.71,3.71
2025-10-26,S04,SKU017,Beverages,East,38.86,1,0,26,7,26.71,0.71
2025-10-27,S04,SKU017,Beverages,East,43.73,0,0,20,6,16.84,3.16
2025-10-28,S04,SKU017,Beverages,East,38.69,1,0,25,7,23.49,1.51
2025-10-29,S04,SKU017,Beverages,East,42.29,0,0,17,8,18.12,1.12
2025-10-30,S04,SKU017,Beverages,East,41.7,0,0,21,3,19.46,1.54
2025-10-31,S04,SKU017,Beverages,East,41.46,0,0,17,8,17.04,0.04
2025-11-01,S04,SKU017,Beverages,East,38.2,1,0,26,9,28.25,2.25
2025-11-02,S04,SKU017,Beverages,East,42.85,0,0,13,9,20.54,7.54
2025-11-03,S04,SKU017,Beverages,East,42.25,0,0,19,7,18.01,0.99
2025-11-04,S04,SKU017,Beverages,East,42.19,0,0,23,2,18.25,4.75
2025-11-05,S04,SKU017,Beverages,East,42.48,0,0,17,7,17.56,0.56
2025-11-06,S04,SKU017,Beverages,East,37.59,1,0,26,4,26.44,0.44
2025-11-07,S04,SKU017,Beverages,East,41.34,0,0,22,4,18.68,3.32
2025-11-08,S04,SKU017,Beverages,East,41.54,0,0,25,7,20.21,4.79
2025-11-09,S04,SKU017,Beverages,East,42.81,0,0,16,4,20.48,4.48
2025-11-10,S04,SKU017,Beverages,East,42.31,0,0,25,3,17.8,7.2
2025-11-11,S04,SKU017,Beverages,East,43.15,0,0,18,9,19.02,1.02
2025-11-12,S04,SKU017,Beverages,East,43.39,0,0,16,5,18.66,2.66
2025-11-13,S04,SKU017,Beverages,East,42.43,0,0,26,6,18.81,7.19
2025-11-14,S04,SKU017,Beverages,East,42.29,0,0,12,7,19.91,7.91
2025-11-15,S04,SKU017,Beverages,East,42.32,0,0,28,4,20.47,7.53
2025-11-16,S04,SKU017,Beverages,East,43.34,0,0,23,5,20.32,2.68
2025-11-17,S04,SKU017,Beverages,East,42.13,0,0,24,5,18.55,5.45
2025-11-18,S04,SKU017,Beverages,East,39.22,1,0,19,5,27.7,8.7
2025-11-19,S04,SKU017,Beverages,East,41.66,0,0,24,7,21.05,2.95
2025-11-20,S04,SKU017,Beverages,East,40.68,0,0,24,2,21.39,2.61
2025-11-21,S04,SKU017,Beverages,East,39.42,1,0,22,3,28.24,6.24
2025-11-22,S04,SKU017,Beverages,East,41.71,0,0,19,8,22.13,3.13
2025-11-23,S04,SKU017,Beverages,East,43.17,0,0,14,4,22.4,8.4
2025-11-24,S04,SKU017,Beverages,East,39.01,1,0,30,8,29.25,0.75
2025-11-25,S04,SKU017,Beverages,East,39.27,1,0,28,7,28.64,0.64
2025-11-26,S04,SKU017,Beverages,East,43.39,0,0,22,8,20.79,1.21
2025-11-27,S04,SKU017,Beverages,East,42.17,0,0,25,4,21.13,3.87
2025-11-28,S04,SKU017,Beverages,East,43.19,0,0,26,6,21.12,4.88
2025-11-29,S04,SKU017,Beverages,East,42.76,0,0,28,2,22.66,5.34
2025-11-30,S04,SKU017,Beverages,East,41.67,0,0,19,5,23.49,4.49
2025-12-01,S04,SKU017,Beverages,East,42.18,0,0,20,2,21.76,1.76
2025-12-02,S04,SKU017,Beverages,East,38.77,1,0,30,5,28.69,1.31
2025-12-03,S04,SKU017,Beverages,East,38.77,1,0,25,9,29.09,4.09
2025-12-04,S04,SKU017,Beverages,East,42.43,0,0,15,5,22.8,7.8
2025-12-05,S04,SKU017,Beverages,East,42.59,0,0,26,4,21.9,4.1
2025-12-06,S04,SKU017,Beverages,East,42.9,0,0,20,3,23.29,3.29
2025-12-07,S04,SKU017,Beverages,East,41.68,0,0,23,8,24.04,1.04
2025-12-08,S04,SKU017,Beverages,East,42.95,0,0,21,3,22.26,1.26
2025-12-09,S04,SKU017,Beverages,East,41.06,0,0,21,3,22.47,1.47
2025-12-10,S04,SKU017,Beverages,East,41.81,0,0,15,2,21.41,6.41
2025-12-11,S04,SKU017,Beverages,East,41.35,0,0,29,5,24.0,5.0
2025-12-12,S04,SKU017,Beverages,East,42.52,0,0,14,6,21.24,7.24
2025-12-13,S04,SKU017,Beverages,East,42.1,0,0,26,8,23.43,2.57
2025-12-14,S04,SKU017,Beverages,East,39.21,1,0,33,7,31.91,1.09
2025-12-15,S04,SKU017,Beverages,East,42.18,0,0,19,4,22.52,3.52
2025-12-16,S04,SKU017,Beverages,East,42.46,0,0,13,3,23.3,10.3
2025-12-17,S04,SKU017,Beverages,East,42.96,0,0,25,4,22.95,2.05
2025-12-18,S04,SKU017,Beverages,East,43.29,0,0,20,7,22.57,2.57
2025-12-19,S04,SKU017,Beverages,East,42.2,0,0,16,3,23.45,7.45
2025-12-20,S04,SKU017,Beverages,East,41.56,0,0,31,2,23.96,7.04
2025-12-21,S04,SKU017,Beverages,East,41.26,0,0,16,5,24.55,8.55
2025-12-22,S04,SKU017,Beverages,East,42.83,0,0,22,7,21.44,0.56
2025-12-23,S04,SKU017,Beverages,East,42.26,0,0,14,8,22.31,8.31
2025-12-24,S04,SKU017,Beverages,East,42.81,0,0,17,6,21.03,4.03
2025-12-25,S04,SKU017,Beverages,East,42.48,0,1,28,7,22.37,5.63
2025-12-26,S04,SKU017,Beverages,East,42.52,0,0,31,3,22.36,8.64
2025-12-27,S04,SKU017,Beverages,East,42.13,0,0,31,4,23.32,7.68
2025-12-28,S04,SKU017,Beverages,East,41.01,0,0,20,4,26.07,6.07
2025-12-29,S04,SKU017,Beverages,East,42.1,0,0,21,5,20.27,0.73
2025-12-30,S04,SKU017,Beverages,East,41.82,0,0,18,2,21.34,3.34
2025-12-31,S04,SKU017,Beverages,East,41.91,0,0,25,9,20.31,4.69
2025-08-13,S04,SKU018,Snacks,East,79.32,0,0,40,9,34.43,5.57
2025-08-14,S04,SKU018,Snacks,East,81.66,0,0,28,8,34.08,6.08
2025-08-15,S04,SKU018,Snacks,East,81.3,0,1,34,6,38.05,4.05
2025-08-16,S04,SKU018,Snacks,East,79.27,0,0,32,4,36.62,4.62
2025-08-17,S04,SKU018,Snacks,East,74.11,1,0,45,9,46.87,1.87
2025-08-18,S04,SKU018,Snacks,East,79.28,0,0,34,2,32.91,1.09
2025-08-19,S04,SKU018,Snacks,East,77.24,0,0,30,7,32.4,2.4
2025-08-20,S04,SKU018,Snacks,East,81.44,0,0,31,8,31.87,0.87
2025-08-21,S04,SKU018,Snacks,East,80.61,0,0,40,3,31.76,8.24
2025-08-22,S04,SKU018,Snacks,East,80.92,0,0,31,3,31.88,0.88
2025-08-23,S04,SKU018,Snacks,East,80.58,0,0,38,6,35.18,2.82
2025-08-24,S04,SKU018,Snacks,East,79.5,0,0,36,3,35.36,0.64
2025-08-25,S04,SKU018,Snacks,East,80.85,0,0,29,4,31.93,2.93
2025-08-26,S04,SKU018,Snacks,East,80.78,0,0,32,4,31.69,0.31
2025-08-27,S04,SKU018,Snacks,East,81.15,0,0,42,2,31.98,10.02
2025-08-28,S04,SKU018,Snacks,East,78.65,0,0,32,9,32.55,0.55
2025-08-29,S04,SKU018,Snacks,East,78.57,0,0,40,3,32.29,7.71
2025-08-30,S04,SKU018,Snacks,East,80.51,0,0,30,6,35.33,5.33
2025-08-31,S04,SKU018,Snacks,East,78.93,0,0,39,3,35.15,3.85
2025-09-01,S04,SKU018,Snacks,East,82.75,0,0,31,5,31.83,0.83
2025-09-02,S04,SKU018,Snacks,East,81.11,0,0,27,9,31.26,4.26
2025-09-03,S04,SKU018,Snacks,East,80.04,0,0,34,2,31.96,2.04
2025-09-04,S04,SKU018,Snacks,East,72.06,1,0,47,3,42.2,4.8
2025-09-05,S04,SKU018,Snacks,East,76.68,1,0,42,4,43.14,1.14
2025-09-06,S04,SKU018,Snacks,East,81.78,0,0,43,5,35.31,7.69
2025-09-07,S04,SKU018,Snacks,East,73.31,1,0,39,2,46.39,7.39
2025-09-08,S04,SKU018,Snacks,East,81.91,0,0,27,6,32.6,5.6
2025-09-09,S04,SKU018,Snacks,East,82.02,0,0,32,5,32.63,0.63
2025-09-10,S04,SKU018,Snacks,East,80.52,0,0,31,4,32.82,1.82
2025-09-11,S04,SKU018,Snacks,East,81.4,0,0,28,8,31.6,3.6
2025-09-12,S04,SKU018,Snacks,East,73.92,1,0,43,9,42.28,0.72
2025-09-13,S04,SKU018,Snacks,East,73.94,1,0,43,8,45.26,2.26
2025-09-14,S04,SKU018,Snacks,East,81.47,0,0,36,6,34.82,1.18
2025-09-15,S04,SKU018,Snacks,East,79.54,0,0,28,7,32.61,4.61
2025-09-16,S04,SKU018,Snacks,East,75.06,1,0,44,5,42.56,1.44
2025-09-17,S04,SKU018,Snacks,East,79.98,0,0,33,6,33.01,0.01
2025-09-18,S04,SKU018,Snacks,East,81.09,0,0,34,8,33.74,0.26
2025-09-19,S04,SKU018,Snacks,East,74.12,1,0,35,9,43.55,8.55
2025-09-20,S04,SKU018,Snacks,East,81.0,0,0,40,6,35.61,4.39
2025-09-21,S04,SKU018,Snacks,East,80.06,0,0,33,2,35.76,2.76
2025-09-22,S04,SKU018,Snacks,East,80.41,0,0,29,4,33.12,4.12
2025-09-23,S04,SKU018,Snacks,East,82.31,0,0,23,5,32.88,9.88
2025-09-24,S04,SKU018,Snacks,East,82.71,0,0,38,5,32.6,5.4
2025-09-25,S04,SKU018,Snacks,East,79.95,0,0,42,6,32.39,9.61
2025-09-26,S04,SKU018,Snacks,East,81.8,0,0,26,2,32.78,6.78
2025-09-27,S04,SKU018,Snacks,East,79.36,0,0,40,6,35.09,4.91
2025-09-28,S04,SKU018,Snacks,East,80.9,0,0,39,6,35.07,3.93
2025-09-29,S04,SKU018,Snacks,East,75.94,1,0,37,7,43.25,6.25
2025-09-30,S04,SKU018,Snacks,East,80.11,0,0,31,5,32.94,1.94
2025-10-01,S04,SKU018,Snacks,East,81.67,0,0,29,6,33.27,4.27
2025-10-02,S04,SKU018,Snacks,East,82.67,0,1,28,4,38.49,10.49
2025-10-03,S04,SKU018,Snacks,East,75.71,1,0,40,9,43.61,3.61
2025-10-04,S04,SKU018,Snacks,East,72.76,1,0,44,3,46.6,2.6
2025-10-05,S04,SKU018,Snacks,East,79.04,0,0,33,8,35.69,2.69
2025-10-06,S04,SKU018,Snacks,East,80.68,0,0,31,4,31.93,0.93
2025-10-07,S04,SKU018,Snacks,East,75.58,1,0,47,2,44.07,2.93
2025-10-08,S04,SKU018,Snacks,East,80.26,0,0,32,3,33.65,1.65
2025-10-09,S04,SKU018,Snacks,East,74.3,1,0,33,6,43.79,10.79
2025-10-10,S04,SKU018,Snacks,East,77.56,0,0,37,8,33.89,3.11
2025-10-11,S04,SKU018,Snacks,East,80.98,0,0,31,8,36.07,5.07
2025-10-12,S04,SKU018,Snacks,East,79.56,0,0,28,6,35.49,7.49
2025-10-13,S04,SKU018,Snacks,East,81.19,0,0,30,6,32.27,2.27
2025-10-14,S04,SKU018,Snacks,East,81.64,0,0,33,2,32.99,0.01
2025-10-15,S04,SKU018,Snacks,East,73.97,1,0,37,2,43.48,6.48
2025-10-16,S04,SKU018,Snacks,East,75.49,1,0,29,2,44.12,15.12
2025-10-17,S04,SKU018,Snacks,East,79.51,0,0,27,9,32.04,5.04
2025-10-18,S04,SKU018,Snacks,East,82.0,0,0,39,4,35.14,3.86
2025-10-19,S04,SKU018,Snacks,East,81.91,0,0,29,3,34.62,5.62
2025-10-20,S04,SKU018,Snacks,East,77.95,0,0,36,8,32.11,3.89
2025-10-21,S04,SKU018,Snacks,East,79.29,0,0,44,5,32.1,11.9
2025-10-22,S04,SKU018,Snacks,East,81.48,0,0,32,2,32.8,0.8
2025-10-23,S04,SKU018,Snacks,East,79.28,0,0,32,6,33.17,1.17
2025-10-24,S04,SKU018,Snacks,East,73.45,1,0,35,6,40.37,5.37
2025-10-25,S04,SKU018,Snacks,East,81.42,0,0,42,2,35.23,6.77
2025-10-26,S04,SKU018,Snacks,East,80.65,0,0,33,9,36.14,3.14
2025-10-27,S04,SKU018,Snacks,East,79.31,0,0,37,5,34.39,2.61
2025-10-28,S04,SKU018,Snacks,East,80.84,0,0,36,6,33.82,2.18
2025-10-29,S04,SKU018,Snacks,East,80.7,0,0,35,6,33.47,1.53
2025-10-30,S04,SKU018,Snacks,East,79.44,0,0,37,2,34.45,2.55
2025-10-31,S04,SKU018,Snacks,East,80.74,0,0,40,9,34.34,5.66
2025-11-01,S04,SKU018,Snacks,East,81.13,0,0,38,3,36.97,1.03
2025-11-02,S04,SKU018,Snacks,East,79.57,0,0,35,8,37.17,2.17
2025-11-03,S04,SKU018,Snacks,East,79.94,0,0,38,4,34.44,3.56
2025-11-04,S04,SKU018,Snacks,East,78.79,0,0,34,7,35.37,1.37
2025-11-05,S04,SKU018,Snacks,East,78.37,0,0,33,9,34.47,1.47
2025-11-06,S04,SKU018,Snacks,East,80.6,0,0,33,7,34.48,1.48
2025-11-07,S04,SKU018,Snacks,East,80.81,0,0,27,5,34.3,7.3
2025-11-08,S04,SKU018,Snacks,East,79.78,0,0,36,5,36.75,0.75
2025-11-09,S04,SKU018,Snacks,East,74.37,1,0,53,6,46.01,6.99
2025-11-10,S04,SKU018,Snacks,East,74.65,1,0,47,9,45.66,1.34
2025-11-11,S04,SKU018,Snacks,East,74.51,1,0,40,5,44.76,4.76
2025-11-12,S04,SKU018,Snacks,East,75.1,1,0,42,3,46.12,4.12
2025-11-13,S04,SKU018,Snacks,East,78.98,0,0,31,4,35.7,4.7
2025-11-14,S04,SKU018,Snacks,East,80.44,0,0,24,3,36.14,12.14
2025-11-15,S04,SKU018,Snacks,East,80.24,0,0,41,9,39.25,1.75
2025-11-16,S04,SKU018,Snacks,East,80.48,0,0,36,5,38.12,2.12
2025-11-17,S04,SKU018,Snacks,East,82.25,0,0,27,3,36.16,9.16
2025-11-18,S04,SKU018,Snacks,East,81.01,0,0,34,9,35.63,1.63
2025-11-19,S04,SKU018,Snacks,East,81.48,0,0,37,3,34.41,2.59
2025-11-20,S04,SKU018,Snacks,East,71.92,1,0,38,6,45.57,7.57
2025-11-21,S04,SKU018,Snacks,East,78.89,0,0,37,8,36.19,0.81
2025-11-22,S04,SKU018,Snacks,East,80.75,0,0,44,2,38.48,5.52
2025-11-23,S04,SKU018,Snacks,East,82.54,0,0,36,6,38.52,2.52
2025-11-24,S04,SKU018,Snacks,East,80.44,0,0,40,2,38.0,2.0
2025-11-25,S04,SKU018,Snacks,East,78.54,0,0,29,9,36.72,7.72
2025-11-26,S04,SKU018,Snacks,East,73.94,1,0,52,5,47.32,4.68
2025-11-27,S04,SKU018,Snacks,East,73.42,1,0,52,8,48.97,3.03
2025-11-28,S04,SKU018,Snacks,East,73.72,1,0,41,5,50.46,9.46
2025-11-29,S04,SKU018,Snacks,East,80.41,0,0,42,7,41.08,0.92
2025-11-30,S04,SKU018,Snacks,East,80.42,0,0,44,5,40.79,3.21
2025-12-01,S04,SKU018,Snacks,East,73.42,1,0,44,5,50.06,6.06
2025-12-02,S04,SKU018,Snacks,East,78.95,0,0,39,7,36.82,2.18
2025-12-03,S04,SKU018,Snacks,East,81.74,0,0,43,8,37.22,5.78
2025-12-04,S04,SKU018,Snacks,East,80.6,0,0,37,8,38.75,1.75
2025-12-05,S04,SKU018,Snacks,East,81.12,0,0,32,2,38.31,6.31
2025-12-06,S04,SKU018,Snacks,East,81.37,0,0,38,6,41.34,3.34
2025-12-07,S04,SKU018,Snacks,East,80.67,0,0,37,8,41.57,4.57
2025-12-08,S04,SKU018,Snacks,East,82.19,0,0,46,5,38.1,7.9
2025-12-09,S04,SKU018,Snacks,East,74.97,1,0,45,2,48.37,3.37
2025-12-10,S04,SKU018,Snacks,East,81.73,0,0,40,5,38.16,1.84
2025-12-11,S04,SKU018,Snacks,East,81.47,0,0,38,2,37.65,0.35
2025-12-12,S04,SKU018,Snacks,East,75.09,1,0,41,2,49.34,8.34
2025-12-13,S04,SKU018,Snacks,East,79.85,0,0,36,4,42.41,6.41
2025-12-14,S04,SKU018,Snacks,East,79.63,0,0,44,9,41.97,2.03
2025-12-15,S04,SKU018,Snacks,East,75.07,1,0,48,2,50.31,2.31
2025-12-16,S04,SKU018,Snacks,East,80.77,0,0,45,3,39.64,5.36
2025-12-17,S04,SKU018,Snacks,East,81.48,0,0,27,7,40.16,13.16
2025-12-18,S04,SKU018,Snacks,East,81.27,0,0,40,5,39.51,0.49
2025-12-19,S04,SKU018,Snacks,East,81.2,0,0,36,3,39.28,3.28
2025-12-20,S04,SKU018,Snacks,East,81.51,0,0,38,3,42.55,4.55
2025-12-21,S04,SKU018,Snacks,East,81.97,0,0,39,3,41.88,2.88
2025-12-22,S04,SKU018,Snacks,East,80.85,0,0,38,2,39.84,1.84
2025-12-23,S04,SKU018,Snacks,East,80.96,0,0,38,9,38.13,0.13
2025-12-24,S04,SKU018,Snacks,East,79.79,0,0,31,5,40.36,9.36
2025-12-25,S04,SKU018,Snacks,East,81.17,0,1,47,9,45.01,1.99
2025-12-26,S04,SKU018,Snacks,East,74.62,1,0,51,7,50.76,0.24
2025-12-27,S04,SKU018,Snacks,East,80.79,0,0,36,4,41.65,5.65
2025-12-28,S04,SKU018,Snacks,East,81.86,0,0,36,6,42.32,6.32
2025-12-29,S04,SKU018,Snacks,East,80.02,0,0,41,5,39.82,1.18
2025-12-30,S04,SKU018,Snacks,East,82.51,0,0,32,2,39.19,7.19
2025-12-31,S04,SKU018,Snacks,East,84.65,0,0,40,6,39.17,0.83
2025-08-13,S04,SKU019,Personal Care,East,311.06,0,0,28,6,29.96,1.96
2025-08-14,S04,SKU019,Personal Care,East,321.46,0,0,27,5,29.94,2.94
2025-08-15,S04,SKU019,Personal Care,East,320.13,0,1,38,9,35.95,2.05
2025-08-16,S04,SKU019,Personal Care,East,318.64,0,0,25,2,31.78,6.78
2025-08-17,S04,SKU019,Personal Care,East,315.23,0,0,39,9,32.03,6.97
2025-08-18,S04,SKU019,Personal Care,East,315.84,0,0,29,3,29.07,0.07
2025-08-19,S04,SKU019,Personal Care,East,313.18,0,0,25,8,29.26,4.26
2025-08-20,S04,SKU019,Personal Care,East,311.74,0,0,26,8,29.27,3.27
2025-08-21,S04,SKU019,Personal Care,East,317.82,0,0,26,8,28.97,2.97
2025-08-22,S04,SKU019,Personal Care,East,311.62,0,0,29,9,27.78,1.22
2025-08-23,S04,SKU019,Personal Care,East,310.5,0,0,32,9,29.93,2.07
2025-08-24,S04,SKU019,Personal Care,East,312.44,0,0,33,6,30.44,2.56
2025-08-25,S04,SKU019,Personal Care,East,321.33,0,0,27,2,27.74,0.74
2025-08-26,S04,SKU019,Personal Care,East,324.99,0,0,33,5,27.6,5.4
2025-08-27,S04,SKU019,Personal Care,East,315.67,0,0,20,2,27.96,7.96
2025-08-28,S04,SKU019,Personal Care,East,321.69,0,0,21,9,27.55,6.55
2025-08-29,S04,SKU019,Personal Care,East,305.63,0,0,28,8,27.24,0.76
2025-08-30,S04,SKU019,Personal Care,East,305.1,0,0,25,5,29.56,4.56
2025-08-31,S04,SKU019,Personal Care,East,288.18,1,0,40,6,39.68,0.32
2025-09-01,S04,SKU019,Personal Care,East,311.46,0,0,35,8,27.29,7.71
2025-09-02,S04,SKU019,Personal Care,East,311.39,0,0,30,7,27.36,2.64
2025-09-03,S04,SKU019,Personal Care,East,316.87,0,0,29,5,27.11,1.89
2025-09-04,S04,SKU019,Personal Care,East,314.27,0,0,34,9,27.75,6.25
2025-09-05,S04,SKU019,Personal Care,East,311.4,0,0,33,4,28.28,4.72
2025-09-06,S04,SKU019,Personal Care,East,319.53,0,0,31,2,30.2,0.8
2025-09-07,S04,SKU019,Personal Care,East,315.19,0,0,34,4,29.57,4.43
2025-09-08,S04,SKU019,Personal Care,East,309.27,0,0,35,4,28.3,6.7
2025-09-09,S04,SKU019,Personal Care,East,316.72,0,0,31,6,28.14,2.86
2025-09-10,S04,SKU019,Personal Care,East,288.16,1,0,48,2,36.67,11.33
2025-09-11,S04,SKU019,Personal Care,East,313.28,0,0,27,9,29.32,2.32
2025-09-12,S04,SKU019,Personal Care,East,312.52,0,0,21,5,28.77,7.77
2025-09-13,S04,SKU019,Personal Care,East,315.25,0,0,34,9,30.48,3.52
2025-09-14,S04,SKU019,Personal Care,East,313.02,0,0,26,5,30.27,4.27
2025-09-15,S04,SKU019,Personal Care,East,313.98,0,0,36,9,28.0,8.0
2025-09-16,S04,SKU019,Personal Care,East,308.21,0,0,29,6,28.42,0.58
2025-09-17,S04,SKU019,Personal Care,East,309.96,0,0,25,6,28.18,3.18
2025-09-18,S04,SKU019,Personal Care,East,308.28,0,0,31,5,27.57,3.43
2025-09-19,S04,SKU019,Personal Care,East,312.22,0,0,23,2,28.05,5.05
2025-09-20,S04,SKU019,Personal Care,East,315.28,0,0,39,4,30.03,8.97
2025-09-21,S04,SKU019,Personal Care,East,312.48,0,0,23,4,31.0,8.0
2025-09-22,S04,SKU019,Personal Care,East,312.76,0,0,25,5,28.23,3.23
2025-09-23,S04,SKU019,Personal Care,East,316.33,0,0,30,4,27.93,2.07
2025-09-24,S04,SKU019,Personal Care,East,315.95,0,0,27,6,28.32,1.32
2025-09-25,S04,SKU019,Personal Care,East,311.27,0,0,34,5,27.73,6.27
2025-09-26,S04,SKU019,Personal Care,East,289.93,1,0,38,5,36.46,1.54
2025-09-27,S04,SKU019,Personal Care,East,316.04,0,0,29,9,32.11,3.11
2025-09-28,S04,SKU019,Personal Care,East,320.6,0,0,34,6,32.19,1.81
2025-09-29,S04,SKU019,Personal Care,East,286.95,1,0,41,5,38.24,2.76
2025-09-30,S04,SKU019,Personal Care,East,321.15,0,0,33,8,30.17,2.83
2025-10-01,S04,SKU019,Personal Care,East,315.81,0,0,16,5,30.04,14.04
2025-10-02,S04,SKU019,Personal Care,East,309.66,0,1,33,3,35.56,2.56
2025-10-03,S04,SKU019,Personal Care,East,316.43,0,0,26,8,29.41,3.41
2025-10-04,S04,SKU019,Personal Care,East,315.2,0,0,23,3,31.81,8.81
2025-10-05,S04,SKU019,Personal Care,East,314.46,0,0,27,2,30.6,3.6
2025-10-06,S04,SKU019,Personal Care,East,321.36,0,0,25,3,27.77,2.77
2025-10-07,S04,SKU019,Personal Care,East,318.3,0,0,22,4,27.73,5.73
2025-10-08,S04,SKU019,Personal Care,East,287.67,1,0,34,3,36.93,2.93
2025-10-09,S04,SKU019,Personal Care,East,319.49,0,0,40,7,26.78,13.22
2025-10-10,S04,SKU019,Personal Care,East,318.55,0,0,32,7,27.12,4.88
2025-10-11,S04,SKU019,Personal Care,East,309.6,0,0,27,4,30.96,3.96
2025-10-12,S04,SKU019,Personal Care,East,317.82,0,0,29,4,30.93,1.93
2025-10-13,S04,SKU019,Personal Care,East,316.32,0,0,33,2,29.36,3.64
2025-10-14,S04,SKU019,Personal Care,East,315.44,0,0,33,2,29.02,3.98
2025-10-15,S04,SKU019,Personal Care,East,314.16,0,0,32,7,28.93,3.07
2025-10-16,S04,SKU019,Personal Care,East,314.6,0,0,27,5,28.85,1.85
2025-10-17,S04,SKU019,Personal Care,East,311.61,0,0,26,2,29.03,3.03
2025-10-18,S04,SKU019,Personal Care,East,318.99,0,0,33,8,31.02,1.98
2025-10-19,S04,SKU019,Personal Care,East,313.89,0,0,35,7,31.56,3.44
2025-10-20,S04,SKU019,Personal Care,East,316.7,0,0,24,6,29.13,5.13
2025-10-21,S04,SKU019,Personal Care,East,315.13,0,0,17,8,29.35,12.35
2025-10-22,S04,SKU019,Personal Care,East,320.64,0,0,29,7,27.49,1.51
2025-10-23,S04,SKU019,Personal Care,East,311.49,0,0,28,2,28.67,0.67
2025-10-24,S04,SKU019,Personal Care,East,312.22,0,0,30,7,28.12,1.88
2025-10-25,S04,SKU019,Personal Care,East,315.47,0,0,28,6,29.57,1.57
2025-10-26,S04,SKU019,Personal Care,East,321.8,0,0,28,2,29.37,1.37
2025-10-27,S04,SKU019,Personal Care,East,312.38,0,0,37,8,27.45,9.55
2025-10-28,S04,SKU019,Personal Care,East,314.01,0,0,31,6,27.26,3.74
2025-10-29,S04,SKU019,Personal Care,East,317.52,0,0,18,9,27.47,9.47
2025-10-30,S04,SKU019,Personal Care,East,315.03,0,0,15,6,27.29,12.29
2025-10-31,S04,SKU019,Personal Care,East,317.88,0,0,29,3,25.74,3.26
2025-11-01,S04,SKU019,Personal Care,East,316.94,0,0,29,5,28.74,0.26
2025-11-02,S04,SKU019,Personal Care,East,310.87,0,0,36,6,28.92,7.08
2025-11-03,S04,SKU019,Personal Care,East,287.94,1,0,32,6,35.25,3.25
2025-11-04,S04,SKU019,Personal Care,East,320.84,0,0,29,3,27.54,1.46
2025-11-05,S04,SKU019,Personal Care,East,317.6,0,0,27,4,27.34,0.34
2025-11-06,S04,SKU019,Personal Care,East,308.73,0,0,32,2,27.34,4.66
2025-11-07,S04,SKU019,Personal Care,East,305.4,0,0,24,2,28.83,4.83
2025-11-08,S04,SKU019,Personal Care,East,311.03,0,0,30,9,29.79,0.21
2025-11-09,S04,SKU019,Personal Care,East,304.55,0,0,31,7,30.55,0.45
2025-11-10,S04,SKU019,Personal Care,East,312.24,0,0,38,3,28.23,9.77
2025-11-11,S04,SKU019,Personal Care,East,310.6,0,0,31,5,28.53,2.47
2025-11-12,S04,SKU019,Personal Care,East,305.1,0,0,36,3,28.89,7.11
2025-11-13,S04,SKU019,Personal Care,East,315.14,0,0,26,6,28.45,2.45
2025-11-14,S04,SKU019,Personal Care,East,294.54,1,0,37,5,36.09,0.91
2025-11-15,S04,SKU019,Personal Care,East,316.14,0,0,33,2,30.97,2.03
2025-11-16,S04,SKU019,Personal Care,East,311.36,0,0,32,7,30.62,1.38
2025-11-17,S04,SKU019,Personal Care,East,316.23,0,0,24,9,28.31,4.31
2025-11-18,S04,SKU019,Personal Care,East,323.58,0,0,27,8,28.34,1.34
2025-11-19,S04,SKU019,Personal Care,East,282.79,1,0,47,5,39.58,7.42
2025-11-20,S04,SKU019,Personal Care,East,312.41,0,0,26,5,29.73,3.73
2025-11-21,S04,SKU019,Personal Care,East,320.1,0,0,29,3,29.58,0.58
2025-11-22,S04,SKU019,Personal Care,East,309.67,0,0,34,8,32.13,1.87
2025-11-23,S04,SKU019,Personal Care,East,308.89,0,0,33,5,32.36,0.64
2025-11-24,S04,SKU019,Personal Care,East,323.32,0,0,25,6,30.75,5.75
2025-11-25,S04,SKU019,Personal Care,East,286.13,1,0,40,3,39.61,0.39
2025-11-26,S04,SKU019,Personal Care,East,309.42,0,0,25,2,28.93,3.93
2025-11-27,S04,SKU019,Personal Care,East,317.96,0,0,37,9,30.81,6.19
2025-11-28,S04,SKU019,Personal Care,East,317.41,0,0,25,8,32.25,7.25
2025-11-29,S04,SKU019,Personal Care,East,308.34,0,0,37,6,33.56,3.44
2025-11-30,S04,SKU019,Personal Care,East,314.51,0,0,31,7,34.48,3.48
2025-12-01,S04,SKU019,Personal Care,East,312.04,0,0,37,2,32.07,4.93
2025-12-02,S04,SKU019,Personal Care,East,316.48,0,0,35,7,31.73,3.27
2025-12-03,S04,SKU019,Personal Care,East,314.08,0,0,24,7,33.55,9.55
2025-12-04,S04,SKU019,Personal Care,East,319.94,0,0,36,3,31.92,4.08
2025-12-05,S04,SKU019,Personal Care,East,285.32,1,0,42,8,41.18,0.82
2025-12-06,S04,SKU019,Personal Care,East,315.46,0,0,30,6,35.18,5.18
2025-12-07,S04,SKU019,Personal Care,East,293.48,1,0,39,4,45.35,6.35
2025-12-08,S04,SKU019,Personal Care,East,284.05,1,0,44,9,42.75,1.25
2025-12-09,S04,SKU019,Personal Care,East,313.43,0,0,34,3,33.16,0.84
2025-12-10,S04,SKU019,Personal Care,East,285.4,1,0,47,4,42.11,4.89
2025-12-11,S04,SKU019,Personal Care,East,318.11,0,0,32,6,33.76,1.76
2025-12-12,S04,SKU019,Personal Care,East,315.93,0,0,26,8,34.69,8.69
2025-12-13,S04,SKU019,Personal Care,East,294.61,1,0,41,5,46.18,5.18
2025-12-14,S04,SKU019,Personal Care,East,289.2,1,0,56,6,46.3,9.7
2025-12-15,S04,SKU019,Personal Care,East,314.63,0,0,44,6,34.17,9.83
2025-12-16,S04,SKU019,Personal Care,East,317.28,0,0,36,3,34.46,1.54
2025-12-17,S04,SKU019,Personal Care,East,320.28,0,0,32,4,35.64,3.64
2025-12-18,S04,SKU019,Personal Care,East,309.1,0,0,33,9,34.82,1.82
2025-12-19,S04,SKU019,Personal Care,East,313.91,0,0,37,4,35.22,1.78
2025-12-20,S04,SKU019,Personal Care,East,309.42,0,0,43,6,37.86,5.14
2025-12-21,S04,SKU019,Personal Care,East,314.83,0,0,38,3,38.84,0.84
2025-12-22,S04,SKU019,Personal Care,East,289.52,1,0,41,2,45.52,4.52
2025-12-23,S04,SKU019,Personal Care,East,303.29,0,0,37,6,36.01,0.99
2025-12-24,S04,SKU019,Personal Care,East,317.4,0,0,31,7,35.95,4.95
2025-12-25,S04,SKU019,Personal Care,East,310.0,0,1,39,2,42.41,3.41
2025-12-26,S04,SKU019,Personal Care,East,311.95,0,0,31,8,36.1,5.1
2025-12-27,S04,SKU019,Personal Care,East,317.59,0,0,35,6,39.61,4.61
2025-12-28,S04,SKU019,Personal Care,East,312.01,0,0,37,2,39.56,2.56
2025-12-29,S04,SKU019,Personal Care,East,319.58,0,0,34,9,36.89,2.89
2025-12-30,S04,SKU019,Personal Care,East,318.93,0,0,31,4,36.59,5.59
2025-12-31,S04,SKU019,Personal Care,East,314.74,0,0,26,6,36.81,10.81
2025-08-13,S04,SKU020,Household,East,274.94,0,0,24,5,23.03,0.97
2025-08-14,S04,SKU020,Household,East,283.34,0,0,19,3,23.95,4.95
2025-08-15,S04,SKU020,Household,East,279.28,0,1,21,6,29.46,8.46
2025-08-16,S04,SKU020,Household,East,279.09,0,0,18,4,24.85,6.85
2025-08-17,S04,SKU020,Household,East,275.6,0,0,27,5,24.42,2.58
2025-08-18,S04,SKU020,Household,East,275.08,0,0,17,3,22.94,5.94
2025-08-19,S04,SKU020,Household,East,250.8,1,0,32,9,29.94,2.06
2025-08-20,S04,SKU020,Household,East,273.98,0,0,26,4,22.47,3.53
2025-08-21,S04,SKU020,Household,East,280.31,0,0,28,6,22.53,5.47
2025-08-22,S04,SKU020,Household,East,276.15,0,0,23,2,23.0,0.0
2025-08-23,S04,SKU020,Household,East,279.7,0,0,34,8,24.33,9.67
2025-08-24,S04,SKU020,Household,East,282.06,0,0,11,7,24.99,13.99
2025-08-25,S04,SKU020,Household,East,289.78,0,0,30,9,21.46,8.54
2025-08-26,S04,SKU020,Household,East,274.65,0,0,16,7,22.3,6.3
2025-08-27,S04,SKU020,Household,East,277.98,0,0,23,9,21.93,1.07
2025-08-28,S04,SKU020,Household,East,277.36,0,0,17,8,21.63,4.63
2025-08-29,S04,SKU020,Household,East,276.02,0,0,25,7,21.6,3.4
2025-08-30,S04,SKU020,Household,East,269.78,0,0,25,8,22.88,2.12
2025-08-31,S04,SKU020,Household,East,283.51,0,0,27,2,24.3,2.7
2025-09-01,S04,SKU020,Household,East,254.33,1,0,22,7,27.89,5.89
2025-09-02,S04,SKU020,Household,East,283.92,0,0,23,8,21.21,1.79
2025-09-03,S04,SKU020,Household,East,276.71,0,0,15,5,21.48,6.48
2025-09-04,S04,SKU020,Household,East,277.08,0,0,29,5,21.14,7.86
2025-09-05,S04,SKU020,Household,East,281.31,0,0,26,8,21.84,4.16
2025-09-06,S04,SKU020,Household,East,278.43,0,0,20,4,23.31,3.31
2025-09-07,S04,SKU020,Household,East,274.99,0,0,29,4,22.64,6.36
2025-09-08,S04,SKU020,Household,East,277.88,0,0,23,2,22.0,1.0
2025-09-09,S04,SKU020,Household,East,274.27,0,0,36,2,22.22,13.78
2025-09-10,S04,SKU020,Household,East,264.43,1,0,26,2,27.88,1.88
2025-09-11,S04,SKU020,Household,East,276.2,0,0,15,2,22.26,7.26
2025-09-12,S04,SKU020,Household,East,277.25,0,0,26,7,21.84,4.16
2025-09-13,S04,SKU020,Household,East,257.07,1,0,36,5,30.32,5.68
2025-09-14,S04,SKU020,Household,East,284.24,0,0,25,6,24.48,0.52
2025-09-15,S04,SKU020,Household,East,276.26,0,0,20,5,22.41,2.41
2025-09-16,S04,SKU020,Household,East,275.81,0,0,21,5,22.39,1.39
2025-09-17,S04,SKU020,Household,East,256.41,1,0,25,6,28.18,3.18
2025-09-18,S04,SKU020,Household,East,272.53,0,0,29,8,22.95,6.05
2025-09-19,S04,SKU020,Household,East,274.2,0,0,27,8,22.55,4.45
2025-09-20,S04,SKU020,Household,East,250.93,1,0,38,8,32.49,5.51
2025-09-21,S04,SKU020,Household,East,276.0,0,0,20,6,22.98,2.98
2025-09-22,S04,SKU020,Household,East,279.91,0,0,26,2,22.56,3.44
2025-09-23,S04,SKU020,Household,East,279.77,0,0,15,3,22.96,7.96
2025-09-24,S04,SKU020,Household,East,272.15,0,0,21,5,21.91,0.91
2025-09-25,S04,SKU020,Household,East,277.05,0,0,14,5,22.59,8.59
2025-09-26,S04,SKU020,Household,East,282.92,0,0,26,8,21.47,4.53
2025-09-27,S04,SKU020,Household,East,275.76,0,0,19,7,24.35,5.35
2025-09-28,S04,SKU020,Household,East,279.0,0,0,35,4,23.55,11.45
2025-09-29,S04,SKU020,Household,East,282.48,0,0,27,8,22.52,4.48
2025-09-30,S04,SKU020,Household,East,246.65,1,0,31,2,28.38,2.62
2025-10-01,S04,SKU020,Household,East,282.22,0,0,15,4,23.04,8.04
2025-10-02,S04,SKU020,Household,East,273.67,0,1,21,2,26.77,5.77
2025-10-03,S04,SKU020,Household,East,284.56,0,0,25,9,23.27,1.73
2025-10-04,S04,SKU020,Household,East,281.72,0,0,34,7,25.02,8.98
2025-10-05,S04,SKU020,Household,East,279.25,0,0,18,5,24.64,6.64
2025-10-06,S04,SKU020,Household,East,276.39,0,0,23,6,22.86,0.14
2025-10-07,S04,SKU020,Household,East,280.07,0,0,18,8,22.98,4.98
2025-10-08,S04,SKU020,Household,East,283.97,0,0,20,4,21.81,1.81
2025-10-09,S04,SKU020,Household,East,280.14,0,0,17,5,22.36,5.36
2025-10-10,S04,SKU020,Household,East,271.89,0,0,23,2,22.32,0.68
2025-10-11,S04,SKU020,Household,East,274.56,0,0,14,5,22.82,8.82
2025-10-12,S04,SKU020,Household,East,278.82,0,0,25,3,22.66,2.34
2025-10-13,S04,SKU020,Household,East,269.42,0,0,23,2,21.27,1.73
2025-10-14,S04,SKU020,Household,East,282.02,0,0,26,3,21.65,4.35
2025-10-15,S04,SKU020,Household,East,281.79,0,0,29,4,21.48,7.52
2025-10-16,S04,SKU020,Household,East,277.97,0,0,18,4,21.71,3.71
2025-10-17,S04,SKU020,Household,East,252.24,1,0,37,2,27.58,9.42
2025-10-18,S04,SKU020,Household,East,281.77,0,0,27,6,23.43,3.57
2025-10-19,S04,SKU020,Household,East,283.98,0,0,30,4,23.77,6.23
2025-10-20,S04,SKU020,Household,East,270.27,0,0,27,7,22.45,4.55
2025-10-21,S04,SKU020,Household,East,276.82,0,0,29,5,21.95,7.05
2025-10-22,S04,SKU020,Household,East,274.5,0,0,22,9,22.76,0.76
2025-10-23,S04,SKU020,Household,East,283.09,0,0,27,3,22.98,4.02
2025-10-24,S04,SKU020,Household,East,276.5,0,0,20,5,22.62,2.62
2025-10-25,S04,SKU020,Household,East,250.05,1,0,37,7,32.23,4.77
2025-10-26,S04,SKU020,Household,East,275.16,0,0,28,8,24.66,3.34
2025-10-27,S04,SKU020,Household,East,284.04,0,0,19,3,23.61,4.61
2025-10-28,S04,SKU020,Household,East,273.92,0,0,20,5,23.57,3.57
2025-10-29,S04,SKU020,Household,East,276.54,0,0,26,6,23.83,2.17
2025-10-30,S04,SKU020,Household,East,278.7,0,0,24,2,23.43,0.57
2025-10-31,S04,SKU020,Household,East,279.0,0,0,17,9,23.6,6.6
2025-11-01,S04,SKU020,Household,East,278.58,0,0,12,2,24.95,12.95
2025-11-02,S04,SKU020,Household,East,283.35,0,0,27,9,25.3,1.7
2025-11-03,S04,SKU020,Household,East,281.2,0,0,20,8,22.34,2.34
2025-11-04,S04,SKU020,Household,East,272.34,0,0,24,4,22.23,1.77
2025-11-05,S04,SKU020,Household,East,282.19,0,0,19,7,22.61,3.61
2025-11-06,S04,SKU020,Household,East,275.29,0,0,20,3,22.46,2.46
2025-11-07,S04,SKU020,Household,East,275.79,0,0,27,6,22.25,4.75
2025-11-08,S04,SKU020,Household,East,273.56,0,0,19,4,24.95,5.95
2025-11-09,S04,SKU020,Household,East,277.75,0,0,16,6,24.8,8.8
2025-11-10,S04,SKU020,Household,East,280.51,0,0,16,4,22.5,6.5
2025-11-11,S04,SKU020,Household,East,280.54,0,0,20,9,22.79,2.79
2025-11-12,S04,SKU020,Household,East,254.13,1,0,34,6,29.25,4.75
2025-11-13,S04,SKU020,Household,East,259.18,1,0,38,7,28.7,9.3
2025-11-14,S04,SKU020,Household,East,274.42,0,0,13,5,24.0,11.0
2025-11-15,S04,SKU020,Household,East,278.69,0,0,30,5,24.04,5.96
2025-11-16,S04,SKU020,Household,East,278.25,0,0,23,2,24.52,1.52
2025-11-17,S04,SKU020,Household,East,281.52,0,0,29,5,23.32,5.68
2025-11-18,S04,SKU020,Household,East,279.63,0,0,22,7,23.46,1.46
2025-11-19,S04,SKU020,Household,East,284.44,0,0,16,8,23.16,7.16
2025-11-20,S04,SKU020,Household,East,274.05,0,0,27,6,22.12,4.88
2025-11-21,S04,SKU020,Household,East,285.33,0,0,17,6,22.58,5.58
2025-11-22,S04,SKU020,Household,East,282.02,0,0,20,6,23.51,3.51
2025-11-23,S04,SKU020,Household,East,280.77,0,0,20,5,23.14,3.14
2025-11-24,S04,SKU020,Household,East,278.81,0,0,25,2,21.56,3.44
2025-11-25,S04,SKU020,Household,East,276.35,0,0,25,7,21.83,3.17
2025-11-26,S04,SKU020,Household,East,278.76,0,0,29,2,22.86,6.14
2025-11-27,S04,SKU020,Household,East,270.89,0,0,31,8,22.67,8.33
2025-11-28,S04,SKU020,Household,East,250.17,1,0,38,7,29.09,8.91
2025-11-29,S04,SKU020,Household,East,277.14,0,0,17,2,24.08,7.08
2025-11-30,S04,SKU020,Household,East,285.71,0,0,23,3,25.09,2.09
2025-12-01,S04,SKU020,Household,East,254.31,1,0,25,8,31.3,6.3
2025-12-02,S04,SKU020,Household,East,279.65,0,0,27,2,23.43,3.57
2025-12-03,S04,SKU020,Household,East,278.52,0,0,21,7,24.23,3.23
2025-12-04,S04,SKU020,Household,East,288.08,0,0,20,6,23.73,3.73
2025-12-05,S04,SKU020,Household,East,274.97,0,0,25,2,23.12,1.88
2025-12-06,S04,SKU020,Household,East,261.49,1,0,33,9,31.71,1.29
2025-12-07,S04,SKU020,Household,East,278.28,0,0,22,2,26.15,4.15
2025-12-08,S04,SKU020,Household,East,277.86,0,0,31,8,24.83,6.17
2025-12-09,S04,SKU020,Household,East,286.24,0,0,23,8,24.36,1.36
2025-12-10,S04,SKU020,Household,East,279.88,0,0,25,6,24.3,0.7
2025-12-11,S04,SKU020,Household,East,280.68,0,0,25,7,25.08,0.08
2025-12-12,S04,SKU020,Household,East,276.5,0,0,28,3,24.63,3.37
2025-12-13,S04,SKU020,Household,East,258.52,1,0,33,2,33.52,0.52
2025-12-14,S04,SKU020,Household,East,272.42,0,0,29,7,26.15,2.85
2025-12-15,S04,SKU020,Household,East,278.7,0,0,26,5,24.01,1.99
2025-12-16,S04,SKU020,Household,East,280.0,0,0,27,5,24.22,2.78
2025-12-17,S04,SKU020,Household,East,282.09,0,0,29,6,24.74,4.26
2025-12-18,S04,SKU020,Household,East,278.79,0,0,16,9,25.45,9.45
2025-12-19,S04,SKU020,Household,East,281.71,0,0,33,7,25.28,7.72
2025-12-20,S04,SKU020,Household,East,274.2,0,0,37,3,27.5,9.5
2025-12-21,S04,SKU020,Household,East,285.53,0,0,40,7,27.1,12.9
2025-12-22,S04,SKU020,Household,East,278.55,0,0,25,4,26.52,1.52
2025-12-23,S04,SKU020,Household,East,276.71,0,0,32,8,26.58,5.42
2025-12-24,S04,SKU020,Household,East,277.74,0,0,28,3,27.08,0.92
2025-12-25,S04,SKU020,Household,East,281.76,0,1,35,4,32.73,2.27
2025-12-26,S04,SKU020,Household,East,251.21,1,0,41,8,36.74,4.26
2025-12-27,S04,SKU020,Household,East,286.56,0,0,24,2,27.79,3.79
2025-12-28,S04,SKU020,Household,East,279.06,0,0,29,3,29.97,0.97
2025-12-29,S04,SKU020,Household,East,276.37,0,0,22,2,26.91,4.91
2025-12-30,S04,SKU020,Household,East,253.51,1,0,39,4,35.22,3.78
2025-12-31,S04,SKU020,Household,East,258.33,1,0,34,7,36.34,2.34
2025-08-13,S05,SKU001,Beverages,Central,363.25,0,0,32,4,33.96,1.96
2025-08-14,S05,SKU001,Beverages,Central,352.7,0,0,34,4,34.26,0.26
2025-08-15,S05,SKU001,Beverages,Central,354.6,0,1,36,2,40.32,4.32
2025-08-16,S05,SKU001,Beverages,Central,357.72,0,0,36,5,37.0,1.0
2025-08-17,S05,SKU001,Beverages,Central,358.4,0,0,30,8,35.45,5.45
2025-08-18,S05,SKU001,Beverages,Central,353.11,0,0,34,8,32.31,1.69
2025-08-19,S05,SKU001,Beverages,Central,336.37,1,0,49,3,42.97,6.03
2025-08-20,S05,SKU001,Beverages,Central,355.34,0,0,38,3,32.35,5.65
2025-08-21,S05,SKU001,Beverages,Central,355.44,0,0,25,8,32.48,7.48
2025-08-22,S05,SKU001,Beverages,Central,349.56,0,0,33,8,32.19,0.81
2025-08-23,S05,SKU001,Beverages,Central,354.43,0,0,37,6,34.74,2.26
2025-08-24,S05,SKU001,Beverages,Central,348.76,0,0,31,9,34.69,3.69
2025-08-25,S05,SKU001,Beverages,Central,356.25,0,0,39,7,32.02,6.98
2025-08-26,S05,SKU001,Beverages,Central,344.36,0,0,37,5,32.1,4.9
2025-08-27,S05,SKU001,Beverages,Central,356.65,0,0,27,8,32.14,5.14
2025-08-28,S05,SKU001,Beverages,Central,354.47,0,0,38,7,32.35,5.65
2025-08-29,S05,SKU001,Beverages,Central,355.66,0,0,38,5,32.59,5.41
2025-08-30,S05,SKU001,Beverages,Central,356.07,0,0,38,6,35.82,2.18
2025-08-31,S05,SKU001,Beverages,Central,359.72,0,0,31,4,36.41,5.41
2025-09-01,S05,SKU001,Beverages,Central,349.63,0,0,41,3,32.78,8.22
2025-09-02,S05,SKU001,Beverages,Central,346.75,0,0,37,8,32.9,4.1
2025-09-03,S05,SKU001,Beverages,Central,360.27,0,0,34,7,32.6,1.4
2025-09-04,S05,SKU001,Beverages,Central,352.17,0,0,40,8,32.43,7.57
2025-09-05,S05,SKU001,Beverages,Central,358.13,0,0,38,4,32.53,5.47
2025-09-06,S05,SKU001,Beverages,Central,328.98,1,0,54,7,46.81,7.19
2025-09-07,S05,SKU001,Beverages,Central,365.34,0,0,43,3,37.17,5.83
2025-09-08,S05,SKU001,Beverages,Central,319.15,1,0,38,6,45.14,7.14
2025-09-09,S05,SKU001,Beverages,Central,355.86,0,0,28,2,34.63,6.63
2025-09-10,S05,SKU001,Beverages,Central,351.52,0,0,30,8,33.83,3.83
2025-09-11,S05,SKU001,Beverages,Central,346.77,0,0,34,2,33.34,0.66
2025-09-12,S05,SKU001,Beverages,Central,350.82,0,0,38,4,32.84,5.16
2025-09-13,S05,SKU001,Beverages,Central,357.56,0,0,27,5,37.02,10.02
2025-09-14,S05,SKU001,Beverages,Central,352.98,0,0,33,2,35.23,2.23
2025-09-15,S05,SKU001,Beverages,Central,351.79,0,0,41,7,32.54,8.46
2025-09-16,S05,SKU001,Beverages,Central,353.95,0,0,30,2,33.04,3.04
2025-09-17,S05,SKU001,Beverages,Central,353.77,0,0,30,8,32.14,2.14
2025-09-18,S05,SKU001,Beverages,Central,354.44,0,0,36,3,31.9,4.1
2025-09-19,S05,SKU001,Beverages,Central,325.9,1,0,45,6,43.02,1.98
2025-09-20,S05,SKU001,Beverages,Central,357.27,0,0,24,5,36.06,12.06
2025-09-21,S05,SKU001,Beverages,Central,359.2,0,0,32,6,35.48,3.48
2025-09-22,S05,SKU001,Beverages,Central,358.7,0,0,36,2,32.94,3.06
2025-09-23,S05,SKU001,Beverages,Central,351.34,0,0,24,8,32.79,8.79
2025-09-24,S05,SKU001,Beverages,Central,356.51,0,0,31,5,32.18,1.18
2025-09-25,S05,SKU001,Beverages,Central,356.03,0,0,31,9,32.3,1.3
2025-09-26,S05,SKU001,Beverages,Central,363.42,0,0,35,8,32.86,2.14
2025-09-27,S05,SKU001,Beverages,Central,359.11,0,0,40,8,35.53,4.47
2025-09-28,S05,SKU001,Beverages,Central,352.45,0,0,33,3,34.87,1.87
2025-09-29,S05,SKU001,Beverages,Central,359.65,0,0,36,5,32.45,3.55
2025-09-30,S05,SKU001,Beverages,Central,360.9,0,0,35,6,32.2,2.8
2025-10-01,S05,SKU001,Beverages,Central,360.23,0,0,28,5,32.53,4.53
2025-10-02,S05,SKU001,Beverages,Central,319.59,1,1,45,2,48.34,3.34
2025-10-03,S05,SKU001,Beverages,Central,352.72,0,0,29,9,33.01,4.01
2025-10-04,S05,SKU001,Beverages,Central,367.54,0,0,43,4,35.04,7.96
2025-10-05,S05,SKU001,Beverages,Central,359.66,0,0,42,7,34.82,7.18
2025-10-06,S05,SKU001,Beverages,Central,362.66,0,0,33,9,32.09,0.91
2025-10-07,S05,SKU001,Beverages,Central,365.51,0,0,33,2,32.04,0.96
2025-10-08,S05,SKU001,Beverages,Central,358.01,0,0,20,9,32.16,12.16
2025-10-09,S05,SKU001,Beverages,Central,357.4,0,0,41,9,32.46,8.54
2025-10-10,S05,SKU001,Beverages,Central,358.27,0,0,42,3,31.99,10.01
2025-10-11,S05,SKU001,Beverages,Central,353.37,0,0,43,5,34.48,8.52
2025-10-12,S05,SKU001,Beverages,Central,363.16,0,0,38,3,35.94,2.06
2025-10-13,S05,SKU001,Beverages,Central,357.9,0,0,37,3,33.28,3.72
2025-10-14,S05,SKU001,Beverages,Central,358.5,0,0,29,8,33.15,4.15
2025-10-15,S05,SKU001,Beverages,Central,357.28,0,0,33,9,33.23,0.23
2025-10-16,S05,SKU001,Beverages,Central,349.26,0,0,32,8,33.26,1.26
2025-10-17,S05,SKU001,Beverages,Central,358.13,0,0,30,7,33.41,3.41
2025-10-18,S05,SKU001,Beverages,Central,348.62,0,0,40,3,34.18,5.82
2025-10-19,S05,SKU001,Beverages,Central,353.11,0,0,39,3,35.29,3.71
2025-10-20,S05,SKU001,Beverages,Central,351.14,0,0,29,7,33.01,4.01
2025-10-21,S05,SKU001,Beverages,Central,350.07,0,0,22,5,32.53,10.53
2025-10-22,S05,SKU001,Beverages,Central,325.56,1,0,40,2,45.18,5.18
2025-10-23,S05,SKU001,Beverages,Central,356.04,0,0,37,9,32.99,4.01
2025-10-24,S05,SKU001,Beverages,Central,358.54,0,0,25,5,33.63,8.63
2025-10-25,S05,SKU001,Beverages,Central,356.56,0,0,45,3,35.81,9.19
2025-10-26,S05,SKU001,Beverages,Central,348.27,0,0,35,2,35.5,0.5
2025-10-27,S05,SKU001,Beverages,Central,355.2,0,0,34,7,33.66,0.34
2025-10-28,S05,SKU001,Beverages,Central,358.59,0,0,31,7,33.99,2.99
2025-10-29,S05,SKU001,Beverages,Central,358.89,0,0,34,4,33.44,0.56
2025-10-30,S05,SKU001,Beverages,Central,359.05,0,0,25,6,33.98,8.98
2025-10-31,S05,SKU001,Beverages,Central,363.18,0,0,35,5,33.37,1.63
2025-11-01,S05,SKU001,Beverages,Central,370.73,0,0,34,6,36.62,2.62
2025-11-02,S05,SKU001,Beverages,Central,324.57,1,0,42,5,46.46,4.46
2025-11-03,S05,SKU001,Beverages,Central,362.25,0,0,31,3,33.27,2.27
2025-11-04,S05,SKU001,Beverages,Central,366.86,0,0,35,3,34.2,0.8
2025-11-05,S05,SKU001,Beverages,Central,357.49,0,0,30,9,33.59,3.59
2025-11-06,S05,SKU001,Beverages,Central,346.19,0,0,37,8,34.19,2.81
2025-11-07,S05,SKU001,Beverages,Central,341.83,0,0,38,8,34.33,3.67
2025-11-08,S05,SKU001,Beverages,Central,364.69,0,0,36,3,36.89,0.89
2025-11-09,S05,SKU001,Beverages,Central,358.54,0,0,38,6,36.29,1.71
2025-11-10,S05,SKU001,Beverages,Central,351.38,0,0,29,7,33.91,4.91
2025-11-11,S05,SKU001,Beverages,Central,362.39,0,0,29,6,33.48,4.48
2025-11-12,S05,SKU001,Beverages,Central,358.89,0,0,38,5,33.83,4.17
2025-11-13,S05,SKU001,Beverages,Central,356.65,0,0,41,3,33.89,7.11
2025-11-14,S05,SKU001,Beverages,Central,351.85,0,0,34,6,34.26,0.26
2025-11-15,S05,SKU001,Beverages,Central,352.93,0,0,36,6,36.82,0.82
2025-11-16,S05,SKU001,Beverages,Central,359.44,0,0,35,7,36.87,1.87
2025-11-17,S05,SKU001,Beverages,Central,357.97,0,0,41,8,33.73,7.27
2025-11-18,S05,SKU001,Beverages,Central,359.63,0,0,29,5,34.6,5.6
2025-11-19,S05,SKU001,Beverages,Central,330.77,1,0,49,4,44.77,4.23
2025-11-20,S05,SKU001,Beverages,Central,351.64,0,0,35,7,35.12,0.12
2025-11-21,S05,SKU001,Beverages,Central,364.32,0,0,34,6,34.58,0.58
2025-11-22,S05,SKU001,Beverages,Central,328.36,1,0,45,3,48.36,3.36
2025-11-23,S05,SKU001,Beverages,Central,356.69,0,0,32,4,37.74,5.74
2025-11-24,S05,SKU001,Beverages,Central,347.99,0,0,32,4,34.56,2.56
2025-11-25,S05,SKU001,Beverages,Central,332.49,1,0,43,5,45.8,2.8
2025-11-26,S05,SKU001,Beverages,Central,362.74,0,0,29,9,35.55,6.55
2025-11-27,S05,SKU001,Beverages,Central,355.7,0,0,39,8,35.39,3.61
2025-11-28,S05,SKU001,Beverages,Central,347.94,0,0,34,9,35.21,1.21
2025-11-29,S05,SKU001,Beverages,Central,356.19,0,0,37,6,38.53,1.53
2025-11-30,S05,SKU001,Beverages,Central,349.06,0,0,40,4,38.83,1.17
2025-12-01,S05,SKU001,Beverages,Central,352.78,0,0,33,9,35.64,2.64
2025-12-02,S05,SKU001,Beverages,Central,359.06,0,0,35,5,35.6,0.6
2025-12-03,S05,SKU001,Beverages,Central,359.79,0,0,39,6,35.99,3.01
2025-12-04,S05,SKU001,Beverages,Central,348.87,0,0,40,2,36.37,3.63
2025-12-05,S05,SKU001,Beverages,Central,356.29,0,0,40,6,36.38,3.62
2025-12-06,S05,SKU001,Beverages,Central,364.48,0,0,50,5,39.5,10.5
2025-12-07,S05,SKU001,Beverages,Central,329.54,1,0,52,4,51.84,0.16
2025-12-08,S05,SKU001,Beverages,Central,356.99,0,0,31,7,36.84,5.84
2025-12-09,S05,SKU001,Beverages,Central,366.38,0,0,45,3,36.62,8.38
2025-12-10,S05,SKU001,Beverages,Central,347.46,0,0,33,9,38.54,5.54
2025-12-11,S05,SKU001,Beverages,Central,356.61,0,0,31,4,37.94,6.94
2025-12-12,S05,SKU001,Beverages,Central,358.35,0,0,46,2,36.7,9.3
2025-12-13,S05,SKU001,Beverages,Central,359.17,0,0,38,4,39.74,1.74
2025-12-14,S05,SKU001,Beverages,Central,351.43,0,0,33,8,40.49,7.49
2025-12-15,S05,SKU001,Beverages,Central,355.45,0,0,33,5,36.76,3.76
2025-12-16,S05,SKU001,Beverages,Central,351.43,0,0,33,6,36.61,3.61
2025-12-17,S05,SKU001,Beverages,Central,362.05,0,0,35,3,36.86,1.86
2025-12-18,S05,SKU001,Beverages,Central,361.06,0,0,31,6,36.75,5.75
2025-12-19,S05,SKU001,Beverages,Central,354.76,0,0,39,7,36.79,2.21
2025-12-20,S05,SKU001,Beverages,Central,361.1,0,0,32,8,38.82,6.82
2025-12-21,S05,SKU001,Beverages,Central,361.76,0,0,47,2,39.36,7.64
2025-12-22,S05,SKU001,Beverages,Central,329.0,1,0,58,6,49.03,8.97
2025-12-23,S05,SKU001,Beverages,Central,354.12,0,0,43,6,37.74,5.26
2025-12-24,S05,SKU001,Beverages,Central,354.35,0,0,29,7,37.09,8.09
2025-12-25,S05,SKU001,Beverages,Central,362.08,0,1,37,4,44.13,7.13
2025-12-26,S05,SKU001,Beverages,Central,326.14,1,0,45,3,49.77,4.77
2025-12-27,S05,SKU001,Beverages,Central,357.37,0,0,40,3,41.7,1.7
2025-12-28,S05,SKU001,Beverages,Central,354.07,0,0,43,6,41.91,1.09
2025-12-29,S05,SKU001,Beverages,Central,361.78,0,0,41,5,39.04,1.96
2025-12-30,S05,SKU001,Beverages,Central,348.06,0,0,47,5,39.22,7.78
2025-12-31,S05,SKU001,Beverages,Central,355.8,0,0,46,4,39.04,6.96
2025-08-13,S05,SKU002,Snacks,Central,301.94,0,0,54,9,52.98,1.02
2025-08-14,S05,SKU002,Snacks,Central,291.46,0,0,57,4,52.65,4.35
2025-08-15,S05,SKU002,Snacks,Central,267.53,1,1,71,3,75.58,4.58
2025-08-16,S05,SKU002,Snacks,Central,293.58,0,0,50,4,57.7,7.7
2025-08-17,S05,SKU002,Snacks,Central,267.21,1,0,79,6,73.54,5.46
2025-08-18,S05,SKU002,Snacks,Central,305.81,0,0,49,3,52.89,3.89
2025-08-19,S05,SKU002,Snacks,Central,296.72,0,0,56,5,53.15,2.85
2025-08-20,S05,SKU002,Snacks,Central,275.32,1,0,67,7,69.76,2.76
2025-08-21,S05,SKU002,Snacks,Central,269.06,1,0,64,3,70.17,6.17
2025-08-22,S05,SKU002,Snacks,Central,287.24,0,0,47,6,54.26,7.26
2025-08-23,S05,SKU002,Snacks,Central,292.84,0,0,60,6,57.94,2.06
2025-08-24,S05,SKU002,Snacks,Central,301.41,0,0,55,4,55.37,0.37
2025-08-25,S05,SKU002,Snacks,Central,269.48,1,0,69,5,68.9,0.1
2025-08-26,S05,SKU002,Snacks,Central,298.68,0,0,67,8,54.01,12.99
2025-08-27,S05,SKU002,Snacks,Central,293.78,0,0,47,4,54.97,7.97
2025-08-28,S05,SKU002,Snacks,Central,294.46,0,0,54,3,54.09,0.09
2025-08-29,S05,SKU002,Snacks,Central,293.99,0,0,45,9,53.67,8.67
2025-08-30,S05,SKU002,Snacks,Central,276.09,1,0,72,7,74.47,2.47
2025-08-31,S05,SKU002,Snacks,Central,294.17,0,0,62,8,58.24,3.76
2025-09-01,S05,SKU002,Snacks,Central,293.14,0,0,53,3,53.85,0.85
2025-09-02,S05,SKU002,Snacks,Central,301.91,0,0,48,6,55.14,7.14
2025-09-03,S05,SKU002,Snacks,Central,298.25,0,0,54,3,53.22,0.78
2025-09-04,S05,SKU002,Snacks,Central,299.58,0,0,48,9,53.65,5.65
2025-09-05,S05,SKU002,Snacks,Central,290.7,0,0,49,2,52.79,3.79
2025-09-06,S05,SKU002,Snacks,Central,293.97,0,0,51,2,56.71,5.71
2025-09-07,S05,SKU002,Snacks,Central,297.89,0,0,50,3,56.04,6.04
2025-09-08,S05,SKU002,Snacks,Central,294.75,0,0,52,3,52.69,0.69
2025-09-09,S05,SKU002,Snacks,Central,298.75,0,0,56,4,51.68,4.32
2025-09-10,S05,SKU002,Snacks,Central,289.19,0,0,46,7,51.29,5.29
2025-09-11,S05,SKU002,Snacks,Central,292.06,0,0,50,9,50.79,0.79
2025-09-12,S05,SKU002,Snacks,Central,289.97,0,0,52,2,51.1,0.9
2025-09-13,S05,SKU002,Snacks,Central,290.26,0,0,57,9,53.63,3.37
2025-09-14,S05,SKU002,Snacks,Central,294.17,0,0,47,5,55.42,8.42
2025-09-15,S05,SKU002,Snacks,Central,291.04,0,0,46,7,50.2,4.2
2025-09-16,S05,SKU002,Snacks,Central,293.26,0,0,51,8,50.22,0.78
2025-09-17,S05,SKU002,Snacks,Central,295.88,0,0,55,3,50.36,4.64
2025-09-18,S05,SKU002,Snacks,Central,300.26,0,0,53,7,49.45,3.55
2025-09-19,S05,SKU002,Snacks,Central,292.52,0,0,50,4,49.27,0.73
2025-09-20,S05,SKU002,Snacks,Central,295.26,0,0,52,9,53.38,1.38
2025-09-21,S05,SKU002,Snacks,Central,296.46,0,0,56,2,53.21,2.79
2025-09-22,S05,SKU002,Snacks,Central,292.53,0,0,57,2,49.36,7.64
2025-09-23,S05,SKU002,Snacks,Central,278.85,1,0,66,5,66.45,0.45
2025-09-24,S05,SKU002,Snacks,Central,272.12,1,0,65,7,66.62,1.62
2025-09-25,S05,SKU002,Snacks,Central,294.94,0,0,41,3,50.36,9.36
2025-09-26,S05,SKU002,Snacks,Central,283.26,0,0,53,9,49.45,3.55
2025-09-27,S05,SKU002,Snacks,Central,293.3,0,0,49,7,54.38,5.38
2025-09-28,S05,SKU002,Snacks,Central,290.28,0,0,51,7,53.07,2.07
2025-09-29,S05,SKU002,Snacks,Central,292.4,0,0,52,7,48.85,3.15
2025-09-30,S05,SKU002,Snacks,Central,309.94,0,0,51,2,48.45,2.55
2025-10-01,S05,SKU002,Snacks,Central,296.77,0,0,49,4,48.38,0.62
2025-10-02,S05,SKU002,Snacks,Central,295.8,0,1,50,3,56.39,6.39
2025-10-03,S05,SKU002,Snacks,Central,296.57,0,0,52,2,49.12,2.88
2025-10-04,S05,SKU002,Snacks,Central,301.08,0,0,54,2,53.0,1.0
2025-10-05,S05,SKU002,Snacks,Central,295.62,0,0,48,9,52.74,4.74
2025-10-06,S05,SKU002,Snacks,Central,290.59,0,0,50,3,48.93,1.07
2025-10-07,S05,SKU002,Snacks,Central,298.79,0,0,44,8,48.93,4.93
2025-10-08,S05,SKU002,Snacks,Central,295.15,0,0,55,5,48.34,6.66
2025-10-09,S05,SKU002,Snacks,Central,299.75,0,0,49,4,48.75,0.25
2025-10-10,S05,SKU002,Snacks,Central,287.7,0,0,47,3,49.09,2.09
2025-10-11,S05,SKU002,Snacks,Central,267.48,1,0,76,5,69.94,6.06
2025-10-12,S05,SKU002,Snacks,Central,295.8,0,0,60,6,52.38,7.62
2025-10-13,S05,SKU002,Snacks,Central,292.27,0,0,54,9,50.35,3.65
2025-10-14,S05,SKU002,Snacks,Central,294.54,0,0,46,7,50.57,4.57
2025-10-15,S05,SKU002,Snacks,Central,288.7,0,0,44,7,50.47,6.47
2025-10-16,S05,SKU002,Snacks,Central,289.62,0,0,52,9,49.86,2.14
2025-10-17,S05,SKU002,Snacks,Central,295.33,0,0,53,7,50.06,2.94
2025-10-18,S05,SKU002,Snacks,Central,272.12,1,0,73,5,70.25,2.75
2025-10-19,S05,SKU002,Snacks,Central,295.04,0,0,58,5,54.79,3.21
2025-10-20,S05,SKU002,Snacks,Central,300.85,0,0,46,8,50.68,4.68
2025-10-21,S05,SKU002,Snacks,Central,270.31,1,0,69,7,66.28,2.72
2025-10-22,S05,SKU002,Snacks,Central,272.89,1,0,73,9,67.79,5.21
2025-10-23,S05,SKU002,Snacks,Central,304.81,0,0,49,7,50.29,1.29
2025-10-24,S05,SKU002,Snacks,Central,290.83,0,0,50,3,50.72,0.72
2025-10-25,S05,SKU002,Snacks,Central,299.66,0,0,52,8,54.32,2.32
2025-10-26,S05,SKU002,Snacks,Central,294.83,0,0,58,9,55.45,2.55
2025-10-27,S05,SKU002,Snacks,Central,292.84,0,0,59,9,52.64,6.36
2025-10-28,S05,SKU002,Snacks,Central,295.11,0,0,53,5,52.05,0.95
2025-10-29,S05,SKU002,Snacks,Central,297.09,0,0,56,7,52.16,3.84
2025-10-30,S05,SKU002,Snacks,Central,299.66,0,0,45,5,51.94,6.94
2025-10-31,S05,SKU002,Snacks,Central,296.38,0,0,49,9,52.0,3.0
2025-11-01,S05,SKU002,Snacks,Central,297.09,0,0,45,6,56.69,11.69
2025-11-02,S05,SKU002,Snacks,Central,297.87,0,0,52,6,56.37,4.37
2025-11-03,S05,SKU002,Snacks,Central,296.23,0,0,54,8,52.76,1.24
2025-11-04,S05,SKU002,Snacks,Central,290.43,0,0,58,6,52.74,5.26
2025-11-05,S05,SKU002,Snacks,Central,300.3,0,0,52,5,52.75,0.75
2025-11-06,S05,SKU002,Snacks,Central,289.64,0,0,48,2,52.27,4.27
2025-11-07,S05,SKU002,Snacks,Central,294.45,0,0,61,8,52.12,8.88
2025-11-08,S05,SKU002,Snacks,Central,299.44,0,0,56,7,57.38,1.38
2025-11-09,S05,SKU002,Snacks,Central,295.96,0,0,62,3,56.56,5.44
2025-11-10,S05,SKU002,Snacks,Central,295.77,0,0,51,2,53.8,2.8
2025-11-11,S05,SKU002,Snacks,Central,292.18,0,0,48,3,53.47,5.47
2025-11-12,S05,SKU002,Snacks,Central,292.69,0,0,59,5,53.02,5.98
2025-11-13,S05,SKU002,Snacks,Central,269.81,1,0,76,5,69.81,6.19
2025-11-14,S05,SKU002,Snacks,Central,294.64,0,0,58,7,54.38,3.62
2025-11-15,S05,SKU002,Snacks,Central,298.35,0,0,59,3,60.07,1.07
2025-11-16,S05,SKU002,Snacks,Central,296.28,0,0,59,7,58.65,0.35
2025-11-17,S05,SKU002,Snacks,Central,300.63,0,0,55,4,55.08,0.08
2025-11-18,S05,SKU002,Snacks,Central,301.77,0,0,56,3,54.61,1.39
2025-11-19,S05,SKU002,Snacks,Central,289.99,0,0,56,4,55.44,0.56
2025-11-20,S05,SKU002,Snacks,Central,274.94,1,0,72,5,69.3,2.7
2025-11-21,S05,SKU002,Snacks,Central,273.28,1,0,72,9,71.52,0.48
2025-11-22,S05,SKU002,Snacks,Central,295.61,0,0,57,6,59.87,2.87
2025-11-23,S05,SKU002,Snacks,Central,293.12,0,0,62,5,61.18,0.82
2025-11-24,S05,SKU002,Snacks,Central,297.4,0,0,47,3,56.74,9.74
2025-11-25,S05,SKU002,Snacks,Central,268.82,1,0,71,6,71.49,0.49
2025-11-26,S05,SKU002,Snacks,Central,291.09,0,0,57,9,56.88,0.12
2025-11-27,S05,SKU002,Snacks,Central,298.51,0,0,57,2,54.23,2.77
2025-11-28,S05,SKU002,Snacks,Central,292.39,0,0,58,2,56.2,1.8
2025-11-29,S05,SKU002,Snacks,Central,268.85,1,0,84,5,78.7,5.3
2025-11-30,S05,SKU002,Snacks,Central,294.12,0,0,60,6,63.16,3.16
2025-12-01,S05,SKU002,Snacks,Central,289.04,0,0,58,5,58.73,0.73
2025-12-02,S05,SKU002,Snacks,Central,287.51,0,0,57,3,58.99,1.99
2025-12-03,S05,SKU002,Snacks,Central,287.42,0,0,51,5,59.17,8.17
2025-12-04,S05,SKU002,Snacks,Central,296.49,0,0,47,7,59.25,12.25
2025-12-05,S05,SKU002,Snacks,Central,303.65,0,0,55,3,59.58,4.58
2025-12-06,S05,SKU002,Snacks,Central,301.44,0,0,68,8,62.83,5.17
2025-12-07,S05,SKU002,Snacks,Central,301.08,0,0,64,8,65.48,1.48
2025-12-08,S05,SKU002,Snacks,Central,298.1,0,0,55,6,59.6,4.6
2025-12-09,S05,SKU002,Snacks,Central,296.95,0,0,58,9,60.25,2.25
2025-12-10,S05,SKU002,Snacks,Central,294.81,0,0,48,2,61.6,13.6
2025-12-11,S05,SKU002,Snacks,Central,297.34,0,0,60,3,62.51,2.51
2025-12-12,S05,SKU002,Snacks,Central,292.91,0,0,59,3,59.94,0.94
2025-12-13,S05,SKU002,Snacks,Central,298.28,0,0,67,6,63.86,3.14
2025-12-14,S05,SKU002,Snacks,Central,297.32,0,0,57,8,64.12,7.12
2025-12-15,S05,SKU002,Snacks,Central,299.1,0,0,45,6,59.7,14.7
2025-12-16,S05,SKU002,Snacks,Central,300.67,0,0,62,9,59.93,2.07
2025-12-17,S05,SKU002,Snacks,Central,266.04,1,0,79,3,75.71,3.29
2025-12-18,S05,SKU002,Snacks,Central,293.46,0,0,56,9,58.47,2.47
2025-12-19,S05,SKU002,Snacks,Central,296.78,0,0,63,8,58.81,4.19
2025-12-20,S05,SKU002,Snacks,Central,295.13,0,0,65,7,63.24,1.76
2025-12-21,S05,SKU002,Snacks,Central,298.46,0,0,60,8,64.37,4.37
2025-12-22,S05,SKU002,Snacks,Central,293.13,0,0,57,6,58.59,1.59
2025-12-23,S05,SKU002,Snacks,Central,296.97,0,0,57,8,59.88,2.88
2025-12-24,S05,SKU002,Snacks,Central,290.97,0,0,65,8,57.85,7.15
2025-12-25,S05,SKU002,Snacks,Central,292.98,0,1,78,6,68.5,9.5
2025-12-26,S05,SKU002,Snacks,Central,294.06,0,0,63,9,59.58,3.42
2025-12-27,S05,SKU002,Snacks,Central,270.07,1,0,90,2,82.8,7.2
2025-12-28,S05,SKU002,Snacks,Central,296.98,0,0,71,7,65.25,5.75
2025-12-29,S05,SKU002,Snacks,Central,297.9,0,0,60,3,60.14,0.14
2025-12-30,S05,SKU002,Snacks,Central,305.91,0,0,57,6,61.53,4.53
2025-12-31,S05,SKU002,Snacks,Central,299.09,0,0,51,3,60.8,9.8
2025-08-13,S05,SKU003,Personal Care,Central,319.63,0,0,62,9,66.46,4.46
2025-08-14,S05,SKU003,Personal Care,Central,320.07,0,0,65,6,65.86,0.86
2025-08-15,S05,SKU003,Personal Care,Central,317.69,0,1,67,5,75.29,8.29
2025-08-16,S05,SKU003,Personal Care,Central,319.98,0,0,65,7,70.98,5.98
2025-08-17,S05,SKU003,Personal Care,Central,303.96,0,0,71,4,70.38,0.62
2025-08-18,S05,SKU003,Personal Care,Central,312.32,0,0,61,4,64.86,3.86
2025-08-19,S05,SKU003,Personal Care,Central,292.79,1,0,80,3,83.32,3.32
2025-08-20,S05,SKU003,Personal Care,Central,291.6,1,0,78,7,83.6,5.6
2025-08-21,S05,SKU003,Personal Care,Central,321.11,0,0,55,8,64.95,9.95
2025-08-22,S05,SKU003,Personal Care,Central,298.11,1,0,87,3,84.29,2.71
2025-08-23,S05,SKU003,Personal Care,Central,325.48,0,0,56,4,69.19,13.19
2025-08-24,S05,SKU003,Personal Care,Central,297.72,1,0,88,3,89.09,1.09
2025-08-25,S05,SKU003,Personal Care,Central,323.23,0,0,64,2,63.52,0.48
2025-08-26,S05,SKU003,Personal Care,Central,288.34,1,0,77,7,85.18,8.18
2025-08-27,S05,SKU003,Personal Care,Central,313.96,0,0,62,4,63.37,1.37
2025-08-28,S05,SKU003,Personal Care,Central,319.36,0,0,56,3,64.31,8.31
2025-08-29,S05,SKU003,Personal Care,Central,324.9,0,0,61,9,62.31,1.31
2025-08-30,S05,SKU003,Personal Care,Central,321.67,0,0,69,9,66.61,2.39
2025-08-31,S05,SKU003,Personal Care,Central,324.0,0,0,62,9,66.63,4.63
2025-09-01,S05,SKU003,Personal Care,Central,322.22,0,0,64,8,61.15,2.85
2025-09-02,S05,SKU003,Personal Care,Central,314.12,0,0,62,3,60.16,1.84
2025-09-03,S05,SKU003,Personal Care,Central,313.13,0,0,59,5,61.05,2.05
2025-09-04,S05,SKU003,Personal Care,Central,315.45,0,0,67,3,60.65,6.35
2025-09-05,S05,SKU003,Personal Care,Central,324.64,0,0,64,4,61.25,2.75
2025-09-06,S05,SKU003,Personal Care,Central,313.5,0,0,62,2,65.77,3.77
2025-09-07,S05,SKU003,Personal Care,Central,323.6,0,0,62,6,66.21,4.21
2025-09-08,S05,SKU003,Personal Care,Central,328.15,0,0,56,5,60.89,4.89
2025-09-09,S05,SKU003,Personal Care,Central,290.25,1,0,73,7,78.35,5.35
2025-09-10,S05,SKU003,Personal Care,Central,328.46,0,0,58,9,60.95,2.95
2025-09-11,S05,SKU003,Personal Care,Central,324.54,0,0,67,4,60.84,6.16
2025-09-12,S05,SKU003,Personal Care,Central,301.65,1,0,80,7,78.8,1.2
2025-09-13,S05,SKU003,Personal Care,Central,327.19,0,0,63,2,66.19,3.19
2025-09-14,S05,SKU003,Personal Care,Central,314.3,0,0,63,4,66.25,3.25
2025-09-15,S05,SKU003,Personal Care,Central,319.18,0,0,58,9,61.01,3.01
2025-09-16,S05,SKU003,Personal Care,Central,320.73,0,0,56,9,61.94,5.94
2025-09-17,S05,SKU003,Personal Care,Central,324.6,0,0,69,3,60.38,8.62
2025-09-18,S05,SKU003,Personal Care,Central,321.63,0,0,62,8,59.67,2.33
2025-09-19,S05,SKU003,Personal Care,Central,316.19,0,0,58,3,59.73,1.73
2025-09-20,S05,SKU003,Personal Care,Central,313.97,0,0,67,5,63.03,3.97
2025-09-21,S05,SKU003,Personal Care,Central,316.31,0,0,69,2,63.68,5.32
2025-09-22,S05,SKU003,Personal Care,Central,293.5,1,0,77,9,77.39,0.39
2025-09-23,S05,SKU003,Personal Care,Central,330.25,0,0,55,6,59.55,4.55
2025-09-24,S05,SKU003,Personal Care,Central,316.5,0,0,49,9,59.05,10.05
2025-09-25,S05,SKU003,Personal Care,Central,323.41,0,0,61,8,57.96,3.04
2025-09-26,S05,SKU003,Personal Care,Central,325.36,0,0,59,7,57.95,1.05
2025-09-27,S05,SKU003,Personal Care,Central,318.02,0,0,63,7,63.68,0.68
2025-09-28,S05,SKU003,Personal Care,Central,318.3,0,0,60,3,63.05,3.05
2025-09-29,S05,SKU003,Personal Care,Central,317.01,0,0,55,8,57.23,2.23
2025-09-30,S05,SKU003,Personal Care,Central,299.92,1,0,75,5,75.15,0.15
2025-10-01,S05,SKU003,Personal Care,Central,319.76,0,0,64,6,58.47,5.53
2025-10-02,S05,SKU003,Personal Care,Central,317.14,0,1,63,9,67.26,4.26
2025-10-03,S05,SKU003,Personal Care,Central,324.31,0,0,66,7,59.19,6.81
2025-10-04,S05,SKU003,Personal Care,Central,294.93,1,0,75,8,83.21,8.21
2025-10-05,S05,SKU003,Personal Care,Central,322.96,0,0,59,4,64.02,5.02
2025-10-06,S05,SKU003,Personal Care,Central,296.15,1,0,78,6,78.3,0.3
2025-10-07,S05,SKU003,Personal Care,Central,317.95,0,0,61,9,59.74,1.26
2025-10-08,S05,SKU003,Personal Care,Central,330.29,0,0,60,6,59.65,0.35
2025-10-09,S05,SKU003,Personal Care,Central,316.44,0,0,67,6,60.26,6.74
2025-10-10,S05,SKU003,Personal Care,Central,314.47,0,0,63,2,59.61,3.39
2025-10-11,S05,SKU003,Personal Care,Central,321.75,0,0,60,7,64.44,4.44
2025-10-12,S05,SKU003,Personal Care,Central,294.66,1,0,89,2,83.53,5.47
2025-10-13,S05,SKU003,Personal Care,Central,311.01,0,0,54,2,57.87,3.87
2025-10-14,S05,SKU003,Personal Care,Central,311.87,0,0,69,3,59.01,9.99
2025-10-15,S05,SKU003,Personal Care,Central,319.24,0,0,61,4,60.62,0.38
2025-10-16,S05,SKU003,Personal Care,Central,302.32,1,0,80,8,78.95,1.05
2025-10-17,S05,SKU003,Personal Care,Central,324.7,0,0,57,9,61.44,4.44
2025-10-18,S05,SKU003,Personal Care,Central,295.31,1,0,89,3,85.71,3.29
2025-10-19,S05,SKU003,Personal Care,Central,315.73,0,0,57,6,65.61,8.61
2025-10-20,S05,SKU003,Personal Care,Central,316.64,0,0,66,7,61.34,4.66
2025-10-21,S05,SKU003,Personal Care,Central,313.91,0,0,54,9,61.52,7.52
2025-10-22,S05,SKU003,Personal Care,Central,309.69,0,0,58,3,61.22,3.22
2025-10-23,S05,SKU003,Personal Care,Central,318.69,0,0,54,5,61.15,7.15
2025-10-24,S05,SKU003,Personal Care,Central,319.0,0,0,63,7,60.37,2.63
2025-10-25,S05,SKU003,Personal Care,Central,326.36,0,0,63,2,63.92,0.92
2025-10-26,S05,SKU003,Personal Care,Central,322.25,0,0,70,9,64.3,5.7
2025-10-27,S05,SKU003,Personal Care,Central,321.15,0,0,54,6,61.09,7.09
2025-10-28,S05,SKU003,Personal Care,Central,319.3,0,0,54,6,60.67,6.67
2025-10-29,S05,SKU003,Personal Care,Central,316.21,0,0,63,3,60.22,2.78
2025-10-30,S05,SKU003,Personal Care,Central,319.28,0,0,60,3,59.84,0.16
2025-10-31,S05,SKU003,Personal Care,Central,327.66,0,0,70,5,60.49,9.51
2025-11-01,S05,SKU003,Personal Care,Central,291.07,1,0,81,5,83.87,2.87
2025-11-02,S05,SKU003,Personal Care,Central,321.09,0,0,57,8,66.28,9.28
2025-11-03,S05,SKU003,Personal Care,Central,319.11,0,0,61,9,62.11,1.11
2025-11-04,S05,SKU003,Personal Care,Central,329.15,0,0,74,5,61.16,12.84
2025-11-05,S05,SKU003,Personal Care,Central,292.96,1,0,82,4,79.83,2.17
2025-11-06,S05,SKU003,Personal Care,Central,329.05,0,0,59,2,62.3,3.3
2025-11-07,S05,SKU003,Personal Care,Central,320.52,0,0,51,6,62.8,11.8
2025-11-08,S05,SKU003,Personal Care,Central,292.89,1,0,89,9,84.53,4.47
2025-11-09,S05,SKU003,Personal Care,Central,329.34,0,0,62,6,67.41,5.41
2025-11-10,S05,SKU003,Personal Care,Central,320.89,0,0,61,8,63.23,2.23
2025-11-11,S05,SKU003,Personal Care,Central,318.82,0,0,59,3,63.0,4.0
2025-11-12,S05,SKU003,Personal Care,Central,312.35,0,0,57,6,63.19,6.19
2025-11-13,S05,SKU003,Personal Care,Central,316.56,0,0,59,2,61.96,2.96
2025-11-14,S05,SKU003,Personal Care,Central,298.16,1,0,77,8,79.01,2.01
2025-11-15,S05,SKU003,Personal Care,Central,316.5,0,0,58,3,67.82,9.82
2025-11-16,S05,SKU003,Personal Care,Central,315.38,0,0,69,9,66.41,2.59
2025-11-17,S05,SKU003,Personal Care,Central,325.57,0,0,60,6,62.85,2.85
2025-11-18,S05,SKU003,Personal Care,Central,298.74,1,0,87,7,80.21,6.79
2025-11-19,S05,SKU003,Personal Care,Central,315.76,0,0,60,7,63.31,3.31
2025-11-20,S05,SKU003,Personal Care,Central,295.12,1,0,85,7,81.76,3.24
2025-11-21,S05,SKU003,Personal Care,Central,317.56,0,0,60,3,63.45,3.45
2025-11-22,S05,SKU003,Personal Care,Central,313.34,0,0,65,9,68.93,3.93
2025-11-23,S05,SKU003,Personal Care,Central,314.69,0,0,74,6,70.4,3.6
2025-11-24,S05,SKU003,Personal Care,Central,319.08,0,0,71,5,65.79,5.21
2025-11-25,S05,SKU003,Personal Care,Central,322.19,0,0,62,9,64.28,2.28
2025-11-26,S05,SKU003,Personal Care,Central,320.51,0,0,59,2,65.28,6.28
2025-11-27,S05,SKU003,Personal Care,Central,323.96,0,0,61,3,64.84,3.84
2025-11-28,S05,SKU003,Personal Care,Central,295.57,1,0,88,3,84.07,3.93
2025-11-29,S05,SKU003,Personal Care,Central,321.37,0,0,72,8,68.79,3.21
2025-11-30,S05,SKU003,Personal Care,Central,318.6,0,0,71,5,72.51,1.51
2025-12-01,S05,SKU003,Personal Care,Central,316.72,0,0,64,8,65.73,1.73
2025-12-02,S05,SKU003,Personal Care,Central,319.75,0,0,67,9,66.44,0.56
2025-12-03,S05,SKU003,Personal Care,Central,314.69,0,0,71,5,65.42,5.58
2025-12-04,S05,SKU003,Personal Care,Central,319.2,0,0,61,9,66.22,5.22
2025-12-05,S05,SKU003,Personal Care,Central,322.62,0,0,67,9,64.87,2.13
2025-12-06,S05,SKU003,Personal Care,Central,322.52,0,0,79,3,70.99,8.01
2025-12-07,S05,SKU003,Personal Care,Central,319.09,0,0,65,3,71.59,6.59
2025-12-08,S05,SKU003,Personal Care,Central,293.69,1,0,86,4,86.16,0.16
2025-12-09,S05,SKU003,Personal Care,Central,322.35,0,0,62,8,66.76,4.76
2025-12-10,S05,SKU003,Personal Care,Central,316.4,0,0,75,9,66.52,8.48
2025-12-11,S05,SKU003,Personal Care,Central,313.74,0,0,73,3,67.02,5.98
2025-12-12,S05,SKU003,Personal Care,Central,324.4,0,0,69,7,67.75,1.25
2025-12-13,S05,SKU003,Personal Care,Central,311.46,0,0,76,2,72.5,3.5
2025-12-14,S05,SKU003,Personal Care,Central,312.2,0,0,77,8,73.84,3.16
2025-12-15,S05,SKU003,Personal Care,Central,324.46,0,0,70,8,67.69,2.31
2025-12-16,S05,SKU003,Personal Care,Central,308.71,0,0,60,8,68.66,8.66
2025-12-17,S05,SKU003,Personal Care,Central,312.24,0,0,68,2,67.34,0.66
2025-12-18,S05,SKU003,Personal Care,Central,320.73,0,0,73,9,67.74,5.26
2025-12-19,S05,SKU003,Personal Care,Central,319.67,0,0,69,9,67.38,1.62
2025-12-20,S05,SKU003,Personal Care,Central,325.22,0,0,75,7,72.9,2.1
2025-12-21,S05,SKU003,Personal Care,Central,321.03,0,0,78,9,73.61,4.39
2025-12-22,S05,SKU003,Personal Care,Central,324.0,0,0,69,6,68.04,0.96
2025-12-23,S05,SKU003,Personal Care,Central,295.13,1,0,91,4,89.18,1.82
2025-12-24,S05,SKU003,Personal Care,Central,325.45,0,0,76,2,70.42,5.58
2025-12-25,S05,SKU003,Personal Care,Central,317.54,0,1,80,5,82.57,2.57
2025-12-26,S05,SKU003,Personal Care,Central,320.12,0,0,65,5,71.51,6.51
2025-12-27,S05,SKU003,Personal Care,Central,322.09,0,0,81,2,76.02,4.98
2025-12-28,S05,SKU003,Personal Care,Central,286.62,1,0,99,7,97.58,1.42
2025-12-29,S05,SKU003,Personal Care,Central,324.98,0,0,76,4,72.53,3.47
2025-12-30,S05,SKU003,Personal Care,Central,318.91,0,0,83,8,72.08,10.92
2025-12-31,S05,SKU003,Personal Care,Central,323.74,0,0,73,7,73.26,0.26
2025-08-13,S05,SKU004,Household,Central,79.76,0,0,55,3,54.97,0.03
2025-08-14,S05,SKU004,Household,Central,79.79,0,0,52,6,55.89,3.89
2025-08-15,S05,SKU004,Household,Central,80.38,0,1,55,5,64.45,9.45
2025-08-16,S05,SKU004,Household,Central,79.26,0,0,64,6,59.64,4.36
2025-08-17,S05,SKU004,Household,Central,81.61,0,0,58,9,59.61,1.61
2025-08-18,S05,SKU004,Household,Central,81.35,0,0,54,9,55.4,1.4
2025-08-19,S05,SKU004,Household,Central,79.84,0,0,56,7,54.76,1.24
2025-08-20,S05,SKU004,Household,Central,81.66,0,0,53,2,54.95,1.95
2025-08-21,S05,SKU004,Household,Central,79.96,0,0,50,9,54.11,4.11
2025-08-22,S05,SKU004,Household,Central,80.12,0,0,51,9,53.92,2.92
2025-08-23,S05,SKU004,Household,Central,82.86,0,0,62,2,57.99,4.01
2025-08-24,S05,SKU004,Household,Central,82.83,0,0,54,5,57.43,3.43
2025-08-25,S05,SKU004,Household,Central,81.64,0,0,53,8,53.79,0.79
2025-08-26,S05,SKU004,Household,Central,83.77,0,0,48,6,52.93,4.93
2025-08-27,S05,SKU004,Household,Central,80.02,0,0,63,6,53.54,9.46
2025-08-28,S05,SKU004,Household,Central,82.38,0,0,57,3,52.33,4.67
2025-08-29,S05,SKU004,Household,Central,81.01,0,0,58,3,52.92,5.08
2025-08-30,S05,SKU004,Household,Central,74.24,1,0,78,9,74.37,3.63
2025-08-31,S05,SKU004,Household,Central,82.1,0,0,58,3,56.83,1.17
2025-09-01,S05,SKU004,Household,Central,81.65,0,0,51,4,52.31,1.31
2025-09-02,S05,SKU004,Household,Central,81.34,0,0,44,4,51.54,7.54
2025-09-03,S05,SKU004,Household,Central,83.52,0,0,51,9,50.99,0.01
2025-09-04,S05,SKU004,Household,Central,80.19,0,0,43,7,51.81,8.81
2025-09-05,S05,SKU004,Household,Central,81.62,0,0,50,3,50.97,0.97
2025-09-06,S05,SKU004,Household,Central,81.7,0,0,59,5,53.33,5.67
2025-09-07,S05,SKU004,Household,Central,73.88,1,0,79,2,72.25,6.75
2025-09-08,S05,SKU004,Household,Central,81.47,0,0,58,6,51.38,6.62
2025-09-09,S05,SKU004,Household,Central,81.47,0,0,46,4,50.69,4.69
2025-09-10,S05,SKU004,Household,Central,71.9,1,0,65,8,68.03,3.03
2025-09-11,S05,SKU004,Household,Central,80.96,0,0,61,8,51.54,9.46
2025-09-12,S05,SKU004,Household,Central,83.7,0,0,53,2,52.2,0.8
2025-09-13,S05,SKU004,Household,Central,80.63,0,0,54,4,54.87,0.87
2025-09-14,S05,SKU004,Household,Central,80.56,0,0,58,6,53.76,4.24
2025-09-15,S05,SKU004,Household,Central,80.32,0,0,50,9,52.57,2.57
2025-09-16,S05,SKU004,Household,Central,82.49,0,0,54,3,51.36,2.64
2025-09-17,S05,SKU004,Household,Central,81.4,0,0,53,9,52.2,0.8
2025-09-18,S05,SKU004,Household,Central,80.99,0,0,52,7,51.73,0.27
2025-09-19,S05,SKU004,Household,Central,82.22,0,0,45,3,51.73,6.73
2025-09-20,S05,SKU004,Household,Central,80.53,0,0,58,4,55.18,2.82
2025-09-21,S05,SKU004,Household,Central,80.78,0,0,60,2,54.81,5.19
2025-09-22,S05,SKU004,Household,Central,81.0,0,0,62,7,51.38,10.62
2025-09-23,S05,SKU004,Household,Central,80.85,0,0,52,3,51.68,0.32
2025-09-24,S05,SKU004,Household,Central,80.46,0,0,51,3,51.83,0.83
2025-09-25,S05,SKU004,Household,Central,81.35,0,0,55,6,51.49,3.51
2025-09-26,S05,SKU004,Household,Central,76.37,1,0,65,4,68.25,3.25
2025-09-27,S05,SKU004,Household,Central,80.13,0,0,50,5,57.14,7.14
2025-09-28,S05,SKU004,Household,Central,82.49,0,0,49,9,55.6,6.6
2025-09-29,S05,SKU004,Household,Central,81.58,0,0,49,4,50.11,1.11
2025-09-30,S05,SKU004,Household,Central,80.65,0,0,53,8,50.7,2.3
2025-10-01,S05,SKU004,Household,Central,81.9,0,0,51,8,51.21,0.21
2025-10-02,S05,SKU004,Household,Central,80.06,0,1,64,2,57.97,6.03
2025-10-03,S05,SKU004,Household,Central,73.82,1,0,64,6,69.13,5.13
2025-10-04,S05,SKU004,Household,Central,81.82,0,0,65,9,55.35,9.65
2025-10-05,S05,SKU004,Household,Central,74.52,1,0,66,7,76.1,10.1
2025-10-06,S05,SKU004,Household,Central,81.79,0,0,46,8,52.33,6.33
2025-10-07,S05,SKU004,Household,Central,80.85,0,0,47,3,52.52,5.52
2025-10-08,S05,SKU004,Household,Central,79.69,0,0,44,3,53.07,9.07
2025-10-09,S05,SKU004,Household,Central,75.06,1,0,74,2,67.73,6.27
2025-10-10,S05,SKU004,Household,Central,78.89,0,0,54,6,50.87,3.13
2025-10-11,S05,SKU004,Household,Central,80.27,0,0,56,4,55.87,0.13
2025-10-12,S05,SKU004,Household,Central,80.43,0,0,58,2,55.15,2.85
2025-10-13,S05,SKU004,Household,Central,81.65,0,0,47,4,51.6,4.6
2025-10-14,S05,SKU004,Household,Central,82.86,0,0,51,7,51.93,0.93
2025-10-15,S05,SKU004,Household,Central,80.77,0,0,47,9,51.79,4.79
2025-10-16,S05,SKU004,Household,Central,81.59,0,0,60,9,50.93,9.07
2025-10-17,S05,SKU004,Household,Central,79.69,0,0,55,8,52.29,2.71
2025-10-18,S05,SKU004,Household,Central,80.79,0,0,56,8,55.92,0.08
2025-10-19,S05,SKU004,Household,Central,81.85,0,0,62,9,55.72,6.28
2025-10-20,S05,SKU004,Household,Central,80.02,0,0,48,8,52.8,4.8
2025-10-21,S05,SKU004,Household,Central,84.57,0,0,59,4,52.23,6.77
2025-10-22,S05,SKU004,Household,Central,80.4,0,0,55,6,52.41,2.59
2025-10-23,S05,SKU004,Household,Central,73.32,1,0,73,9,70.03,2.97
2025-10-24,S05,SKU004,Household,Central,82.02,0,0,54,4,53.57,0.43
2025-10-25,S05,SKU004,Household,Central,80.69,0,0,61,6,56.81,4.19
2025-10-26,S05,SKU004,Household,Central,80.79,0,0,67,3,56.66,10.34
2025-10-27,S05,SKU004,Household,Central,80.23,0,0,61,3,53.38,7.62
2025-10-28,S05,SKU004,Household,Central,81.56,0,0,55,7,53.72,1.28
2025-10-29,S05,SKU004,Household,Central,81.65,0,0,52,7,53.73,1.73
2025-10-30,S05,SKU004,Household,Central,80.48,0,0,49,7,53.95,4.95
2025-10-31,S05,SKU004,Household,Central,79.31,0,0,49,6,55.37,6.37
2025-11-01,S05,SKU004,Household,Central,80.86,0,0,58,2,58.74,0.74
2025-11-02,S05,SKU004,Household,Central,80.68,0,0,57,9,57.56,0.56
2025-11-03,S05,SKU004,Household,Central,80.78,0,0,55,2,53.41,1.59
2025-11-04,S05,SKU004,Household,Central,82.99,0,0,55,3,54.33,0.67
2025-11-05,S05,SKU004,Household,Central,80.8,0,0,50,9,53.66,3.66
2025-11-06,S05,SKU004,Household,Central,80.03,0,0,57,3,54.06,2.94
2025-11-07,S05,SKU004,Household,Central,81.65,0,0,60,2,53.81,6.19
2025-11-08,S05,SKU004,Household,Central,79.18,0,0,59,3,59.01,0.01
2025-11-09,S05,SKU004,Household,Central,81.46,0,0,58,2,58.41,0.41
2025-11-10,S05,SKU004,Household,Central,79.52,0,0,59,4,55.79,3.21
2025-11-11,S05,SKU004,Household,Central,80.49,0,0,57,4,56.57,0.43
2025-11-12,S05,SKU004,Household,Central,79.2,0,0,49,6,56.23,7.23
2025-11-13,S05,SKU004,Household,Central,81.75,0,0,50,8,56.16,6.16
2025-11-14,S05,SKU004,Household,Central,78.95,0,0,56,5,56.03,0.03
2025-11-15,S05,SKU004,Household,Central,79.88,0,0,63,9,59.85,3.15
2025-11-16,S05,SKU004,Household,Central,79.35,0,0,59,4,60.72,1.72
2025-11-17,S05,SKU004,Household,Central,81.18,0,0,53,5,55.91,2.91
2025-11-18,S05,SKU004,Household,Central,73.02,1,0,82,7,71.89,10.11
2025-11-19,S05,SKU004,Household,Central,80.38,0,0,50,4,58.7,8.7
2025-11-20,S05,SKU004,Household,Central,81.24,0,0,52,7,56.51,4.51
2025-11-21,S05,SKU004,Household,Central,80.46,0,0,61,3,56.3,4.7
2025-11-22,S05,SKU004,Household,Central,80.74,0,0,62,2,60.06,1.94
2025-11-23,S05,SKU004,Household,Central,79.71,0,0,67,8,60.44,6.56
2025-11-24,S05,SKU004,Household,Central,80.76,0,0,60,3,56.58,3.42
2025-11-25,S05,SKU004,Household,Central,81.59,0,0,57,7,54.34,2.66
2025-11-26,S05,SKU004,Household,Central,81.42,0,0,65,2,55.83,9.17
2025-11-27,S05,SKU004,Household,Central,81.15,0,0,58,7,56.02,1.98
2025-11-28,S05,SKU004,Household,Central,79.92,0,0,49,2,56.84,7.84
2025-11-29,S05,SKU004,Household,Central,81.07,0,0,64,2,62.22,1.78
2025-11-30,S05,SKU004,Household,Central,81.17,0,0,68,8,61.48,6.52
2025-12-01,S05,SKU004,Household,Central,73.88,1,0,77,9,74.62,2.38
2025-12-02,S05,SKU004,Household,Central,82.28,0,0,56,3,58.24,2.24
2025-12-03,S05,SKU004,Household,Central,74.46,1,0,82,8,74.18,7.82
2025-12-04,S05,SKU004,Household,Central,80.14,0,0,66,3,59.02,6.98
2025-12-05,S05,SKU004,Household,Central,79.03,0,0,61,8,60.83,0.17
2025-12-06,S05,SKU004,Household,Central,82.03,0,0,64,5,65.2,1.2
2025-12-07,S05,SKU004,Household,Central,81.8,0,0,66,5,64.98,1.02
2025-12-08,S05,SKU004,Household,Central,81.16,0,0,67,3,59.73,7.27
2025-12-09,S05,SKU004,Household,Central,82.77,0,0,76,7,60.75,15.25
2025-12-10,S05,SKU004,Household,Central,82.02,0,0,55,6,59.46,4.46
2025-12-11,S05,SKU004,Household,Central,73.86,1,0,82,2,79.12,2.88
2025-12-12,S05,SKU004,Household,Central,80.26,0,0,67,6,61.14,5.86
2025-12-13,S05,SKU004,Household,Central,81.48,0,0,68,8,66.9,1.1
2025-12-14,S05,SKU004,Household,Central,73.83,1,0,82,7,87.84,5.84
2025-12-15,S05,SKU004,Household,Central,80.35,0,0,64,8,63.39,0.61
2025-12-16,S05,SKU004,Household,Central,74.12,1,0,81,9,86.18,5.18
2025-12-17,S05,SKU004,Household,Central,81.01,0,0,59,3,64.34,5.34
2025-12-18,S05,SKU004,Household,Central,81.77,0,0,55,4,62.51,7.51
2025-12-19,S05,SKU004,Household,Central,79.31,0,0,61,5,64.54,3.54
2025-12-20,S05,SKU004,Household,Central,82.91,0,0,72,9,68.17,3.83
2025-12-21,S05,SKU004,Household,Central,81.39,0,0,63,9,68.68,5.68
2025-12-22,S05,SKU004,Household,Central,81.24,0,0,66,6,64.49,1.51
2025-12-23,S05,SKU004,Household,Central,75.59,1,0,84,7,86.74,2.74
2025-12-24,S05,SKU004,Household,Central,80.49,0,0,60,4,65.17,5.17
2025-12-25,S05,SKU004,Household,Central,80.19,0,1,67,9,75.99,8.99
2025-12-26,S05,SKU004,Household,Central,81.44,0,0,70,8,65.39,4.61
2025-12-27,S05,SKU004,Household,Central,81.0,0,0,78,3,71.31,6.69
2025-12-28,S05,SKU004,Household,Central,81.32,0,0,71,2,72.54,1.54
2025-12-29,S05,SKU004,Household,Central,75.2,1,0,84,6,87.78,3.78
2025-12-30,S05,SKU004,Household,Central,80.87,0,0,70,7,64.85,5.15
2025-12-31,S05,SKU004,Household,Central,80.51,0,0,60,5,65.27,5.27
2025-08-13,S05,SKU005,Beverages,Central,437.04,0,0,25,5,17.87,7.13
2025-08-14,S05,SKU005,Beverages,Central,420.11,0,0,15,8,17.59,2.59
2025-08-15,S05,SKU005,Beverages,Central,434.37,0,1,24,2,20.93,3.07
2025-08-16,S05,SKU005,Beverages,Central,394.52,1,0,33,6,26.45,6.55
2025-08-17,S05,SKU005,Beverages,Central,438.05,0,0,25,6,19.6,5.4
2025-08-18,S05,SKU005,Beverages,Central,428.35,0,0,13,8,19.78,6.78
2025-08-19,S05,SKU005,Beverages,Central,424.86,0,0,17,4,18.72,1.72
2025-08-20,S05,SKU005,Beverages,Central,435.4,0,0,18,8,19.19,1.19
2025-08-21,S05,SKU005,Beverages,Central,443.26,0,0,28,4,20.14,7.86
2025-08-22,S05,SKU005,Beverages,Central,421.71,0,0,24,2,20.15,3.85
2025-08-23,S05,SKU005,Beverages,Central,434.84,0,0,6,4,20.63,14.63
2025-08-24,S05,SKU005,Beverages,Central,436.37,0,0,21,5,19.33,1.67
2025-08-25,S05,SKU005,Beverages,Central,436.55,0,0,12,3,18.86,6.86
2025-08-26,S05,SKU005,Beverages,Central,437.96,0,0,18,4,18.61,0.61
2025-08-27,S05,SKU005,Beverages,Central,436.28,0,0,18,5,19.26,1.26
2025-08-28,S05,SKU005,Beverages,Central,445.65,0,0,19,4,18.37,0.63
2025-08-29,S05,SKU005,Beverages,Central,423.95,0,0,27,9,17.35,9.65
2025-08-30,S05,SKU005,Beverages,Central,438.38,0,0,20,4,20.15,0.15
2025-08-31,S05,SKU005,Beverages,Central,432.77,0,0,11,3,19.74,8.74
2025-09-01,S05,SKU005,Beverages,Central,432.21,0,0,23,9,19.21,3.79
2025-09-02,S05,SKU005,Beverages,Central,424.99,0,0,18,5,19.3,1.3
2025-09-03,S05,SKU005,Beverages,Central,427.09,0,0,19,3,19.62,0.62
2025-09-04,S05,SKU005,Beverages,Central,426.07,0,0,10,8,18.17,8.17
2025-09-05,S05,SKU005,Beverages,Central,426.47,0,0,27,8,17.94,9.06
2025-09-06,S05,SKU005,Beverages,Central,392.65,1,0,20,7,25.93,5.93
2025-09-07,S05,SKU005,Beverages,Central,426.38,0,0,19,3,21.33,2.33
2025-09-08,S05,SKU005,Beverages,Central,427.82,0,0,21,3,18.33,2.67
2025-09-09,S05,SKU005,Beverages,Central,427.54,0,0,16,2,18.26,2.26
2025-09-10,S05,SKU005,Beverages,Central,437.51,0,0,14,2,17.89,3.89
2025-09-11,S05,SKU005,Beverages,Central,430.34,0,0,12,3,17.74,5.74
2025-09-12,S05,SKU005,Beverages,Central,432.51,0,0,16,5,18.14,2.14
2025-09-13,S05,SKU005,Beverages,Central,434.31,0,0,26,2,17.26,8.74
2025-09-14,S05,SKU005,Beverages,Central,442.33,0,0,14,4,18.05,4.05
2025-09-15,S05,SKU005,Beverages,Central,434.29,0,0,13,2,17.18,4.18
2025-09-16,S05,SKU005,Beverages,Central,431.96,0,0,19,3,17.34,1.66
2025-09-17,S05,SKU005,Beverages,Central,426.18,0,0,11,6,17.48,6.48
2025-09-18,S05,SKU005,Beverages,Central,423.72,0,0,27,8,16.39,10.61
2025-09-19,S05,SKU005,Beverages,Central,439.77,0,0,25,6,17.34,7.66
2025-09-20,S05,SKU005,Beverages,Central,433.47,0,0,8,2,20.84,12.84
2025-09-21,S05,SKU005,Beverages,Central,434.28,0,0,15,2,17.47,2.47
2025-09-22,S05,SKU005,Beverages,Central,436.85,0,0,17,2,16.56,0.44
2025-09-23,S05,SKU005,Beverages,Central,420.55,0,0,22,7,17.76,4.24
2025-09-24,S05,SKU005,Beverages,Central,429.51,0,0,22,8,17.92,4.08
2025-09-25,S05,SKU005,Beverages,Central,419.57,0,0,3,5,17.93,14.93
2025-09-26,S05,SKU005,Beverages,Central,437.19,0,0,13,3,17.59,4.59
2025-09-27,S05,SKU005,Beverages,Central,430.03,0,0,26,8,16.82,9.18
2025-09-28,S05,SKU005,Beverages,Central,396.31,1,0,22,6,22.49,0.49
2025-09-29,S05,SKU005,Beverages,Central,430.07,0,0,19,2,18.03,0.97
2025-09-30,S05,SKU005,Beverages,Central,428.72,0,0,12,6,17.88,5.88
2025-10-01,S05,SKU005,Beverages,Central,425.98,0,0,24,6,16.98,7.02
2025-10-02,S05,SKU005,Beverages,Central,389.55,1,1,25,5,20.6,4.4
2025-10-03,S05,SKU005,Beverages,Central,433.32,0,0,20,3,17.73,2.27
2025-10-04,S05,SKU005,Beverages,Central,439.37,0,0,16,2,18.18,2.18
2025-10-05,S05,SKU005,Beverages,Central,432.7,0,0,25,9,18.86,6.14
2025-10-06,S05,SKU005,Beverages,Central,402.0,1,0,31,4,22.92,8.08
2025-10-07,S05,SKU005,Beverages,Central,436.11,0,0,16,8,16.57,0.57
2025-10-08,S05,SKU005,Beverages,Central,422.44,0,0,23,6,16.96,6.04
2025-10-09,S05,SKU005,Beverages,Central,435.04,0,0,15,4,17.87,2.87
2025-10-10,S05,SKU005,Beverages,Central,425.4,0,0,23,7,17.66,5.34
2025-10-11,S05,SKU005,Beverages,Central,434.61,0,0,27,7,18.97,8.03
2025-10-12,S05,SKU005,Beverages,Central,441.24,0,0,20,3,18.09,1.91
2025-10-13,S05,SKU005,Beverages,Central,419.85,0,0,22,6,17.77,4.23
2025-10-14,S05,SKU005,Beverages,Central,404.61,1,0,25,4,24.06,0.94
2025-10-15,S05,SKU005,Beverages,Central,453.27,0,0,18,4,18.64,0.64
2025-10-16,S05,SKU005,Beverages,Central,450.07,0,0,14,9,17.44,3.44
2025-10-17,S05,SKU005,Beverages,Central,427.5,0,0,19,8,18.47,0.53
2025-10-18,S05,SKU005,Beverages,Central,428.82,0,0,23,4,19.23,3.77
2025-10-19,S05,SKU005,Beverages,Central,437.98,0,0,26,9,19.84,6.16
2025-10-20,S05,SKU005,Beverages,Central,438.46,0,0,20,6,19.63,0.37
2025-10-21,S05,SKU005,Beverages,Central,421.62,0,0,7,6,19.66,12.66
2025-10-22,S05,SKU005,Beverages,Central,431.21,0,0,14,2,17.81,3.81
2025-10-23,S05,SKU005,Beverages,Central,422.15,0,0,18,4,20.82,2.82
2025-10-24,S05,SKU005,Beverages,Central,430.88,0,0,18,3,18.63,0.63
2025-10-25,S05,SKU005,Beverages,Central,441.84,0,0,13,7,20.5,7.5
2025-10-26,S05,SKU005,Beverages,Central,424.91,0,0,26,8,19.3,6.7
2025-10-27,S05,SKU005,Beverages,Central,441.01,0,0,20,6,17.49,2.51
2025-10-28,S05,SKU005,Beverages,Central,432.3,0,0,19,3,18.89,0.11
2025-10-29,S05,SKU005,Beverages,Central,445.37,0,0,23,4,19.93,3.07
2025-10-30,S05,SKU005,Beverages,Central,427.86,0,0,22,2,19.72,2.28
2025-10-31,S05,SKU005,Beverages,Central,439.35,0,0,17,6,18.47,1.47
2025-11-01,S05,SKU005,Beverages,Central,437.17,0,0,21,5,18.61,2.39
2025-11-02,S05,SKU005,Beverages,Central,426.37,0,0,15,3,21.32,6.32
2025-11-03,S05,SKU005,Beverages,Central,409.51,1,0,15,9,27.04,12.04
2025-11-04,S05,SKU005,Beverages,Central,432.28,0,0,22,5,17.85,4.15
2025-11-05,S05,SKU005,Beverages,Central,430.62,0,0,20,2,18.61,1.39
2025-11-06,S05,SKU005,Beverages,Central,441.66,0,0,7,3,18.74,11.74
2025-11-07,S05,SKU005,Beverages,Central,439.78,0,0,16,8,17.67,1.67
2025-11-08,S05,SKU005,Beverages,Central,387.05,1,0,27,8,26.91,0.09
2025-11-09,S05,SKU005,Beverages,Central,439.08,0,0,22,6,19.85,2.15
2025-11-10,S05,SKU005,Beverages,Central,427.73,0,0,16,4,18.99,2.99
2025-11-11,S05,SKU005,Beverages,Central,435.36,0,0,30,8,18.59,11.41
2025-11-12,S05,SKU005,Beverages,Central,401.1,1,0,28,9,24.68,3.32
2025-11-13,S05,SKU005,Beverages,Central,421.66,0,0,16,2,19.29,3.29
2025-11-14,S05,SKU005,Beverages,Central,432.46,0,0,22,3,18.66,3.34
2025-11-15,S05,SKU005,Beverages,Central,402.25,1,0,21,8,25.57,4.57
2025-11-16,S05,SKU005,Beverages,Central,442.64,0,0,21,7,19.44,1.56
2025-11-17,S05,SKU005,Beverages,Central,435.67,0,0,20,7,18.63,1.37
2025-11-18,S05,SKU005,Beverages,Central,393.17,1,0,23,9,24.99,1.99
2025-11-19,S05,SKU005,Beverages,Central,431.61,0,0,15,8,19.37,4.37
2025-11-20,S05,SKU005,Beverages,Central,420.26,0,0,11,6,18.83,7.83
2025-11-21,S05,SKU005,Beverages,Central,430.35,0,0,21,3,19.61,1.39
2025-11-22,S05,SKU005,Beverages,Central,424.22,0,0,24,6,20.15,3.85
2025-11-23,S05,SKU005,Beverages,Central,433.25,0,0,23,6,20.21,2.79
2025-11-24,S05,SKU005,Beverages,Central,426.55,0,0,22,2,19.86,2.14
2025-11-25,S05,SKU005,Beverages,Central,435.86,0,0,18,2,19.59,1.59
2025-11-26,S05,SKU005,Beverages,Central,425.28,0,0,21,8,19.99,1.01
2025-11-27,S05,SKU005,Beverages,Central,429.52,0,0,21,3,21.1,0.1
2025-11-28,S05,SKU005,Beverages,Central,437.24,0,0,25,3,19.37,5.63
2025-11-29,S05,SKU005,Beverages,Central,437.62,0,0,23,6,20.58,2.42
2025-11-30,S05,SKU005,Beverages,Central,431.45,0,0,24,3,22.14,1.86
2025-12-01,S05,SKU005,Beverages,Central,428.69,0,0,23,7,21.06,1.94
2025-12-02,S05,SKU005,Beverages,Central,436.32,0,0,23,7,21.48,1.52
2025-12-03,S05,SKU005,Beverages,Central,432.57,0,0,22,7,21.68,0.32
2025-12-04,S05,SKU005,Beverages,Central,405.45,1,0,29,4,27.84,1.16
2025-12-05,S05,SKU005,Beverages,Central,433.1,0,0,21,4,21.5,0.5
2025-12-06,S05,SKU005,Beverages,Central,440.22,0,0,28,6,22.8,5.2
2025-12-07,S05,SKU005,Beverages,Central,436.24,0,0,18,8,23.08,5.08
2025-12-08,S05,SKU005,Beverages,Central,430.39,0,0,9,7,21.41,12.41
2025-12-09,S05,SKU005,Beverages,Central,435.02,0,0,19,4,21.12,2.12
2025-12-10,S05,SKU005,Beverages,Central,432.45,0,0,11,7,20.95,9.95
2025-12-11,S05,SKU005,Beverages,Central,441.08,0,0,13,6,20.61,7.61
2025-12-12,S05,SKU005,Beverages,Central,422.51,0,0,34,2,21.75,12.25
2025-12-13,S05,SKU005,Beverages,Central,440.1,0,0,19,8,22.61,3.61
2025-12-14,S05,SKU005,Beverages,Central,440.08,0,0,17,9,22.45,5.45
2025-12-15,S05,SKU005,Beverages,Central,434.91,0,0,22,4,22.72,0.72
2025-12-16,S05,SKU005,Beverages,Central,440.56,0,0,17,7,20.85,3.85
2025-12-17,S05,SKU005,Beverages,Central,400.83,1,0,30,7,28.25,1.75
2025-12-18,S05,SKU005,Beverages,Central,423.18,0,0,18,3,20.33,2.33
2025-12-19,S05,SKU005,Beverages,Central,429.1,0,0,11,5,20.76,9.76
2025-12-20,S05,SKU005,Beverages,Central,407.6,1,0,37,2,31.18,5.82
2025-12-21,S05,SKU005,Beverages,Central,397.88,1,0,35,3,29.92,5.08
2025-12-22,S05,SKU005,Beverages,Central,432.52,0,0,16,4,20.75,4.75
2025-12-23,S05,SKU005,Beverages,Central,432.35,0,0,25,3,22.87,2.13
2025-12-24,S05,SKU005,Beverages,Central,431.9,0,0,21,7,21.74,0.74
2025-12-25,S05,SKU005,Beverages,Central,439.17,0,1,21,4,25.73,4.73
2025-12-26,S05,SKU005,Beverages,Central,432.65,0,0,31,7,21.8,9.2
2025-12-27,S05,SKU005,Beverages,Central,438.32,0,0,21,8,21.61,0.61
2025-12-28,S05,SKU005,Beverages,Central,430.23,0,0,14,2,22.35,8.35
2025-12-29,S05,SKU005,Beverages,Central,433.81,0,0,25,8,22.6,2.4
2025-12-30,S05,SKU005,Beverages,Central,425.96,0,0,18,8,22.12,4.12
2025-12-31,S05,SKU005,Beverages,Central,442.31,0,0,26,3,21.94,4.06
2025-08-13,S05,SKU006,Snacks,Central,89.65,0,0,24,5,22.63,1.37
2025-08-14,S05,SKU006,Snacks,Central,91.19,0,0,27,6,23.02,3.98
2025-08-15,S05,SKU006,Snacks,Central,88.9,0,1,27,2,28.52,1.52
2025-08-16,S05,SKU006,Snacks,Central,81.77,1,0,31,2,32.31,1.31
2025-08-17,S05,SKU006,Snacks,Central,90.67,0,0,20,5,24.83,4.83
2025-08-18,S05,SKU006,Snacks,Central,89.31,0,0,24,8,22.69,1.31
2025-08-19,S05,SKU006,Snacks,Central,87.33,0,0,27,3,22.63,4.37
2025-08-20,S05,SKU006,Snacks,Central,81.62,1,0,27,8,29.26,2.26
2025-08-21,S05,SKU006,Snacks,Central,89.54,0,0,18,2,23.16,5.16
2025-08-22,S05,SKU006,Snacks,Central,90.87,0,0,25,4,23.09,1.91
2025-08-23,S05,SKU006,Snacks,Central,89.83,0,0,27,6,24.71,2.29
2025-08-24,S05,SKU006,Snacks,Central,81.76,1,0,40,3,31.67,8.33
2025-08-25,S05,SKU006,Snacks,Central,91.05,0,0,16,8,24.01,8.01
2025-08-26,S05,SKU006,Snacks,Central,87.48,0,0,24,3,23.02,0.98
2025-08-27,S05,SKU006,Snacks,Central,83.23,1,0,38,6,30.85,7.15
2025-08-28,S05,SKU006,Snacks,Central,90.2,0,0,9,6,24.11,15.11
2025-08-29,S05,SKU006,Snacks,Central,88.59,0,0,15,9,22.96,7.96
2025-08-30,S05,SKU006,Snacks,Central,83.59,1,0,27,4,32.0,5.0
2025-08-31,S05,SKU006,Snacks,Central,91.32,0,0,31,8,25.16,5.84
2025-09-01,S05,SKU006,Snacks,Central,88.21,0,0,18,9,22.95,4.95
2025-09-02,S05,SKU006,Snacks,Central,89.51,0,0,19,3,22.46,3.46
2025-09-03,S05,SKU006,Snacks,Central,89.39,0,0,21,8,22.25,1.25
2025-09-04,S05,SKU006,Snacks,Central,89.91,0,0,23,9,21.02,1.98
2025-09-05,S05,SKU006,Snacks,Central,90.98,0,0,24,3,22.74,1.26
2025-09-06,S05,SKU006,Snacks,Central,90.25,0,0,25,2,23.67,1.33
2025-09-07,S05,SKU006,Snacks,Central,89.92,0,0,22,8,24.32,2.32
2025-09-08,S05,SKU006,Snacks,Central,89.41,0,0,25,4,21.34,3.66
2025-09-09,S05,SKU006,Snacks,Central,90.72,0,0,24,5,22.07,1.93
2025-09-10,S05,SKU006,Snacks,Central,89.82,0,0,21,5,22.18,1.18
2025-09-11,S05,SKU006,Snacks,Central,90.94,0,0,21,9,21.85,0.85
2025-09-12,S05,SKU006,Snacks,Central,92.49,0,0,21,5,21.86,0.86
2025-09-13,S05,SKU006,Snacks,Central,88.6,0,0,21,3,23.11,2.11
2025-09-14,S05,SKU006,Snacks,Central,88.96,0,0,36,8,23.28,12.72
2025-09-15,S05,SKU006,Snacks,Central,88.6,0,0,20,3,21.57,1.57
2025-09-16,S05,SKU006,Snacks,Central,89.5,0,0,15,9,21.71,6.71
2025-09-17,S05,SKU006,Snacks,Central,87.54,0,0,24,2,21.13,2.87
2025-09-18,S05,SKU006,Snacks,Central,90.56,0,0,19,8,21.39,2.39
2025-09-19,S05,SKU006,Snacks,Central,88.77,0,0,31,3,21.26,9.74
2025-09-20,S05,SKU006,Snacks,Central,87.83,0,0,28,4,23.17,4.83
2025-09-21,S05,SKU006,Snacks,Central,88.12,0,0,18,4,22.79,4.79
2025-09-22,S05,SKU006,Snacks,Central,87.65,0,0,26,7,20.07,5.93
2025-09-23,S05,SKU006,Snacks,Central,88.27,0,0,28,3,20.95,7.05
2025-09-24,S05,SKU006,Snacks,Central,89.83,0,0,20,5,21.73,1.73
2025-09-25,S05,SKU006,Snacks,Central,92.58,0,0,14,2,20.86,6.86
2025-09-26,S05,SKU006,Snacks,Central,89.86,0,0,16,6,20.31,4.31
2025-09-27,S05,SKU006,Snacks,Central,89.32,0,0,23,5,21.95,1.05
2025-09-28,S05,SKU006,Snacks,Central,87.87,0,0,25,3,21.69,3.31
2025-09-29,S05,SKU006,Snacks,Central,90.19,0,0,18,9,20.57,2.57
2025-09-30,S05,SKU006,Snacks,Central,89.31,0,0,13,9,20.5,7.5
2025-10-01,S05,SKU006,Snacks,Central,91.92,0,0,22,8,20.05,1.95
2025-10-02,S05,SKU006,Snacks,Central,87.86,0,1,25,9,23.17,1.83
2025-10-03,S05,SKU006,Snacks,Central,90.94,0,0,26,8,20.22,5.78
2025-10-04,S05,SKU006,Snacks,Central,89.7,0,0,24,6,21.84,2.16
2025-10-05,S05,SKU006,Snacks,Central,89.73,0,0,21,6,21.68,0.68
2025-10-06,S05,SKU006,Snacks,Central,89.96,0,0,20,6,19.95,0.05
2025-10-07,S05,SKU006,Snacks,Central,88.94,0,0,23,9,20.33,2.67
2025-10-08,S05,SKU006,Snacks,Central,89.95,0,0,22,3,20.66,1.34
2025-10-09,S05,SKU006,Snacks,Central,90.5,0,0,20,6,20.61,0.61
2025-10-10,S05,SKU006,Snacks,Central,91.38,0,0,29,7,20.74,8.26
2025-10-11,S05,SKU006,Snacks,Central,87.88,0,0,28,8,21.9,6.1
2025-10-12,S05,SKU006,Snacks,Central,87.4,0,0,13,8,21.77,8.77
2025-10-13,S05,SKU006,Snacks,Central,89.28,0,0,25,2,20.44,4.56
2025-10-14,S05,SKU006,Snacks,Central,88.89,0,0,20,2,20.38,0.38
2025-10-15,S05,SKU006,Snacks,Central,81.54,1,0,21,9,26.37,5.37
2025-10-16,S05,SKU006,Snacks,Central,92.43,0,0,23,4,20.22,2.78
2025-10-17,S05,SKU006,Snacks,Central,89.46,0,0,23,8,20.8,2.2
2025-10-18,S05,SKU006,Snacks,Central,88.4,0,0,24,8,21.36,2.64
2025-10-19,S05,SKU006,Snacks,Central,89.43,0,0,18,3,21.42,3.42
2025-10-20,S05,SKU006,Snacks,Central,90.27,0,0,19,9,20.0,1.0
2025-10-21,S05,SKU006,Snacks,Central,89.82,0,0,21,3,20.28,0.72
2025-10-22,S05,SKU006,Snacks,Central,83.43,1,0,24,8,26.81,2.81
2025-10-23,S05,SKU006,Snacks,Central,85.99,0,0,27,9,20.73,6.27
2025-10-24,S05,SKU006,Snacks,Central,89.03,0,0,18,9,20.73,2.73
2025-10-25,S05,SKU006,Snacks,Central,90.48,0,0,15,6,21.72,6.72
2025-10-26,S05,SKU006,Snacks,Central,90.82,0,0,20,7,20.72,0.72
2025-10-27,S05,SKU006,Snacks,Central,90.27,0,0,17,5,20.12,3.12
2025-10-28,S05,SKU006,Snacks,Central,89.23,0,0,29,6,20.59,8.41
2025-10-29,S05,SKU006,Snacks,Central,83.1,1,0,31,4,27.39,3.61
2025-10-30,S05,SKU006,Snacks,Central,92.17,0,0,24,2,21.46,2.54
2025-10-31,S05,SKU006,Snacks,Central,88.64,0,0,17,3,20.81,3.81
2025-11-01,S05,SKU006,Snacks,Central,89.62,0,0,21,9,22.16,1.16
2025-11-02,S05,SKU006,Snacks,Central,88.08,0,0,31,4,22.1,8.9
2025-11-03,S05,SKU006,Snacks,Central,89.85,0,0,24,4,21.4,2.6
2025-11-04,S05,SKU006,Snacks,Central,90.3,0,0,27,7,21.78,5.22
2025-11-05,S05,SKU006,Snacks,Central,89.86,0,0,16,4,21.96,5.96
2025-11-06,S05,SKU006,Snacks,Central,92.46,0,0,17,3,21.42,4.42
2025-11-07,S05,SKU006,Snacks,Central,88.72,0,0,23,2,21.23,1.77
2025-11-08,S05,SKU006,Snacks,Central,89.41,0,0,25,2,22.44,2.56
2025-11-09,S05,SKU006,Snacks,Central,82.02,1,0,28,3,31.22,3.22
2025-11-10,S05,SKU006,Snacks,Central,89.92,0,0,23,3,21.83,1.17
2025-11-11,S05,SKU006,Snacks,Central,92.25,0,0,35,9,21.92,13.08
2025-11-12,S05,SKU006,Snacks,Central,88.38,0,0,25,2,22.24,2.76
2025-11-13,S05,SKU006,Snacks,Central,90.3,0,0,19,6,22.82,3.82
2025-11-14,S05,SKU006,Snacks,Central,91.7,0,0,16,4,22.46,6.46
2025-11-15,S05,SKU006,Snacks,Central,88.93,0,0,12,2,23.26,11.26
2025-11-16,S05,SKU006,Snacks,Central,91.49,0,0,29,3,23.91,5.09
2025-11-17,S05,SKU006,Snacks,Central,90.77,0,0,15,9,21.85,6.85
2025-11-18,S05,SKU006,Snacks,Central,89.91,0,0,20,7,21.14,1.14
2025-11-19,S05,SKU006,Snacks,Central,88.77,0,0,23,8,21.43,1.57
2025-11-20,S05,SKU006,Snacks,Central,87.76,0,0,16,3,21.5,5.5
2025-11-21,S05,SKU006,Snacks,Central,89.46,0,0,32,2,21.7,10.3
2025-11-22,S05,SKU006,Snacks,Central,80.94,1,0,38,4,30.3,7.7
2025-11-23,S05,SKU006,Snacks,Central,90.65,0,0,22,8,24.3,2.3
2025-11-24,S05,SKU006,Snacks,Central,88.73,0,0,27,9,22.99,4.01
2025-11-25,S05,SKU006,Snacks,Central,88.77,0,0,17,2,23.42,6.42
2025-11-26,S05,SKU006,Snacks,Central,81.38,1,0,22,9,30.98,8.98
2025-11-27,S05,SKU006,Snacks,Central,92.99,0,0,18,8,22.91,4.91
2025-11-28,S05,SKU006,Snacks,Central,89.73,0,0,24,4,22.9,1.1
2025-11-29,S05,SKU006,Snacks,Central,90.91,0,0,22,8,22.99,0.99
2025-11-30,S05,SKU006,Snacks,Central,82.7,1,0,43,9,31.93,11.07
2025-12-01,S05,SKU006,Snacks,Central,88.94,0,0,22,8,23.85,1.85
2025-12-02,S05,SKU006,Snacks,Central,91.83,0,0,31,8,23.8,7.2
2025-12-03,S05,SKU006,Snacks,Central,91.86,0,0,27,4,23.3,3.7
2025-12-04,S05,SKU006,Snacks,Central,89.52,0,0,20,5,23.75,3.75
2025-12-05,S05,SKU006,Snacks,Central,88.03,0,0,22,7,24.19,2.19
2025-12-06,S05,SKU006,Snacks,Central,92.2,0,0,26,8,26.35,0.35
2025-12-07,S05,SKU006,Snacks,Central,89.13,0,0,21,6,25.44,4.44
2025-12-08,S05,SKU006,Snacks,Central,89.86,0,0,21,5,23.52,2.52
2025-12-09,S05,SKU006,Snacks,Central,88.28,0,0,22,2,22.16,0.16
2025-12-10,S05,SKU006,Snacks,Central,91.62,0,0,23,7,23.12,0.12
2025-12-11,S05,SKU006,Snacks,Central,89.27,0,0,21,7,23.25,2.25
2025-12-12,S05,SKU006,Snacks,Central,88.49,0,0,34,9,23.48,10.52
2025-12-13,S05,SKU006,Snacks,Central,90.59,0,0,31,7,24.6,6.4
2025-12-14,S05,SKU006,Snacks,Central,90.88,0,0,20,9,27.34,7.34
2025-12-15,S05,SKU006,Snacks,Central,89.39,0,0,28,2,24.92,3.08
2025-12-16,S05,SKU006,Snacks,Central,89.87,0,0,32,8,24.95,7.05
2025-12-17,S05,SKU006,Snacks,Central,93.25,0,0,28,8,23.98,4.02
2025-12-18,S05,SKU006,Snacks,Central,90.42,0,0,21,7,24.4,3.4
2025-12-19,S05,SKU006,Snacks,Central,89.57,0,0,23,3,24.21,1.21
2025-12-20,S05,SKU006,Snacks,Central,88.13,0,0,22,3,25.42,3.42
2025-12-21,S05,SKU006,Snacks,Central,89.69,0,0,25,4,25.34,0.34
2025-12-22,S05,SKU006,Snacks,Central,91.2,0,0,23,2,24.03,1.03
2025-12-23,S05,SKU006,Snacks,Central,90.39,0,0,20,6,24.41,4.41
2025-12-24,S05,SKU006,Snacks,Central,89.25,0,0,29,8,24.21,4.79
2025-12-25,S05,SKU006,Snacks,Central,89.48,0,1,28,3,28.18,0.18
2025-12-26,S05,SKU006,Snacks,Central,91.55,0,0,33,5,25.17,7.83
2025-12-27,S05,SKU006,Snacks,Central,82.24,1,0,40,7,33.67,6.33
2025-12-28,S05,SKU006,Snacks,Central,89.91,0,0,30,7,27.06,2.94
2025-12-29,S05,SKU006,Snacks,Central,91.35,0,0,21,4,24.92,3.92
2025-12-30,S05,SKU006,Snacks,Central,90.4,0,0,23,2,24.57,1.57
2025-12-31,S05,SKU006,Snacks,Central,89.43,0,0,18,2,24.77,6.77
2025-08-13,S05,SKU007,Personal Care,Central,310.37,0,0,77,3,63.15,13.85
2025-08-14,S05,SKU007,Personal Care,Central,286.24,1,0,87,9,82.69,4.31
2025-08-15,S05,SKU007,Personal Care,Central,313.2,0,1,73,8,72.08,0.92
2025-08-16,S05,SKU007,Personal Care,Central,321.99,0,0,66,8,70.06,4.06
2025-08-17,S05,SKU007,Personal Care,Central,318.42,0,0,76,3,69.34,6.66
2025-08-18,S05,SKU007,Personal Care,Central,316.27,0,0,65,3,63.36,1.64
2025-08-19,S05,SKU007,Personal Care,Central,309.5,0,0,59,3,64.51,5.51
2025-08-20,S05,SKU007,Personal Care,Central,292.23,1,0,82,3,81.59,0.41
2025-08-21,S05,SKU007,Personal Care,Central,315.63,0,0,59,2,63.65,4.65
2025-08-22,S05,SKU007,Personal Care,Central,313.7,0,0,57,2,63.43,6.43
2025-08-23,S05,SKU007,Personal Care,Central,313.75,0,0,73,2,68.76,4.24
2025-08-24,S05,SKU007,Personal Care,Central,321.64,0,0,66,9,68.55,2.55
2025-08-25,S05,SKU007,Personal Care,Central,322.56,0,0,53,8,62.3,9.3
2025-08-26,S05,SKU007,Personal Care,Central,316.81,0,0,66,3,62.62,3.38
2025-08-27,S05,SKU007,Personal Care,Central,315.6,0,0,64,7,61.75,2.25
2025-08-28,S05,SKU007,Personal Care,Central,280.87,1,0,88,7,79.08,8.92
2025-08-29,S05,SKU007,Personal Care,Central,308.45,0,0,63,7,61.8,1.2
2025-08-30,S05,SKU007,Personal Care,Central,289.07,1,0,86,6,87.04,1.04
2025-08-31,S05,SKU007,Personal Care,Central,319.5,0,0,59,2,67.3,8.3
2025-09-01,S05,SKU007,Personal Care,Central,309.3,0,0,62,3,61.99,0.01
2025-09-02,S05,SKU007,Personal Care,Central,315.11,0,0,61,2,62.18,1.18
2025-09-03,S05,SKU007,Personal Care,Central,311.39,0,0,57,9,62.16,5.16
2025-09-04,S05,SKU007,Personal Care,Central,313.26,0,0,61,7,60.78,0.22
2025-09-05,S05,SKU007,Personal Care,Central,288.87,1,0,83,5,78.87,4.13
2025-09-06,S05,SKU007,Personal Care,Central,315.7,0,0,65,7,66.02,1.02
2025-09-07,S05,SKU007,Personal Care,Central,289.23,1,0,82,9,86.55,4.55
2025-09-08,S05,SKU007,Personal Care,Central,311.98,0,0,64,2,61.77,2.23
2025-09-09,S05,SKU007,Personal Care,Central,317.72,0,0,64,7,63.33,0.67
2025-09-10,S05,SKU007,Personal Care,Central,313.67,0,0,63,7,63.74,0.74
2025-09-11,S05,SKU007,Personal Care,Central,289.13,1,0,79,5,81.42,2.42
2025-09-12,S05,SKU007,Personal Care,Central,315.24,0,0,50,8,61.94,11.94
2025-09-13,S05,SKU007,Personal Care,Central,286.05,1,0,87,4,86.04,0.96
2025-09-14,S05,SKU007,Personal Care,Central,313.43,0,0,67,6,66.66,0.34
2025-09-15,S05,SKU007,Personal Care,Central,316.23,0,0,58,2,62.39,4.39
2025-09-16,S05,SKU007,Personal Care,Central,287.56,1,0,77,3,80.04,3.04
2025-09-17,S05,SKU007,Personal Care,Central,312.83,0,0,55,6,61.68,6.68
2025-09-18,S05,SKU007,Personal Care,Central,317.73,0,0,66,8,60.73,5.27
2025-09-19,S05,SKU007,Personal Care,Central,313.25,0,0,51,7,60.61,9.61
2025-09-20,S05,SKU007,Personal Care,Central,317.67,0,0,74,5,66.75,7.25
2025-09-21,S05,SKU007,Personal Care,Central,311.43,0,0,62,5,66.26,4.26
2025-09-22,S05,SKU007,Personal Care,Central,311.96,0,0,54,3,61.18,7.18
2025-09-23,S05,SKU007,Personal Care,Central,307.47,0,0,68,5,60.87,7.13
2025-09-24,S05,SKU007,Personal Care,Central,311.9,0,0,56,4,61.38,5.38
2025-09-25,S05,SKU007,Personal Care,Central,314.87,0,0,50,5,61.01,11.01
2025-09-26,S05,SKU007,Personal Care,Central,325.36,0,0,60,8,59.05,0.95
2025-09-27,S05,SKU007,Personal Care,Central,317.24,0,0,64,3,64.24,0.24
2025-09-28,S05,SKU007,Personal Care,Central,306.69,0,0,62,6,63.19,1.19
2025-09-29,S05,SKU007,Personal Care,Central,307.95,0,0,46,2,58.04,12.04
2025-09-30,S05,SKU007,Personal Care,Central,315.5,0,0,56,9,57.69,1.69
2025-10-01,S05,SKU007,Personal Care,Central,318.56,0,0,65,3,59.56,5.44
2025-10-02,S05,SKU007,Personal Care,Central,289.64,1,1,84,6,82.3,1.7
2025-10-03,S05,SKU007,Personal Care,Central,321.84,0,0,60,8,59.66,0.34
2025-10-04,S05,SKU007,Personal Care,Central,310.18,0,0,63,8,63.97,0.97
2025-10-05,S05,SKU007,Personal Care,Central,315.91,0,0,66,2,64.36,1.64
2025-10-06,S05,SKU007,Personal Care,Central,310.34,0,0,52,5,58.24,6.24
2025-10-07,S05,SKU007,Personal Care,Central,317.61,0,0,60,3,59.2,0.8
2025-10-08,S05,SKU007,Personal Care,Central,312.18,0,0,68,9,58.99,9.01
2025-10-09,S05,SKU007,Personal Care,Central,309.27,0,0,64,8,59.65,4.35
2025-10-10,S05,SKU007,Personal Care,Central,320.64,0,0,62,4,57.86,4.14
2025-10-11,S05,SKU007,Personal Care,Central,309.59,0,0,70,5,63.15,6.85
2025-10-12,S05,SKU007,Personal Care,Central,316.84,0,0,60,2,63.6,3.6
2025-10-13,S05,SKU007,Personal Care,Central,316.61,0,0,73,6,57.03,15.97
2025-10-14,S05,SKU007,Personal Care,Central,310.68,0,0,68,9,59.19,8.81
2025-10-15,S05,SKU007,Personal Care,Central,321.06,0,0,61,9,59.24,1.76
2025-10-16,S05,SKU007,Personal Care,Central,318.73,0,0,73,6,58.77,14.23
2025-10-17,S05,SKU007,Personal Care,Central,313.92,0,0,66,7,59.03,6.97
2025-10-18,S05,SKU007,Personal Care,Central,321.18,0,0,74,4,64.07,9.93
2025-10-19,S05,SKU007,Personal Care,Central,317.14,0,0,73,9,64.5,8.5
2025-10-20,S05,SKU007,Personal Care,Central,313.52,0,0,56,3,59.39,3.39
2025-10-21,S05,SKU007,Personal Care,Central,312.81,0,0,65,2,60.36,4.64
2025-10-22,S05,SKU007,Personal Care,Central,317.77,0,0,56,7,60.41,4.41
2025-10-23,S05,SKU007,Personal Care,Central,311.8,0,0,55,6,60.36,5.36
2025-10-24,S05,SKU007,Personal Care,Central,306.94,0,0,63,7,60.16,2.84
2025-10-25,S05,SKU007,Personal Care,Central,288.65,1,0,86,8,84.93,1.07
2025-10-26,S05,SKU007,Personal Care,Central,308.33,0,0,69,9,64.39,4.61
2025-10-27,S05,SKU007,Personal Care,Central,310.52,0,0,62,9,60.93,1.07
2025-10-28,S05,SKU007,Personal Care,Central,314.76,0,0,53,7,62.14,9.14
2025-10-29,S05,SKU007,Personal Care,Central,319.67,0,0,58,8,61.64,3.64
2025-10-30,S05,SKU007,Personal Care,Central,320.47,0,0,61,4,60.94,0.06
2025-10-31,S05,SKU007,Personal Care,Central,305.83,0,0,66,3,60.65,5.35
2025-11-01,S05,SKU007,Personal Care,Central,316.57,0,0,69,3,66.35,2.65
2025-11-02,S05,SKU007,Personal Care,Central,314.64,0,0,63,5,66.74,3.74
2025-11-03,S05,SKU007,Personal Care,Central,300.14,0,0,61,4,60.53,0.47
2025-11-04,S05,SKU007,Personal Care,Central,315.42,0,0,70,6,61.27,8.73
2025-11-05,S05,SKU007,Personal Care,Central,315.52,0,0,58,8,62.02,4.02
2025-11-06,S05,SKU007,Personal Care,Central,315.64,0,0,63,5,61.8,1.2
2025-11-07,S05,SKU007,Personal Care,Central,304.78,0,0,63,2,62.1,0.9
2025-11-08,S05,SKU007,Personal Care,Central,319.62,0,0,66,4,66.49,0.49
2025-11-09,S05,SKU007,Personal Care,Central,314.67,0,0,66,5,67.04,1.04
2025-11-10,S05,SKU007,Personal Care,Central,307.89,0,0,63,6,63.38,0.38
2025-11-11,S05,SKU007,Personal Care,Central,314.33,0,0,57,7,62.49,5.49
2025-11-12,S05,SKU007,Personal Care,Central,318.97,0,0,71,4,62.53,8.47
2025-11-13,S05,SKU007,Personal Care,Central,310.3,0,0,62,3,63.5,1.5
2025-11-14,S05,SKU007,Personal Care,Central,310.01,0,0,67,8,62.95,4.05
2025-11-15,S05,SKU007,Personal Care,Central,296.58,1,0,85,4,86.24,1.24
2025-11-16,S05,SKU007,Personal Care,Central,316.0,0,0,65,9,67.57,2.57
2025-11-17,S05,SKU007,Personal Care,Central,321.52,0,0,59,4,62.72,3.72
2025-11-18,S05,SKU007,Personal Care,Central,322.87,0,0,74,5,63.57,10.43
2025-11-19,S05,SKU007,Personal Care,Central,309.02,0,0,61,6,63.45,2.45
2025-11-20,S05,SKU007,Personal Care,Central,305.68,0,0,69,3,64.25,4.75
2025-11-21,S05,SKU007,Personal Care,Central,309.62,0,0,62,3,65.21,3.21
2025-11-22,S05,SKU007,Personal Care,Central,317.67,0,0,74,8,68.67,5.33
2025-11-23,S05,SKU007,Personal Care,Central,315.12,0,0,70,6,68.71,1.29
2025-11-24,S05,SKU007,Personal Care,Central,317.66,0,0,62,4,64.27,2.27
2025-11-25,S05,SKU007,Personal Care,Central,315.87,0,0,60,5,63.79,3.79
2025-11-26,S05,SKU007,Personal Care,Central,310.06,0,0,61,6,65.23,4.23
2025-11-27,S05,SKU007,Personal Care,Central,310.86,0,0,69,6,65.23,3.77
2025-11-28,S05,SKU007,Personal Care,Central,312.55,0,0,58,3,65.73,7.73
2025-11-29,S05,SKU007,Personal Care,Central,324.27,0,0,78,4,70.16,7.84
2025-11-30,S05,SKU007,Personal Care,Central,313.91,0,0,83,7,70.09,12.91
2025-12-01,S05,SKU007,Personal Care,Central,308.95,0,0,64,6,64.26,0.26
2025-12-02,S05,SKU007,Personal Care,Central,318.39,0,0,63,8,65.58,2.58
2025-12-03,S05,SKU007,Personal Care,Central,315.67,0,0,73,5,65.08,7.92
2025-12-04,S05,SKU007,Personal Care,Central,317.89,0,0,69,2,66.05,2.95
2025-12-05,S05,SKU007,Personal Care,Central,309.17,0,0,72,4,66.0,6.0
2025-12-06,S05,SKU007,Personal Care,Central,314.79,0,0,63,7,71.35,8.35
2025-12-07,S05,SKU007,Personal Care,Central,313.48,0,0,70,5,71.99,1.99
2025-12-08,S05,SKU007,Personal Care,Central,287.39,1,0,87,8,87.19,0.19
2025-12-09,S05,SKU007,Personal Care,Central,314.96,0,0,67,5,66.38,0.62
2025-12-10,S05,SKU007,Personal Care,Central,315.07,0,0,68,5,66.94,1.06
2025-12-11,S05,SKU007,Personal Care,Central,316.39,0,0,67,5,66.95,0.05
2025-12-12,S05,SKU007,Personal Care,Central,309.81,0,0,64,7,66.28,2.28
2025-12-13,S05,SKU007,Personal Care,Central,312.02,0,0,76,3,72.94,3.06
2025-12-14,S05,SKU007,Personal Care,Central,282.1,1,0,89,9,90.24,1.24
2025-12-15,S05,SKU007,Personal Care,Central,323.29,0,0,69,6,66.69,2.31
2025-12-16,S05,SKU007,Personal Care,Central,308.67,0,0,72,7,67.62,4.38
2025-12-17,S05,SKU007,Personal Care,Central,307.34,0,0,79,8,67.28,11.72
2025-12-18,S05,SKU007,Personal Care,Central,316.85,0,0,63,3,68.47,5.47
2025-12-19,S05,SKU007,Personal Care,Central,309.67,0,0,73,4,68.12,4.88
2025-12-20,S05,SKU007,Personal Care,Central,284.04,1,0,98,8,93.0,5.0
2025-12-21,S05,SKU007,Personal Care,Central,289.44,1,0,104,3,94.01,9.99
2025-12-22,S05,SKU007,Personal Care,Central,316.81,0,0,72,9,72.26,0.26
2025-12-23,S05,SKU007,Personal Care,Central,311.94,0,0,73,3,71.26,1.74
2025-12-24,S05,SKU007,Personal Care,Central,312.4,0,0,69,2,71.85,2.85
2025-12-25,S05,SKU007,Personal Care,Central,321.02,0,1,85,7,82.87,2.13
2025-12-26,S05,SKU007,Personal Care,Central,316.6,0,0,71,2,73.8,2.8
2025-12-27,S05,SKU007,Personal Care,Central,290.36,1,0,94,9,102.11,8.11
2025-12-28,S05,SKU007,Personal Care,Central,308.58,0,0,73,5,82.16,9.16
2025-12-29,S05,SKU007,Personal Care,Central,313.76,0,0,72,2,74.22,2.22
2025-12-30,S05,SKU007,Personal Care,Central,311.93,0,0,74,3,74.74,0.74
2025-12-31,S05,SKU007,Personal Care,Central,317.61,0,0,74,5,74.49,0.49
2025-08-13,S05,SKU008,Household,Central,248.54,0,0,21,7,23.45,2.45
2025-08-14,S05,SKU008,Household,Central,258.96,0,0,23,2,23.42,0.42
2025-08-15,S05,SKU008,Household,Central,250.72,0,1,28,7,28.73,0.73
2025-08-16,S05,SKU008,Household,Central,249.76,0,0,29,9,25.87,3.13
2025-08-17,S05,SKU008,Household,Central,254.43,0,0,23,2,25.77,2.77
2025-08-18,S05,SKU008,Household,Central,250.09,0,0,26,4,23.54,2.46
2025-08-19,S05,SKU008,Household,Central,251.7,0,0,20,3,23.13,3.13
2025-08-20,S05,SKU008,Household,Central,245.04,0,0,29,4,23.12,5.88
2025-08-21,S05,SKU008,Household,Central,253.86,0,0,22,3,23.68,1.68
2025-08-22,S05,SKU008,Household,Central,249.53,0,0,28,9,23.94,4.06
2025-08-23,S05,SKU008,Household,Central,252.74,0,0,36,8,25.96,10.04
2025-08-24,S05,SKU008,Household,Central,234.1,1,0,36,3,33.21,2.79
2025-08-25,S05,SKU008,Household,Central,254.5,0,0,23,3,24.15,1.15
2025-08-26,S05,SKU008,Household,Central,250.07,0,0,29,5,24.61,4.39
2025-08-27,S05,SKU008,Household,Central,249.96,0,0,33,5,24.35,8.65
2025-08-28,S05,SKU008,Household,Central,251.28,0,0,27,7,24.77,2.23
2025-08-29,S05,SKU008,Household,Central,253.22,0,0,12,6,25.31,13.31
2025-08-30,S05,SKU008,Household,Central,249.03,0,0,26,2,25.51,0.49
2025-08-31,S05,SKU008,Household,Central,255.44,0,0,26,4,26.25,0.25
2025-09-01,S05,SKU008,Household,Central,253.53,0,0,19,5,24.67,5.67
2025-09-02,S05,SKU008,Household,Central,246.19,0,0,28,3,23.83,4.17
2025-09-03,S05,SKU008,Household,Central,246.1,0,0,18,5,24.27,6.27
2025-09-04,S05,SKU008,Household,Central,249.59,0,0,31,3,23.69,7.31
2025-09-05,S05,SKU008,Household,Central,254.17,0,0,20,4,24.06,4.06
2025-09-06,S05,SKU008,Household,Central,247.02,0,0,23,3,25.85,2.85
2025-09-07,S05,SKU008,Household,Central,229.21,1,0,27,4,32.87,5.87
2025-09-08,S05,SKU008,Household,Central,251.13,0,0,20,8,23.54,3.54
2025-09-09,S05,SKU008,Household,Central,247.47,0,0,18,9,22.91,4.91
2025-09-10,S05,SKU008,Household,Central,234.43,1,0,33,7,28.77,4.23
2025-09-11,S05,SKU008,Household,Central,254.55,0,0,24,4,23.68,0.32
2025-09-12,S05,SKU008,Household,Central,251.33,0,0,17,6,23.63,6.63
2025-09-13,S05,SKU008,Household,Central,247.61,0,0,24,5,24.0,0.0
2025-09-14,S05,SKU008,Household,Central,248.26,0,0,33,9,24.76,8.24
2025-09-15,S05,SKU008,Household,Central,252.41,0,0,16,8,23.52,7.52
2025-09-16,S05,SKU008,Household,Central,251.55,0,0,22,5,22.1,0.1
2025-09-17,S05,SKU008,Household,Central,250.41,0,0,32,5,22.64,9.36
2025-09-18,S05,SKU008,Household,Central,248.6,0,0,18,2,22.28,4.28
2025-09-19,S05,SKU008,Household,Central,254.03,0,0,18,3,22.57,4.57
2025-09-20,S05,SKU008,Household,Central,246.74,0,0,21,7,24.34,3.34
2025-09-21,S05,SKU008,Household,Central,245.57,0,0,26,2,24.14,1.86
2025-09-22,S05,SKU008,Household,Central,248.74,0,0,24,5,21.35,2.65
2025-09-23,S05,SKU008,Household,Central,247.51,0,0,26,3,21.91,4.09
2025-09-24,S05,SKU008,Household,Central,251.5,0,0,26,7,21.89,4.11
2025-09-25,S05,SKU008,Household,Central,253.85,0,0,17,2,21.65,4.65
2025-09-26,S05,SKU008,Household,Central,253.43,0,0,28,7,21.26,6.74
2025-09-27,S05,SKU008,Household,Central,249.52,0,0,23,7,23.42,0.42
2025-09-28,S05,SKU008,Household,Central,233.59,1,0,38,8,29.41,8.59
2025-09-29,S05,SKU008,Household,Central,252.38,0,0,37,3,21.68,15.32
2025-09-30,S05,SKU008,Household,Central,249.11,0,0,24,7,22.27,1.73
2025-10-01,S05,SKU008,Household,Central,255.82,0,0,30,6,22.55,7.45
2025-10-02,S05,SKU008,Household,Central,252.24,0,1,29,2,26.63,2.37
2025-10-03,S05,SKU008,Household,Central,251.94,0,0,25,2,23.15,1.85
2025-10-04,S05,SKU008,Household,Central,250.73,0,0,25,3,24.52,0.48
2025-10-05,S05,SKU008,Household,Central,228.65,1,0,37,8,32.37,4.63
2025-10-06,S05,SKU008,Household,Central,247.66,0,0,15,2,22.97,7.97
2025-10-07,S05,SKU008,Household,Central,231.11,1,0,28,7,29.48,1.48
2025-10-08,S05,SKU008,Household,Central,251.2,0,0,22,3,23.9,1.9
2025-10-09,S05,SKU008,Household,Central,231.71,1,0,27,2,29.79,2.79
2025-10-10,S05,SKU008,Household,Central,250.2,0,0,23,9,23.61,0.61
2025-10-11,S05,SKU008,Household,Central,253.71,0,0,19,9,25.83,6.83
2025-10-12,S05,SKU008,Household,Central,245.33,0,0,22,6,25.8,3.8
2025-10-13,S05,SKU008,Household,Central,227.28,1,0,28,5,28.53,0.53
2025-10-14,S05,SKU008,Household,Central,247.4,0,0,26,7,23.98,2.02
2025-10-15,S05,SKU008,Household,Central,253.65,0,0,26,4,24.47,1.53
2025-10-16,S05,SKU008,Household,Central,256.38,0,0,25,9,24.29,0.71
2025-10-17,S05,SKU008,Household,Central,226.96,1,0,19,5,30.96,11.96
2025-10-18,S05,SKU008,Household,Central,250.37,0,0,31,2,25.72,5.28
2025-10-19,S05,SKU008,Household,Central,250.04,0,0,23,5,26.1,3.1
2025-10-20,S05,SKU008,Household,Central,254.0,0,0,21,3,24.24,3.24
2025-10-21,S05,SKU008,Household,Central,261.23,0,0,18,4,24.25,6.25
2025-10-22,S05,SKU008,Household,Central,257.91,0,0,25,9,24.24,0.76
2025-10-23,S05,SKU008,Household,Central,253.94,0,0,23,3,23.87,0.87
2025-10-24,S05,SKU008,Household,Central,253.46,0,0,20,3,24.03,4.03
2025-10-25,S05,SKU008,Household,Central,245.01,0,0,31,4,25.37,5.63
2025-10-26,S05,SKU008,Household,Central,249.01,0,0,22,5,25.97,3.97
2025-10-27,S05,SKU008,Household,Central,246.05,0,0,23,6,23.34,0.34
2025-10-28,S05,SKU008,Household,Central,252.86,0,0,25,7,23.23,1.77
2025-10-29,S05,SKU008,Household,Central,246.38,0,0,25,3,23.53,1.47
2025-10-30,S05,SKU008,Household,Central,254.13,0,0,21,4,23.35,2.35
2025-10-31,S05,SKU008,Household,Central,259.2,0,0,25,7,23.27,1.73
2025-11-01,S05,SKU008,Household,Central,232.86,1,0,30,9,34.45,4.45
2025-11-02,S05,SKU008,Household,Central,248.81,0,0,24,9,25.71,1.71
2025-11-03,S05,SKU008,Household,Central,242.35,0,0,26,3,23.26,2.74
2025-11-04,S05,SKU008,Household,Central,255.34,0,0,22,7,23.77,1.77
2025-11-05,S05,SKU008,Household,Central,255.16,0,0,19,6,23.49,4.49
2025-11-06,S05,SKU008,Household,Central,247.02,0,0,21,8,22.85,1.85
2025-11-07,S05,SKU008,Household,Central,256.7,0,0,19,4,22.67,3.67
2025-11-08,S05,SKU008,Household,Central,245.17,0,0,25,3,24.01,0.99
2025-11-09,S05,SKU008,Household,Central,250.68,0,0,26,8,24.29,1.71
2025-11-10,S05,SKU008,Household,Central,249.77,0,0,19,6,22.99,3.99
2025-11-11,S05,SKU008,Household,Central,251.84,0,0,28,3,22.76,5.24
2025-11-12,S05,SKU008,Household,Central,231.21,1,0,32,6,29.05,2.95
2025-11-13,S05,SKU008,Household,Central,249.45,0,0,32,8,23.12,8.88
2025-11-14,S05,SKU008,Household,Central,248.26,0,0,18,8,23.68,5.68
2025-11-15,S05,SKU008,Household,Central,249.58,0,0,15,9,25.47,10.47
2025-11-16,S05,SKU008,Household,Central,250.55,0,0,26,7,24.5,1.5
2025-11-17,S05,SKU008,Household,Central,250.82,0,0,34,4,23.07,10.93
2025-11-18,S05,SKU008,Household,Central,253.29,0,0,19,9,24.05,5.05
2025-11-19,S05,SKU008,Household,Central,254.27,0,0,20,3,23.83,3.83
2025-11-20,S05,SKU008,Household,Central,255.13,0,0,25,7,23.07,1.93
2025-11-21,S05,SKU008,Household,Central,248.01,0,0,21,2,23.41,2.41
2025-11-22,S05,SKU008,Household,Central,243.03,0,0,25,8,25.12,0.12
2025-11-23,S05,SKU008,Household,Central,250.83,0,0,30,3,24.48,5.52
2025-11-24,S05,SKU008,Household,Central,249.91,0,0,23,2,23.43,0.43
2025-11-25,S05,SKU008,Household,Central,244.28,0,0,23,7,23.47,0.47
2025-11-26,S05,SKU008,Household,Central,252.18,0,0,28,7,24.82,3.18
2025-11-27,S05,SKU008,Household,Central,247.65,0,0,21,3,23.9,2.9
2025-11-28,S05,SKU008,Household,Central,250.89,0,0,21,6,24.5,3.5
2025-11-29,S05,SKU008,Household,Central,256.07,0,0,29,4,24.7,4.3
2025-11-30,S05,SKU008,Household,Central,247.01,0,0,31,8,25.72,5.28
2025-12-01,S05,SKU008,Household,Central,251.23,0,0,34,8,25.29,8.71
2025-12-02,S05,SKU008,Household,Central,246.36,0,0,32,4,23.57,8.43
2025-12-03,S05,SKU008,Household,Central,251.7,0,0,19,9,24.66,5.66
2025-12-04,S05,SKU008,Household,Central,249.16,0,0,21,8,24.48,3.48
2025-12-05,S05,SKU008,Household,Central,231.4,1,0,37,5,30.82,6.18
2025-12-06,S05,SKU008,Household,Central,251.14,0,0,31,4,27.54,3.46
2025-12-07,S05,SKU008,Household,Central,226.76,1,0,33,9,35.66,2.66
2025-12-08,S05,SKU008,Household,Central,248.34,0,0,20,8,25.35,5.35
2025-12-09,S05,SKU008,Household,Central,251.77,0,0,22,6,25.37,3.37
2025-12-10,S05,SKU008,Household,Central,244.88,0,0,30,6,25.12,4.88
2025-12-11,S05,SKU008,Household,Central,245.9,0,0,17,8,24.7,7.7
2025-12-12,S05,SKU008,Household,Central,252.46,0,0,27,5,24.02,2.98
2025-12-13,S05,SKU008,Household,Central,249.2,0,0,26,6,26.73,0.73
2025-12-14,S05,SKU008,Household,Central,246.69,0,0,25,2,26.77,1.77
2025-12-15,S05,SKU008,Household,Central,252.69,0,0,28,4,25.79,2.21
2025-12-16,S05,SKU008,Household,Central,253.44,0,0,23,3,25.11,2.11
2025-12-17,S05,SKU008,Household,Central,247.95,0,0,21,9,25.51,4.51
2025-12-18,S05,SKU008,Household,Central,245.39,0,0,28,5,26.1,1.9
2025-12-19,S05,SKU008,Household,Central,224.24,1,0,45,7,32.57,12.43
2025-12-20,S05,SKU008,Household,Central,256.26,0,0,32,3,27.6,4.4
2025-12-21,S05,SKU008,Household,Central,243.1,0,0,30,7,28.92,1.08
2025-12-22,S05,SKU008,Household,Central,244.37,0,0,26,8,26.44,0.44
2025-12-23,S05,SKU008,Household,Central,251.2,0,0,31,8,26.87,4.13
2025-12-24,S05,SKU008,Household,Central,251.32,0,0,30,6,27.74,2.26
2025-12-25,S05,SKU008,Household,Central,246.7,0,1,37,8,31.96,5.04
2025-12-26,S05,SKU008,Household,Central,250.89,0,0,30,6,26.87,3.13
2025-12-27,S05,SKU008,Household,Central,253.91,0,0,32,9,30.23,1.77
2025-12-28,S05,SKU008,Household,Central,245.54,0,0,29,2,30.43,1.43
2025-12-29,S05,SKU008,Household,Central,258.44,0,0,26,9,28.15,2.15
2025-12-30,S05,SKU008,Household,Central,248.46,0,0,21,7,26.89,5.89
2025-12-31,S05,SKU008,Household,Central,244.22,0,0,25,3,26.32,1.32
2025-08-13,S05,SKU009,Beverages,Central,321.68,1,0,63,6,72.79,9.79
2025-08-14,S05,SKU009,Beverages,Central,363.08,0,0,62,8,54.01,7.99
2025-08-15,S05,SKU009,Beverages,Central,325.04,1,1,82,9,77.99,4.01
2025-08-16,S05,SKU009,Beverages,Central,361.35,0,0,65,3,59.92,5.08
2025-08-17,S05,SKU009,Beverages,Central,355.94,0,0,56,6,60.61,4.61
2025-08-18,S05,SKU009,Beverages,Central,349.08,0,0,49,7,55.61,6.61
2025-08-19,S05,SKU009,Beverages,Central,357.34,0,0,53,5,56.07,3.07
2025-08-20,S05,SKU009,Beverages,Central,359.75,0,0,53,7,54.7,1.7
2025-08-21,S05,SKU009,Beverages,Central,363.26,0,0,44,2,54.14,10.14
2025-08-22,S05,SKU009,Beverages,Central,356.95,0,0,52,5,54.42,2.42
2025-08-23,S05,SKU009,Beverages,Central,346.99,0,0,63,7,58.89,4.11
2025-08-24,S05,SKU009,Beverages,Central,349.98,0,0,59,5,57.46,1.54
2025-08-25,S05,SKU009,Beverages,Central,353.19,0,0,62,9,52.85,9.15
2025-08-26,S05,SKU009,Beverages,Central,372.35,0,0,64,5,52.9,11.1
2025-08-27,S05,SKU009,Beverages,Central,353.97,0,0,55,2,53.95,1.05
2025-08-28,S05,SKU009,Beverages,Central,353.59,0,0,50,3,53.96,3.96
2025-08-29,S05,SKU009,Beverages,Central,322.94,1,0,73,3,68.97,4.03
2025-08-30,S05,SKU009,Beverages,Central,355.04,0,0,51,8,58.45,7.45
2025-08-31,S05,SKU009,Beverages,Central,324.46,1,0,67,7,75.48,8.48
2025-09-01,S05,SKU009,Beverages,Central,357.32,0,0,47,6,53.56,6.56
2025-09-02,S05,SKU009,Beverages,Central,358.65,0,0,55,4,52.91,2.09
2025-09-03,S05,SKU009,Beverages,Central,355.18,0,0,61,8,53.38,7.62
2025-09-04,S05,SKU009,Beverages,Central,357.87,0,0,52,8,54.87,2.87
2025-09-05,S05,SKU009,Beverages,Central,334.15,1,0,70,9,69.04,0.96
2025-09-06,S05,SKU009,Beverages,Central,344.93,0,0,58,9,57.12,0.88
2025-09-07,S05,SKU009,Beverages,Central,353.14,0,0,52,4,57.05,5.05
2025-09-08,S05,SKU009,Beverages,Central,355.86,0,0,46,8,53.48,7.48
2025-09-09,S05,SKU009,Beverages,Central,354.48,0,0,59,6,53.12,5.88
2025-09-10,S05,SKU009,Beverages,Central,354.46,0,0,60,6,53.96,6.04
2025-09-11,S05,SKU009,Beverages,Central,352.32,0,0,43,7,53.61,10.61
2025-09-12,S05,SKU009,Beverages,Central,358.66,0,0,54,4,52.25,1.75
2025-09-13,S05,SKU009,Beverages,Central,361.96,0,0,54,6,55.19,1.19
2025-09-14,S05,SKU009,Beverages,Central,355.71,0,0,56,9,54.78,1.22
2025-09-15,S05,SKU009,Beverages,Central,357.7,0,0,55,4,51.53,3.47
2025-09-16,S05,SKU009,Beverages,Central,347.81,0,0,61,9,51.72,9.28
2025-09-17,S05,SKU009,Beverages,Central,356.67,0,0,54,8,51.99,2.01
2025-09-18,S05,SKU009,Beverages,Central,363.07,0,0,50,6,51.55,1.55
2025-09-19,S05,SKU009,Beverages,Central,360.28,0,0,52,2,52.21,0.21
2025-09-20,S05,SKU009,Beverages,Central,356.57,0,0,56,3,56.33,0.33
2025-09-21,S05,SKU009,Beverages,Central,358.78,0,0,57,2,55.65,1.35
2025-09-22,S05,SKU009,Beverages,Central,347.1,0,0,46,2,52.09,6.09
2025-09-23,S05,SKU009,Beverages,Central,332.93,1,0,68,3,67.9,0.1
2025-09-24,S05,SKU009,Beverages,Central,353.39,0,0,49,2,51.57,2.57
2025-09-25,S05,SKU009,Beverages,Central,355.77,0,0,40,2,51.66,11.66
2025-09-26,S05,SKU009,Beverages,Central,353.29,0,0,46,2,51.61,5.61
2025-09-27,S05,SKU009,Beverages,Central,359.01,0,0,51,5,54.46,3.46
2025-09-28,S05,SKU009,Beverages,Central,350.54,0,0,56,7,54.98,1.02
2025-09-29,S05,SKU009,Beverages,Central,347.29,0,0,61,2,49.55,11.45
2025-09-30,S05,SKU009,Beverages,Central,360.5,0,0,51,9,50.28,0.72
2025-10-01,S05,SKU009,Beverages,Central,357.08,0,0,54,5,50.87,3.13
2025-10-02,S05,SKU009,Beverages,Central,358.56,0,1,55,4,56.81,1.81
2025-10-03,S05,SKU009,Beverages,Central,360.96,0,0,62,9,51.01,10.99
2025-10-04,S05,SKU009,Beverages,Central,358.94,0,0,54,5,54.84,0.84
2025-10-05,S05,SKU009,Beverages,Central,352.28,0,0,63,7,55.16,7.84
2025-10-06,S05,SKU009,Beverages,Central,349.86,0,0,51,5,51.34,0.34
2025-10-07,S05,SKU009,Beverages,Central,363.59,0,0,45,6,51.46,6.46
2025-10-08,S05,SKU009,Beverages,Central,356.88,0,0,55,2,50.34,4.66
2025-10-09,S05,SKU009,Beverages,Central,372.08,0,0,53,8,50.14,2.86
2025-10-10,S05,SKU009,Beverages,Central,356.47,0,0,50,5,50.19,0.19
2025-10-11,S05,SKU009,Beverages,Central,325.4,1,0,65,3,71.5,6.5
2025-10-12,S05,SKU009,Beverages,Central,352.5,0,0,47,7,54.58,7.58
2025-10-13,S05,SKU009,Beverages,Central,359.31,0,0,47,8,50.7,3.7
2025-10-14,S05,SKU009,Beverages,Central,351.45,0,0,57,8,50.15,6.85
2025-10-15,S05,SKU009,Beverages,Central,363.54,0,0,54,3,50.71,3.29
2025-10-16,S05,SKU009,Beverages,Central,363.05,0,0,53,7,50.83,2.17
2025-10-17,S05,SKU009,Beverages,Central,362.09,0,0,55,3,50.69,4.31
2025-10-18,S05,SKU009,Beverages,Central,358.74,0,0,58,7,54.06,3.94
2025-10-19,S05,SKU009,Beverages,Central,358.54,0,0,62,2,54.73,7.27
2025-10-20,S05,SKU009,Beverages,Central,329.58,1,0,67,3,67.0,0.0
2025-10-21,S05,SKU009,Beverages,Central,359.32,0,0,62,4,52.05,9.95
2025-10-22,S05,SKU009,Beverages,Central,331.13,1,0,68,2,68.82,0.82
2025-10-23,S05,SKU009,Beverages,Central,323.72,1,0,67,9,69.8,2.8
2025-10-24,S05,SKU009,Beverages,Central,343.01,0,0,49,6,53.62,4.62
2025-10-25,S05,SKU009,Beverages,Central,370.49,0,0,63,2,56.52,6.48
2025-10-26,S05,SKU009,Beverages,Central,332.82,1,0,81,5,75.03,5.97
2025-10-27,S05,SKU009,Beverages,Central,357.99,0,0,57,2,54.3,2.7
2025-10-28,S05,SKU009,Beverages,Central,364.21,0,0,56,9,55.12,0.88
2025-10-29,S05,SKU009,Beverages,Central,366.06,0,0,52,8,55.46,3.46
2025-10-30,S05,SKU009,Beverages,Central,359.01,0,0,57,4,55.53,1.47
2025-10-31,S05,SKU009,Beverages,Central,366.78,0,0,49,5,55.95,6.95
2025-11-01,S05,SKU009,Beverages,Central,360.31,0,0,54,8,59.81,5.81
2025-11-02,S05,SKU009,Beverages,Central,340.46,0,0,61,6,59.65,1.35
2025-11-03,S05,SKU009,Beverages,Central,351.15,0,0,54,9,55.2,1.2
2025-11-04,S05,SKU009,Beverages,Central,358.11,0,0,54,7,55.4,1.4
2025-11-05,S05,SKU009,Beverages,Central,354.75,0,0,62,9,55.82,6.18
2025-11-06,S05,SKU009,Beverages,Central,359.98,0,0,54,3,56.39,2.39
2025-11-07,S05,SKU009,Beverages,Central,354.79,0,0,56,3,56.32,0.32
2025-11-08,S05,SKU009,Beverages,Central,329.72,1,0,74,3,78.14,4.14
2025-11-09,S05,SKU009,Beverages,Central,360.32,0,0,63,4,61.29,1.71
2025-11-10,S05,SKU009,Beverages,Central,334.13,1,0,76,9,73.68,2.32
2025-11-11,S05,SKU009,Beverages,Central,356.27,0,0,59,8,58.78,0.22
2025-11-12,S05,SKU009,Beverages,Central,357.8,0,0,57,8,59.71,2.71
2025-11-13,S05,SKU009,Beverages,Central,354.16,0,0,52,4,59.62,7.62
2025-11-14,S05,SKU009,Beverages,Central,357.16,0,0,53,3,59.25,6.25
2025-11-15,S05,SKU009,Beverages,Central,358.51,0,0,60,6,63.04,3.04
2025-11-16,S05,SKU009,Beverages,Central,357.82,0,0,63,7,64.58,1.58
2025-11-17,S05,SKU009,Beverages,Central,350.4,0,0,61,9,59.06,1.94
2025-11-18,S05,SKU009,Beverages,Central,349.63,0,0,55,9,59.69,4.69
2025-11-19,S05,SKU009,Beverages,Central,354.15,0,0,59,5,60.31,1.31
2025-11-20,S05,SKU009,Beverages,Central,361.0,0,0,54,3,59.6,5.6
2025-11-21,S05,SKU009,Beverages,Central,360.55,0,0,54,8,58.65,4.65
2025-11-22,S05,SKU009,Beverages,Central,366.03,0,0,71,4,63.98,7.02
2025-11-23,S05,SKU009,Beverages,Central,353.6,0,0,67,8,64.75,2.25
2025-11-24,S05,SKU009,Beverages,Central,352.07,0,0,52,5,58.7,6.7
2025-11-25,S05,SKU009,Beverages,Central,354.53,0,0,52,2,58.7,6.7
2025-11-26,S05,SKU009,Beverages,Central,361.01,0,0,63,8,58.29,4.71
2025-11-27,S05,SKU009,Beverages,Central,364.46,0,0,54,2,59.02,5.02
2025-11-28,S05,SKU009,Beverages,Central,319.54,1,0,77,5,73.77,3.23
2025-11-29,S05,SKU009,Beverages,Central,349.95,0,0,62,3,63.29,1.29
2025-11-30,S05,SKU009,Beverages,Central,353.61,0,0,59,3,66.33,7.33
2025-12-01,S05,SKU009,Beverages,Central,348.77,0,0,64,6,60.74,3.26
2025-12-02,S05,SKU009,Beverages,Central,358.08,0,0,59,9,60.14,1.14
2025-12-03,S05,SKU009,Beverages,Central,359.15,0,0,64,9,60.05,3.95
2025-12-04,S05,SKU009,Beverages,Central,327.7,1,0,76,8,76.91,0.91
2025-12-05,S05,SKU009,Beverages,Central,354.39,0,0,61,4,59.79,1.21
2025-12-06,S05,SKU009,Beverages,Central,365.12,0,0,68,6,66.92,1.08
2025-12-07,S05,SKU009,Beverages,Central,362.81,0,0,64,7,66.22,2.22
2025-12-08,S05,SKU009,Beverages,Central,348.71,0,0,65,4,63.14,1.86
2025-12-09,S05,SKU009,Beverages,Central,360.08,0,0,65,7,60.98,4.02
2025-12-10,S05,SKU009,Beverages,Central,356.22,0,0,60,6,61.98,1.98
2025-12-11,S05,SKU009,Beverages,Central,356.18,0,0,55,7,60.44,5.44
2025-12-12,S05,SKU009,Beverages,Central,360.22,0,0,58,7,60.33,2.33
2025-12-13,S05,SKU009,Beverages,Central,351.05,0,0,66,8,65.54,0.46
2025-12-14,S05,SKU009,Beverages,Central,365.0,0,0,58,2,65.61,7.61
2025-12-15,S05,SKU009,Beverages,Central,320.39,1,0,91,7,81.03,9.97
2025-12-16,S05,SKU009,Beverages,Central,359.09,0,0,61,9,62.1,1.1
2025-12-17,S05,SKU009,Beverages,Central,329.8,1,0,76,4,82.27,6.27
2025-12-18,S05,SKU009,Beverages,Central,358.17,0,0,60,2,63.24,3.24
2025-12-19,S05,SKU009,Beverages,Central,360.16,0,0,67,2,63.1,3.9
2025-12-20,S05,SKU009,Beverages,Central,359.18,0,0,69,7,68.22,0.78
2025-12-21,S05,SKU009,Beverages,Central,359.68,0,0,64,6,68.8,4.8
2025-12-22,S05,SKU009,Beverages,Central,354.6,0,0,60,7,62.15,2.15
2025-12-23,S05,SKU009,Beverages,Central,357.26,0,0,59,2,63.06,4.06
2025-12-24,S05,SKU009,Beverages,Central,352.87,0,0,62,7,62.81,0.81
2025-12-25,S05,SKU009,Beverages,Central,357.38,0,1,72,2,72.33,0.33
2025-12-26,S05,SKU009,Beverages,Central,340.09,0,0,58,3,64.29,6.29
2025-12-27,S05,SKU009,Beverages,Central,361.53,0,0,73,7,67.62,5.38
2025-12-28,S05,SKU009,Beverages,Central,357.95,0,0,76,4,69.17,6.83
2025-12-29,S05,SKU009,Beverages,Central,355.78,0,0,72,6,63.38,8.62
2025-12-30,S05,SKU009,Beverages,Central,344.01,0,0,56,8,65.05,9.05
2025-12-31,S05,SKU009,Beverages,Central,348.51,0,0,69,9,64.83,4.17
2025-08-13,S05,SKU010,Snacks,Central,340.24,0,0,66,5,60.99,5.01
2025-08-14,S05,SKU010,Snacks,Central,336.05,0,0,54,5,61.46,7.46
2025-08-15,S05,SKU010,Snacks,Central,336.31,0,1,68,2,69.39,1.39
2025-08-16,S05,SKU010,Snacks,Central,326.67,0,0,76,2,66.28,9.72
2025-08-17,S05,SKU010,Snacks,Central,328.98,0,0,68,4,66.12,1.88
2025-08-18,S05,SKU010,Snacks,Central,327.47,0,0,68,9,60.67,7.33
2025-08-19,S05,SKU010,Snacks,Central,328.58,0,0,61,2,58.16,2.84
2025-08-20,S05,SKU010,Snacks,Central,326.94,0,0,61,6,60.76,0.24
2025-08-21,S05,SKU010,Snacks,Central,333.66,0,0,62,2,60.58,1.42
2025-08-22,S05,SKU010,Snacks,Central,323.88,0,0,65,8,60.71,4.29
2025-08-23,S05,SKU010,Snacks,Central,328.3,0,0,60,7,65.39,5.39
2025-08-24,S05,SKU010,Snacks,Central,329.62,0,0,61,3,65.29,4.29
2025-08-25,S05,SKU010,Snacks,Central,337.28,0,0,59,4,59.04,0.04
2025-08-26,S05,SKU010,Snacks,Central,318.0,0,0,61,7,58.36,2.64
2025-08-27,S05,SKU010,Snacks,Central,328.49,0,0,66,4,58.55,7.45
2025-08-28,S05,SKU010,Snacks,Central,331.05,0,0,58,3,58.65,0.65
2025-08-29,S05,SKU010,Snacks,Central,326.96,0,0,70,6,57.75,12.25
2025-08-30,S05,SKU010,Snacks,Central,328.34,0,0,65,7,63.39,1.61
2025-08-31,S05,SKU010,Snacks,Central,336.97,0,0,68,4,63.2,4.8
2025-09-01,S05,SKU010,Snacks,Central,336.84,0,0,60,9,59.08,0.92
2025-09-02,S05,SKU010,Snacks,Central,331.95,0,0,57,7,58.29,1.29
2025-09-03,S05,SKU010,Snacks,Central,331.02,0,0,61,7,58.51,2.49
2025-09-04,S05,SKU010,Snacks,Central,304.36,1,0,84,8,76.77,7.23
2025-09-05,S05,SKU010,Snacks,Central,331.37,0,0,55,8,60.25,5.25
2025-09-06,S05,SKU010,Snacks,Central,332.47,0,0,65,4,63.02,1.98
2025-09-07,S05,SKU010,Snacks,Central,329.7,0,0,65,9,63.56,1.44
2025-09-08,S05,SKU010,Snacks,Central,333.57,0,0,53,8,59.43,6.43
2025-09-09,S05,SKU010,Snacks,Central,332.62,0,0,62,2,58.58,3.42
2025-09-10,S05,SKU010,Snacks,Central,329.88,0,0,59,7,58.82,0.18
2025-09-11,S05,SKU010,Snacks,Central,334.22,0,0,53,9,56.69,3.69
2025-09-12,S05,SKU010,Snacks,Central,326.51,0,0,55,9,57.28,2.28
2025-09-13,S05,SKU010,Snacks,Central,330.11,0,0,60,8,61.69,1.69
2025-09-14,S05,SKU010,Snacks,Central,331.71,0,0,71,9,61.07,9.93
2025-09-15,S05,SKU010,Snacks,Central,325.92,0,0,55,7,57.49,2.49
2025-09-16,S05,SKU010,Snacks,Central,329.69,0,0,56,9,56.46,0.46
2025-09-17,S05,SKU010,Snacks,Central,328.56,0,0,59,7,56.88,2.12
2025-09-18,S05,SKU010,Snacks,Central,327.14,0,0,63,4,56.63,6.37
2025-09-19,S05,SKU010,Snacks,Central,326.81,0,0,63,3,57.24,5.76
2025-09-20,S05,SKU010,Snacks,Central,327.45,0,0,65,3,61.94,3.06
2025-09-21,S05,SKU010,Snacks,Central,332.3,0,0,56,2,61.16,5.16
2025-09-22,S05,SKU010,Snacks,Central,329.32,0,0,57,5,57.02,0.02
2025-09-23,S05,SKU010,Snacks,Central,312.45,1,0,80,6,75.31,4.69
2025-09-24,S05,SKU010,Snacks,Central,327.96,0,0,55,9,57.73,2.73
2025-09-25,S05,SKU010,Snacks,Central,331.04,0,0,65,6,56.38,8.62
2025-09-26,S05,SKU010,Snacks,Central,328.92,0,0,59,6,58.06,0.94
2025-09-27,S05,SKU010,Snacks,Central,332.37,0,0,59,3,61.56,2.56
2025-09-28,S05,SKU010,Snacks,Central,328.51,0,0,68,8,61.36,6.64
2025-09-29,S05,SKU010,Snacks,Central,322.62,0,0,57,7,56.94,0.06
2025-09-30,S05,SKU010,Snacks,Central,330.96,0,0,52,6,56.09,4.09
2025-10-01,S05,SKU010,Snacks,Central,332.82,0,0,56,5,57.87,1.87
2025-10-02,S05,SKU010,Snacks,Central,326.62,0,1,62,5,64.53,2.53
2025-10-03,S05,SKU010,Snacks,Central,327.42,0,0,60,2,57.24,2.76
2025-10-04,S05,SKU010,Snacks,Central,302.83,1,0,74,4,81.19,7.19
2025-10-05,S05,SKU010,Snacks,Central,317.98,0,0,62,5,60.28,1.72
2025-10-06,S05,SKU010,Snacks,Central,328.28,0,0,60,8,57.51,2.49
2025-10-07,S05,SKU010,Snacks,Central,334.99,0,0,58,8,58.05,0.05
2025-10-08,S05,SKU010,Snacks,Central,330.7,0,0,67,6,57.25,9.75
2025-10-09,S05,SKU010,Snacks,Central,331.88,0,0,60,9,57.97,2.03
2025-10-10,S05,SKU010,Snacks,Central,326.18,0,0,67,4,58.12,8.88
2025-10-11,S05,SKU010,Snacks,Central,325.35,0,0,61,8,61.35,0.35
2025-10-12,S05,SKU010,Snacks,Central,331.07,0,0,59,5,62.62,3.62
2025-10-13,S05,SKU010,Snacks,Central,331.22,0,0,59,5,57.68,1.32
2025-10-14,S05,SKU010,Snacks,Central,328.62,0,0,64,2,57.68,6.32
2025-10-15,S05,SKU010,Snacks,Central,303.0,1,0,79,9,76.55,2.45
2025-10-16,S05,SKU010,Snacks,Central,327.29,0,0,64,2,58.63,5.37
2025-10-17,S05,SKU010,Snacks,Central,328.16,0,0,63,4,58.93,4.07
2025-10-18,S05,SKU010,Snacks,Central,337.93,0,0,71,5,62.56,8.44
2025-10-19,S05,SKU010,Snacks,Central,327.02,0,0,65,5,64.07,0.93
2025-10-20,S05,SKU010,Snacks,Central,332.3,0,0,61,6,60.07,0.93
2025-10-21,S05,SKU010,Snacks,Central,327.44,0,0,58,7,58.91,0.91
2025-10-22,S05,SKU010,Snacks,Central,327.36,0,0,64,4,59.06,4.94
2025-10-23,S05,SKU010,Snacks,Central,326.49,0,0,61,4,59.8,1.2
2025-10-24,S05,SKU010,Snacks,Central,332.62,0,0,66,8,60.08,5.92
2025-10-25,S05,SKU010,Snacks,Central,338.17,0,0,64,4,64.1,0.1
2025-10-26,S05,SKU010,Snacks,Central,323.88,0,0,62,4,64.32,2.32
2025-10-27,S05,SKU010,Snacks,Central,324.86,0,0,63,4,59.95,3.05
2025-10-28,S05,SKU010,Snacks,Central,330.49,0,0,56,3,60.09,4.09
2025-10-29,S05,SKU010,Snacks,Central,323.2,0,0,65,9,59.9,5.1
2025-10-30,S05,SKU010,Snacks,Central,333.25,0,0,61,6,60.35,0.65
2025-10-31,S05,SKU010,Snacks,Central,300.61,1,0,77,9,78.65,1.65
2025-11-01,S05,SKU010,Snacks,Central,334.78,0,0,66,6,66.42,0.42
2025-11-02,S05,SKU010,Snacks,Central,333.41,0,0,70,7,66.27,3.73
2025-11-03,S05,SKU010,Snacks,Central,330.18,0,0,56,7,62.01,6.01
2025-11-04,S05,SKU010,Snacks,Central,325.34,0,0,70,8,61.45,8.55
2025-11-05,S05,SKU010,Snacks,Central,336.01,0,0,50,2,62.35,12.35
2025-11-06,S05,SKU010,Snacks,Central,330.82,0,0,68,2,61.4,6.6
2025-11-07,S05,SKU010,Snacks,Central,299.07,1,0,82,6,79.41,2.59
2025-11-08,S05,SKU010,Snacks,Central,334.43,0,0,70,2,66.76,3.24
2025-11-09,S05,SKU010,Snacks,Central,323.71,0,0,64,4,67.69,3.69
2025-11-10,S05,SKU010,Snacks,Central,331.32,0,0,58,4,63.92,5.92
2025-11-11,S05,SKU010,Snacks,Central,335.83,0,0,58,8,63.76,5.76
2025-11-12,S05,SKU010,Snacks,Central,331.73,0,0,53,3,62.6,9.6
2025-11-13,S05,SKU010,Snacks,Central,301.84,1,0,86,7,79.21,6.79
2025-11-14,S05,SKU010,Snacks,Central,330.47,0,0,64,8,61.94,2.06
2025-11-15,S05,SKU010,Snacks,Central,310.95,1,0,85,9,85.68,0.68
2025-11-16,S05,SKU010,Snacks,Central,330.39,0,0,67,5,68.57,1.57
2025-11-17,S05,SKU010,Snacks,Central,335.47,0,0,63,9,64.03,1.03
2025-11-18,S05,SKU010,Snacks,Central,304.99,1,0,80,5,82.38,2.38
2025-11-19,S05,SKU010,Snacks,Central,329.45,0,0,64,3,64.15,0.15
2025-11-20,S05,SKU010,Snacks,Central,303.01,1,0,82,8,82.43,0.43
2025-11-21,S05,SKU010,Snacks,Central,337.11,0,0,63,4,66.1,3.1
2025-11-22,S05,SKU010,Snacks,Central,332.11,0,0,74,9,70.03,3.97
2025-11-23,S05,SKU010,Snacks,Central,328.1,0,0,71,6,72.09,1.09
2025-11-24,S05,SKU010,Snacks,Central,344.06,0,0,65,3,66.26,1.26
2025-11-25,S05,SKU010,Snacks,Central,328.59,0,0,62,8,65.57,3.57
2025-11-26,S05,SKU010,Snacks,Central,327.58,0,0,63,3,64.88,1.88
2025-11-27,S05,SKU010,Snacks,Central,334.52,0,0,66,3,64.83,1.17
2025-11-28,S05,SKU010,Snacks,Central,329.32,0,0,66,9,66.85,0.85
2025-11-29,S05,SKU010,Snacks,Central,327.85,0,0,68,7,71.04,3.04
2025-11-30,S05,SKU010,Snacks,Central,325.07,0,0,71,6,72.17,1.17
2025-12-01,S05,SKU010,Snacks,Central,335.23,0,0,74,7,66.93,7.07
2025-12-02,S05,SKU010,Snacks,Central,323.46,0,0,67,3,66.16,0.84
2025-12-03,S05,SKU010,Snacks,Central,336.78,0,0,60,9,66.32,6.32
2025-12-04,S05,SKU010,Snacks,Central,335.47,0,0,66,2,66.89,0.89
2025-12-05,S05,SKU010,Snacks,Central,307.65,1,0,95,9,86.22,8.78
2025-12-06,S05,SKU010,Snacks,Central,334.83,0,0,64,7,73.03,9.03
2025-12-07,S05,SKU010,Snacks,Central,328.75,0,0,69,6,72.71,3.71
2025-12-08,S05,SKU010,Snacks,Central,334.14,0,0,72,2,66.77,5.23
2025-12-09,S05,SKU010,Snacks,Central,332.93,0,0,65,8,67.72,2.72
2025-12-10,S05,SKU010,Snacks,Central,330.57,0,0,67,5,67.6,0.6
2025-12-11,S05,SKU010,Snacks,Central,337.04,0,0,68,5,68.59,0.59
2025-12-12,S05,SKU010,Snacks,Central,328.87,0,0,61,8,67.6,6.6
2025-12-13,S05,SKU010,Snacks,Central,337.78,0,0,74,3,72.42,1.58
2025-12-14,S05,SKU010,Snacks,Central,329.13,0,0,74,7,72.05,1.95
2025-12-15,S05,SKU010,Snacks,Central,329.36,0,0,65,8,66.75,1.75
2025-12-16,S05,SKU010,Snacks,Central,324.9,0,0,67,9,66.98,0.02
2025-12-17,S05,SKU010,Snacks,Central,332.02,0,0,68,4,66.83,1.17
2025-12-18,S05,SKU010,Snacks,Central,332.91,0,0,65,6,66.63,1.63
2025-12-19,S05,SKU010,Snacks,Central,328.98,0,0,69,2,66.6,2.4
2025-12-20,S05,SKU010,Snacks,Central,324.45,0,0,77,8,71.92,5.08
2025-12-21,S05,SKU010,Snacks,Central,302.33,1,0,101,2,94.67,6.33
2025-12-22,S05,SKU010,Snacks,Central,301.91,1,0,86,2,89.47,3.47
2025-12-23,S05,SKU010,Snacks,Central,330.09,0,0,74,9,68.6,5.4
2025-12-24,S05,SKU010,Snacks,Central,328.03,0,0,66,9,69.72,3.72
2025-12-25,S05,SKU010,Snacks,Central,319.16,0,1,80,7,80.29,0.29
2025-12-26,S05,SKU010,Snacks,Central,335.46,0,0,68,6,69.87,1.87
2025-12-27,S05,SKU010,Snacks,Central,320.61,0,0,85,5,74.48,10.52
2025-12-28,S05,SKU010,Snacks,Central,339.47,0,0,80,7,77.26,2.74
2025-12-29,S05,SKU010,Snacks,Central,328.93,0,0,69,2,70.78,1.78
2025-12-30,S05,SKU010,Snacks,Central,331.58,0,0,73,9,71.9,1.1
2025-12-31,S05,SKU010,Snacks,Central,326.19,0,0,79,4,71.36,7.64
2025-08-13,S05,SKU011,Personal Care,Central,76.61,0,0,49,4,42.08,6.92
2025-08-14,S05,SKU011,Personal Care,Central,75.86,0,0,48,8,42.13,5.87
2025-08-15,S05,SKU011,Personal Care,Central,75.07,0,1,45,8,50.91,5.91
2025-08-16,S05,SKU011,Personal Care,Central,75.47,0,0,49,3,45.15,3.85
2025-08-17,S05,SKU011,Personal Care,Central,77.36,0,0,41,3,45.11,4.11
2025-08-18,S05,SKU011,Personal Care,Central,71.54,1,0,51,7,56.14,5.14
2025-08-19,S05,SKU011,Personal Care,Central,75.31,0,0,37,9,42.01,5.01
2025-08-20,S05,SKU011,Personal Care,Central,72.57,1,0,52,5,54.67,2.67
2025-08-21,S05,SKU011,Personal Care,Central,77.03,0,0,41,4,41.61,0.61
2025-08-22,S05,SKU011,Personal Care,Central,77.08,0,0,34,8,41.13,7.13
2025-08-23,S05,SKU011,Personal Care,Central,76.22,0,0,47,9,43.22,3.78
2025-08-24,S05,SKU011,Personal Care,Central,75.33,0,0,48,9,43.83,4.17
2025-08-25,S05,SKU011,Personal Care,Central,77.86,0,0,43,9,40.75,2.25
2025-08-26,S05,SKU011,Personal Care,Central,75.47,0,0,50,6,41.09,8.91
2025-08-27,S05,SKU011,Personal Care,Central,75.36,0,0,40,6,41.33,1.33
2025-08-28,S05,SKU011,Personal Care,Central,75.99,0,0,47,3,41.22,5.78
2025-08-29,S05,SKU011,Personal Care,Central,75.86,0,0,40,5,41.59,1.59
2025-08-30,S05,SKU011,Personal Care,Central,75.47,0,0,44,2,44.45,0.45
2025-08-31,S05,SKU011,Personal Care,Central,77.61,0,0,44,2,43.61,0.39
2025-09-01,S05,SKU011,Personal Care,Central,77.14,0,0,41,5,41.62,0.62
2025-09-02,S05,SKU011,Personal Care,Central,76.37,0,0,41,4,40.78,0.22
2025-09-03,S05,SKU011,Personal Care,Central,77.51,0,0,42,8,40.85,1.15
2025-09-04,S05,SKU011,Personal Care,Central,77.09,0,0,44,5,40.69,3.31
2025-09-05,S05,SKU011,Personal Care,Central,70.24,1,0,56,5,52.3,3.7
2025-09-06,S05,SKU011,Personal Care,Central,75.08,0,0,43,6,44.38,1.38
2025-09-07,S05,SKU011,Personal Care,Central,74.1,0,0,38,3,44.19,6.19
2025-09-08,S05,SKU011,Personal Care,Central,76.21,0,0,44,2,41.27,2.73
2025-09-09,S05,SKU011,Personal Care,Central,76.81,0,0,35,2,41.4,6.4
2025-09-10,S05,SKU011,Personal Care,Central,69.61,1,0,50,5,51.46,1.46
2025-09-11,S05,SKU011,Personal Care,Central,77.2,0,0,39,5,41.35,2.35
2025-09-12,S05,SKU011,Personal Care,Central,77.96,0,0,44,9,40.59,3.41
2025-09-13,S05,SKU011,Personal Care,Central,74.89,0,0,45,4,43.65,1.35
2025-09-14,S05,SKU011,Personal Care,Central,76.29,0,0,44,9,43.55,0.45
2025-09-15,S05,SKU011,Personal Care,Central,75.0,0,0,42,9,40.35,1.65
2025-09-16,S05,SKU011,Personal Care,Central,70.66,1,0,54,2,51.76,2.24
2025-09-17,S05,SKU011,Personal Care,Central,74.99,0,0,38,8,40.95,2.95
2025-09-18,S05,SKU011,Personal Care,Central,77.63,0,0,45,2,40.72,4.28
2025-09-19,S05,SKU011,Personal Care,Central,68.26,1,0,57,7,52.37,4.63
2025-09-20,S05,SKU011,Personal Care,Central,77.01,0,0,41,9,43.82,2.82
2025-09-21,S05,SKU011,Personal Care,Central,69.88,1,0,49,7,57.25,8.25
2025-09-22,S05,SKU011,Personal Care,Central,76.72,0,0,50,7,41.81,8.19
2025-09-23,S05,SKU011,Personal Care,Central,75.72,0,0,37,5,42.14,5.14
2025-09-24,S05,SKU011,Personal Care,Central,77.11,0,0,35,9,41.64,6.64
2025-09-25,S05,SKU011,Personal Care,Central,75.36,0,0,39,5,41.76,2.76
2025-09-26,S05,SKU011,Personal Care,Central,76.45,0,0,38,8,41.09,3.09
2025-09-27,S05,SKU011,Personal Care,Central,74.67,0,0,37,2,44.36,7.36
2025-09-28,S05,SKU011,Personal Care,Central,75.06,0,0,37,8,43.05,6.05
2025-09-29,S05,SKU011,Personal Care,Central,77.65,0,0,39,2,39.13,0.13
2025-09-30,S05,SKU011,Personal Care,Central,76.38,0,0,33,6,38.93,5.93
2025-10-01,S05,SKU011,Personal Care,Central,76.59,0,0,44,9,40.04,3.96
2025-10-02,S05,SKU011,Personal Care,Central,79.38,0,1,38,5,45.22,7.22
2025-10-03,S05,SKU011,Personal Care,Central,76.43,0,0,30,2,39.85,9.85
2025-10-04,S05,SKU011,Personal Care,Central,75.44,0,0,44,2,42.45,1.55
2025-10-05,S05,SKU011,Personal Care,Central,75.7,0,0,43,4,42.64,0.36
2025-10-06,S05,SKU011,Personal Care,Central,76.08,0,0,37,7,40.02,3.02
2025-10-07,S05,SKU011,Personal Care,Central,76.22,0,0,38,2,39.66,1.66
2025-10-08,S05,SKU011,Personal Care,Central,68.69,1,0,57,6,50.62,6.38
2025-10-09,S05,SKU011,Personal Care,Central,78.35,0,0,40,2,39.8,0.2
2025-10-10,S05,SKU011,Personal Care,Central,75.5,0,0,44,9,40.84,3.16
2025-10-11,S05,SKU011,Personal Care,Central,76.95,0,0,46,5,43.72,2.28
2025-10-12,S05,SKU011,Personal Care,Central,72.09,1,0,61,2,56.66,4.34
2025-10-13,S05,SKU011,Personal Care,Central,76.36,0,0,39,9,41.32,2.32
2025-10-14,S05,SKU011,Personal Care,Central,74.26,0,0,40,4,41.07,1.07
2025-10-15,S05,SKU011,Personal Care,Central,76.88,0,0,46,9,40.97,5.03
2025-10-16,S05,SKU011,Personal Care,Central,77.93,0,0,38,2,41.42,3.42
2025-10-17,S05,SKU011,Personal Care,Central,71.09,1,0,53,7,52.99,0.01
2025-10-18,S05,SKU011,Personal Care,Central,74.97,0,0,41,3,44.12,3.12
2025-10-19,S05,SKU011,Personal Care,Central,75.86,0,0,36,5,43.77,7.77
2025-10-20,S05,SKU011,Personal Care,Central,76.68,0,0,38,2,40.25,2.25
2025-10-21,S05,SKU011,Personal Care,Central,75.08,0,0,39,4,40.08,1.08
2025-10-22,S05,SKU011,Personal Care,Central,77.37,0,0,44,7,39.5,4.5
2025-10-23,S05,SKU011,Personal Care,Central,75.34,0,0,44,7,40.48,3.52
2025-10-24,S05,SKU011,Personal Care,Central,75.29,0,0,37,2,40.87,3.87
2025-10-25,S05,SKU011,Personal Care,Central,75.91,0,0,46,3,43.3,2.7
2025-10-26,S05,SKU011,Personal Care,Central,77.01,0,0,45,7,41.99,3.01
2025-10-27,S05,SKU011,Personal Care,Central,75.84,0,0,49,5,41.09,7.91
2025-10-28,S05,SKU011,Personal Care,Central,74.58,0,0,47,6,40.75,6.25
2025-10-29,S05,SKU011,Personal Care,Central,75.47,0,0,43,8,41.42,1.58
2025-10-30,S05,SKU011,Personal Care,Central,77.4,0,0,34,2,41.3,7.3
2025-10-31,S05,SKU011,Personal Care,Central,74.35,0,0,44,5,40.48,3.52
2025-11-01,S05,SKU011,Personal Care,Central,74.6,0,0,40,4,45.88,5.88
2025-11-02,S05,SKU011,Personal Care,Central,74.71,0,0,48,7,45.73,2.27
2025-11-03,S05,SKU011,Personal Care,Central,76.38,0,0,41,5,42.2,1.2
2025-11-04,S05,SKU011,Personal Care,Central,77.57,0,0,40,5,42.42,2.42
2025-11-05,S05,SKU011,Personal Care,Central,77.26,0,0,37,5,42.86,5.86
2025-11-06,S05,SKU011,Personal Care,Central,70.27,1,0,52,2,52.66,0.66
2025-11-07,S05,SKU011,Personal Care,Central,76.03,0,0,36,4,42.69,6.69
2025-11-08,S05,SKU011,Personal Care,Central,76.17,0,0,52,3,45.54,6.46
2025-11-09,S05,SKU011,Personal Care,Central,76.99,0,0,42,5,45.35,3.35
2025-11-10,S05,SKU011,Personal Care,Central,76.32,0,0,46,8,41.89,4.11
2025-11-11,S05,SKU011,Personal Care,Central,76.63,0,0,45,8,41.88,3.12
2025-11-12,S05,SKU011,Personal Care,Central,75.74,0,0,43,8,42.27,0.73
2025-11-13,S05,SKU011,Personal Care,Central,78.62,0,0,40,3,41.94,1.94
2025-11-14,S05,SKU011,Personal Care,Central,78.57,0,0,37,9,42.0,5.0
2025-11-15,S05,SKU011,Personal Care,Central,77.06,0,0,50,8,45.31,4.69
2025-11-16,S05,SKU011,Personal Care,Central,78.23,0,0,50,4,45.01,4.99
2025-11-17,S05,SKU011,Personal Care,Central,75.74,0,0,39,7,42.41,3.41
2025-11-18,S05,SKU011,Personal Care,Central,77.11,0,0,52,5,42.58,9.42
2025-11-19,S05,SKU011,Personal Care,Central,76.45,0,0,41,8,42.93,1.93
2025-11-20,S05,SKU011,Personal Care,Central,76.28,0,0,50,7,43.29,6.71
2025-11-21,S05,SKU011,Personal Care,Central,77.89,0,0,40,7,43.56,3.56
2025-11-22,S05,SKU011,Personal Care,Central,76.64,0,0,48,8,47.74,0.26
2025-11-23,S05,SKU011,Personal Care,Central,75.46,0,0,45,3,46.81,1.81
2025-11-24,S05,SKU011,Personal Care,Central,74.51,0,0,47,3,43.95,3.05
2025-11-25,S05,SKU011,Personal Care,Central,77.88,0,0,44,9,43.87,0.13
2025-11-26,S05,SKU011,Personal Care,Central,75.6,0,0,47,8,43.5,3.5
2025-11-27,S05,SKU011,Personal Care,Central,75.06,0,0,42,5,43.77,1.77
2025-11-28,S05,SKU011,Personal Care,Central,75.73,0,0,48,5,44.24,3.76
2025-11-29,S05,SKU011,Personal Care,Central,76.68,0,0,55,9,47.51,7.49
2025-11-30,S05,SKU011,Personal Care,Central,76.21,0,0,51,5,48.31,2.69
2025-12-01,S05,SKU011,Personal Care,Central,77.15,0,0,49,2,44.34,4.66
2025-12-02,S05,SKU011,Personal Care,Central,77.03,0,0,47,8,45.36,1.64
2025-12-03,S05,SKU011,Personal Care,Central,74.68,0,0,44,4,45.56,1.56
2025-12-04,S05,SKU011,Personal Care,Central,79.52,0,0,42,5,46.2,4.2
2025-12-05,S05,SKU011,Personal Care,Central,76.7,0,0,45,8,45.09,0.09
2025-12-06,S05,SKU011,Personal Care,Central,70.8,1,0,60,4,64.54,4.54
2025-12-07,S05,SKU011,Personal Care,Central,77.0,0,0,42,8,48.88,6.88
2025-12-08,S05,SKU011,Personal Care,Central,77.59,0,0,46,6,45.7,0.3
2025-12-09,S05,SKU011,Personal Care,Central,76.71,0,0,56,5,45.55,10.45
2025-12-10,S05,SKU011,Personal Care,Central,75.3,0,0,36,5,46.18,10.18
2025-12-11,S05,SKU011,Personal Care,Central,69.13,1,0,63,7,60.23,2.77
2025-12-12,S05,SKU011,Personal Care,Central,77.79,0,0,46,4,44.62,1.38
2025-12-13,S05,SKU011,Personal Care,Central,77.74,0,0,39,5,51.12,12.12
2025-12-14,S05,SKU011,Personal Care,Central,76.72,0,0,44,9,50.27,6.27
2025-12-15,S05,SKU011,Personal Care,Central,75.24,0,0,49,6,46.19,2.81
2025-12-16,S05,SKU011,Personal Care,Central,76.4,0,0,56,9,46.1,9.9
2025-12-17,S05,SKU011,Personal Care,Central,79.7,0,0,48,7,45.04,2.96
2025-12-18,S05,SKU011,Personal Care,Central,78.08,0,0,45,6,46.46,1.46
2025-12-19,S05,SKU011,Personal Care,Central,75.84,0,0,46,7,45.84,0.16
2025-12-20,S05,SKU011,Personal Care,Central,77.05,0,0,49,2,50.73,1.73
2025-12-21,S05,SKU011,Personal Care,Central,71.72,1,0,69,4,64.18,4.82
2025-12-22,S05,SKU011,Personal Care,Central,75.68,0,0,49,7,47.79,1.21
2025-12-23,S05,SKU011,Personal Care,Central,74.76,0,0,41,5,47.82,6.82
2025-12-24,S05,SKU011,Personal Care,Central,75.36,0,0,57,2,47.96,9.04
2025-12-25,S05,SKU011,Personal Care,Central,77.93,0,1,54,6,57.45,3.45
2025-12-26,S05,SKU011,Personal Care,Central,76.02,0,0,42,9,48.7,6.7
2025-12-27,S05,SKU011,Personal Care,Central,76.24,0,0,46,7,51.86,5.86
2025-12-28,S05,SKU011,Personal Care,Central,69.09,1,0,72,3,64.71,7.29
2025-12-29,S05,SKU011,Personal Care,Central,76.19,0,0,54,2,47.86,6.14
2025-12-30,S05,SKU011,Personal Care,Central,76.55,0,0,47,6,46.87,0.13
2025-12-31,S05,SKU011,Personal Care,Central,75.6,0,0,42,3,47.31,5.31
2025-08-13,S05,SKU012,Household,Central,172.27,0,0,41,4,38.23,2.77
2025-08-14,S05,SKU012,Household,Central,171.62,0,0,31,2,38.78,7.78
2025-08-15,S05,SKU012,Household,Central,169.29,0,1,40,7,44.84,4.84
2025-08-16,S05,SKU012,Household,Central,167.68,0,0,42,4,41.28,0.72
2025-08-17,S05,SKU012,Household,Central,171.06,0,0,42,3,41.19,0.81
2025-08-18,S05,SKU012,Household,Central,172.2,0,0,45,7,37.65,7.35
2025-08-19,S05,SKU012,Household,Central,153.78,1,0,53,2,50.74,2.26
2025-08-20,S05,SKU012,Household,Central,158.21,1,0,46,2,52.61,6.61
2025-08-21,S05,SKU012,Household,Central,165.98,0,0,37,3,39.05,2.05
2025-08-22,S05,SKU012,Household,Central,175.18,0,0,37,9,38.07,1.07
2025-08-23,S05,SKU012,Household,Central,172.8,0,0,43,5,41.54,1.46
2025-08-24,S05,SKU012,Household,Central,175.18,0,0,38,5,40.94,2.94
2025-08-25,S05,SKU012,Household,Central,172.45,0,0,42,9,37.34,4.66
2025-08-26,S05,SKU012,Household,Central,168.99,0,0,57,3,39.64,17.36
2025-08-27,S05,SKU012,Household,Central,167.38,0,0,37,7,38.83,1.83
2025-08-28,S05,SKU012,Household,Central,169.84,0,0,43,8,38.21,4.79
2025-08-29,S05,SKU012,Household,Central,173.9,0,0,46,2,38.31,7.69
2025-08-30,S05,SKU012,Household,Central,167.62,0,0,40,3,42.18,2.18
2025-08-31,S05,SKU012,Household,Central,173.15,0,0,41,6,42.09,1.09
2025-09-01,S05,SKU012,Household,Central,172.06,0,0,36,6,38.19,2.19
2025-09-02,S05,SKU012,Household,Central,172.77,0,0,28,4,38.65,10.65
2025-09-03,S05,SKU012,Household,Central,170.29,0,0,37,6,38.91,1.91
2025-09-04,S05,SKU012,Household,Central,170.23,0,0,37,3,38.4,1.4
2025-09-05,S05,SKU012,Household,Central,172.73,0,0,43,2,37.48,5.52
2025-09-06,S05,SKU012,Household,Central,169.17,0,0,39,5,40.32,1.32
2025-09-07,S05,SKU012,Household,Central,153.46,1,0,54,7,53.56,0.44
2025-09-08,S05,SKU012,Household,Central,172.09,0,0,25,9,37.77,12.77
2025-09-09,S05,SKU012,Household,Central,172.23,0,0,35,3,37.54,2.54
2025-09-10,S05,SKU012,Household,Central,171.85,0,0,46,9,36.86,9.14
2025-09-11,S05,SKU012,Household,Central,173.85,0,0,38,8,37.14,0.86
2025-09-12,S05,SKU012,Household,Central,168.31,0,0,37,9,38.14,1.14
2025-09-13,S05,SKU012,Household,Central,165.22,0,0,34,5,40.74,6.74
2025-09-14,S05,SKU012,Household,Central,173.19,0,0,31,5,40.28,9.28
2025-09-15,S05,SKU012,Household,Central,169.86,0,0,39,4,36.78,2.22
2025-09-16,S05,SKU012,Household,Central,171.91,0,0,37,9,36.23,0.77
2025-09-17,S05,SKU012,Household,Central,170.87,0,0,36,5,36.44,0.44
2025-09-18,S05,SKU012,Household,Central,167.9,0,0,39,5,35.92,3.08
2025-09-19,S05,SKU012,Household,Central,174.69,0,0,33,8,35.75,2.75
2025-09-20,S05,SKU012,Household,Central,171.29,0,0,44,9,38.25,5.75
2025-09-21,S05,SKU012,Household,Central,169.52,0,0,43,8,39.05,3.95
2025-09-22,S05,SKU012,Household,Central,171.3,0,0,28,8,36.97,8.97
2025-09-23,S05,SKU012,Household,Central,168.54,0,0,29,2,34.47,5.47
2025-09-24,S05,SKU012,Household,Central,170.6,0,0,35,2,35.21,0.21
2025-09-25,S05,SKU012,Household,Central,173.24,0,0,31,8,34.6,3.6
2025-09-26,S05,SKU012,Household,Central,173.16,0,0,32,7,34.79,2.79
2025-09-27,S05,SKU012,Household,Central,168.6,0,0,34,6,37.63,3.63
2025-09-28,S05,SKU012,Household,Central,170.51,0,0,38,9,36.45,1.55
2025-09-29,S05,SKU012,Household,Central,170.73,0,0,32,9,33.22,1.22
2025-09-30,S05,SKU012,Household,Central,169.21,0,0,30,5,32.67,2.67
2025-10-01,S05,SKU012,Household,Central,174.68,0,0,35,9,33.41,1.59
2025-10-02,S05,SKU012,Household,Central,170.91,0,1,42,2,39.11,2.89
2025-10-03,S05,SKU012,Household,Central,176.67,0,0,39,8,34.11,4.89
2025-10-04,S05,SKU012,Household,Central,155.68,1,0,53,5,48.78,4.22
2025-10-05,S05,SKU012,Household,Central,169.4,0,0,36,9,37.2,1.2
2025-10-06,S05,SKU012,Household,Central,170.37,0,0,29,3,33.96,4.96
2025-10-07,S05,SKU012,Household,Central,166.51,0,0,37,9,33.86,3.14
2025-10-08,S05,SKU012,Household,Central,176.13,0,0,35,3,34.7,0.3
2025-10-09,S05,SKU012,Household,Central,168.53,0,0,42,2,34.1,7.9
2025-10-10,S05,SKU012,Household,Central,167.48,0,0,45,6,34.08,10.92
2025-10-11,S05,SKU012,Household,Central,170.64,0,0,36,2,37.26,1.26
2025-10-12,S05,SKU012,Household,Central,171.91,0,0,37,8,36.86,0.14
2025-10-13,S05,SKU012,Household,Central,171.19,0,0,35,5,35.79,0.79
2025-10-14,S05,SKU012,Household,Central,175.99,0,0,36,9,34.65,1.35
2025-10-15,S05,SKU012,Household,Central,172.73,0,0,33,6,34.75,1.75
2025-10-16,S05,SKU012,Household,Central,169.72,0,0,39,3,35.19,3.81
2025-10-17,S05,SKU012,Household,Central,157.41,1,0,36,9,46.35,10.35
2025-10-18,S05,SKU012,Household,Central,170.36,0,0,40,5,38.64,1.36
2025-10-19,S05,SKU012,Household,Central,168.75,0,0,36,3,38.08,2.08
2025-10-20,S05,SKU012,Household,Central,168.05,0,0,36,4,34.2,1.8
2025-10-21,S05,SKU012,Household,Central,158.1,1,0,42,9,46.28,4.28
2025-10-22,S05,SKU012,Household,Central,170.45,0,0,39,8,36.06,2.94
2025-10-23,S05,SKU012,Household,Central,168.43,0,0,37,3,35.85,1.15
2025-10-24,S05,SKU012,Household,Central,168.1,0,0,40,7,36.05,3.95
2025-10-25,S05,SKU012,Household,Central,170.09,0,0,39,2,38.61,0.39
2025-10-26,S05,SKU012,Household,Central,159.46,1,0,53,8,51.17,1.83
2025-10-27,S05,SKU012,Household,Central,167.3,0,0,40,3,36.49,3.51
2025-10-28,S05,SKU012,Household,Central,175.5,0,0,40,8,37.6,2.4
2025-10-29,S05,SKU012,Household,Central,172.1,0,0,36,7,37.21,1.21
2025-10-30,S05,SKU012,Household,Central,171.54,0,0,32,3,37.89,5.89
2025-10-31,S05,SKU012,Household,Central,169.68,0,0,34,5,37.66,3.66
2025-11-01,S05,SKU012,Household,Central,169.94,0,0,41,6,40.22,0.78
2025-11-02,S05,SKU012,Household,Central,171.04,0,0,37,8,39.29,2.29
2025-11-03,S05,SKU012,Household,Central,170.76,0,0,36,3,35.83,0.17
2025-11-04,S05,SKU012,Household,Central,172.32,0,0,39,5,37.44,1.56
2025-11-05,S05,SKU012,Household,Central,170.56,0,0,31,5,37.26,6.26
2025-11-06,S05,SKU012,Household,Central,173.91,0,0,29,8,37.17,8.17
2025-11-07,S05,SKU012,Household,Central,170.48,0,0,37,3,36.4,0.6
2025-11-08,S05,SKU012,Household,Central,168.4,0,0,42,8,38.83,3.17
2025-11-09,S05,SKU012,Household,Central,175.13,0,0,40,2,39.42,0.58
2025-11-10,S05,SKU012,Household,Central,170.49,0,0,39,6,36.76,2.24
2025-11-11,S05,SKU012,Household,Central,170.21,0,0,45,3,36.61,8.39
2025-11-12,S05,SKU012,Household,Central,173.04,0,0,33,9,37.33,4.33
2025-11-13,S05,SKU012,Household,Central,170.21,0,0,25,5,37.61,12.61
2025-11-14,S05,SKU012,Household,Central,172.53,0,0,43,5,36.33,6.67
2025-11-15,S05,SKU012,Household,Central,169.87,0,0,45,8,39.42,5.58
2025-11-16,S05,SKU012,Household,Central,170.64,0,0,35,2,39.98,4.98
2025-11-17,S05,SKU012,Household,Central,155.99,1,0,55,9,48.8,6.2
2025-11-18,S05,SKU012,Household,Central,169.97,0,0,38,5,38.48,0.48
2025-11-19,S05,SKU012,Household,Central,175.11,0,0,30,8,37.66,7.66
2025-11-20,S05,SKU012,Household,Central,165.73,0,0,36,2,37.82,1.82
2025-11-21,S05,SKU012,Household,Central,172.37,0,0,35,2,38.32,3.32
2025-11-22,S05,SKU012,Household,Central,170.56,0,0,44,6,39.7,4.3
2025-11-23,S05,SKU012,Household,Central,166.84,0,0,48,9,40.2,7.8
2025-11-24,S05,SKU012,Household,Central,172.13,0,0,35,2,37.47,2.47
2025-11-25,S05,SKU012,Household,Central,173.52,0,0,41,5,37.39,3.61
2025-11-26,S05,SKU012,Household,Central,171.39,0,0,44,2,36.84,7.16
2025-11-27,S05,SKU012,Household,Central,173.29,0,0,38,9,37.36,0.64
2025-11-28,S05,SKU012,Household,Central,171.88,0,0,32,5,38.37,6.37
2025-11-29,S05,SKU012,Household,Central,174.52,0,0,40,6,41.22,1.22
2025-11-30,S05,SKU012,Household,Central,169.96,0,0,44,2,41.04,2.96
2025-12-01,S05,SKU012,Household,Central,170.05,0,0,41,4,37.87,3.13
2025-12-02,S05,SKU012,Household,Central,160.98,1,0,56,7,50.54,5.46
2025-12-03,S05,SKU012,Household,Central,169.05,0,0,40,6,38.41,1.59
2025-12-04,S05,SKU012,Household,Central,170.9,0,0,39,5,39.42,0.42
2025-12-05,S05,SKU012,Household,Central,173.22,0,0,40,5,40.39,0.39
2025-12-06,S05,SKU012,Household,Central,157.09,1,0,64,3,55.5,8.5
2025-12-07,S05,SKU012,Household,Central,166.56,0,0,47,3,43.52,3.48
2025-12-08,S05,SKU012,Household,Central,169.18,0,0,40,2,40.74,0.74
2025-12-09,S05,SKU012,Household,Central,168.51,0,0,38,8,41.13,3.13
2025-12-10,S05,SKU012,Household,Central,168.5,0,0,51,4,40.44,10.56
2025-12-11,S05,SKU012,Household,Central,175.93,0,0,38,9,40.85,2.85
2025-12-12,S05,SKU012,Household,Central,170.56,0,0,44,7,42.04,1.96
2025-12-13,S05,SKU012,Household,Central,155.78,1,0,55,8,59.7,4.7
2025-12-14,S05,SKU012,Household,Central,172.29,0,0,49,9,44.48,4.52
2025-12-15,S05,SKU012,Household,Central,172.97,0,0,44,4,41.89,2.11
2025-12-16,S05,SKU012,Household,Central,172.36,0,0,45,4,41.7,3.3
2025-12-17,S05,SKU012,Household,Central,168.9,0,0,43,7,41.12,1.88
2025-12-18,S05,SKU012,Household,Central,171.49,0,0,39,6,42.92,3.92
2025-12-19,S05,SKU012,Household,Central,154.68,1,0,54,9,57.73,3.73
2025-12-20,S05,SKU012,Household,Central,167.02,0,0,44,8,46.99,2.99
2025-12-21,S05,SKU012,Household,Central,173.19,0,0,50,5,46.8,3.2
2025-12-22,S05,SKU012,Household,Central,172.75,0,0,47,2,43.19,3.81
2025-12-23,S05,SKU012,Household,Central,173.16,0,0,42,5,44.14,2.14
2025-12-24,S05,SKU012,Household,Central,170.76,0,0,50,8,43.84,6.16
2025-12-25,S05,SKU012,Household,Central,173.17,0,1,46,3,50.83,4.83
2025-12-26,S05,SKU012,Household,Central,174.33,0,0,38,9,42.92,4.92
2025-12-27,S05,SKU012,Household,Central,170.14,0,0,52,9,48.23,3.77
2025-12-28,S05,SKU012,Household,Central,170.39,0,0,51,2,49.25,1.75
2025-12-29,S05,SKU012,Household,Central,170.39,0,0,51,5,44.74,6.26
2025-12-30,S05,SKU012,Household,Central,168.7,0,0,42,6,44.95,2.95
2025-12-31,S05,SKU012,Household,Central,169.88,0,0,38,7,44.73,6.73
2025-08-13,S05,SKU013,Beverages,Central,334.66,0,0,53,3,45.48,7.52
2025-08-14,S05,SKU013,Beverages,Central,326.82,0,0,41,9,45.74,4.74
2025-08-15,S05,SKU013,Beverages,Central,335.46,0,1,51,6,54.86,3.86
2025-08-16,S05,SKU013,Beverages,Central,303.54,1,0,66,8,65.11,0.89
2025-08-17,S05,SKU013,Beverages,Central,326.34,0,0,40,9,48.68,8.68
2025-08-18,S05,SKU013,Beverages,Central,325.89,0,0,45,3,45.11,0.11
2025-08-19,S05,SKU013,Beverages,Central,335.84,0,0,41,6,44.68,3.68
2025-08-20,S05,SKU013,Beverages,Central,326.93,0,0,48,8,44.66,3.34
2025-08-21,S05,SKU013,Beverages,Central,337.42,0,0,51,6,44.76,6.24
2025-08-22,S05,SKU013,Beverages,Central,334.28,0,0,47,7,44.47,2.53
2025-08-23,S05,SKU013,Beverages,Central,332.7,0,0,52,5,46.89,5.11
2025-08-24,S05,SKU013,Beverages,Central,330.26,0,0,39,5,47.86,8.86
2025-08-25,S05,SKU013,Beverages,Central,335.62,0,0,42,5,43.68,1.68
2025-08-26,S05,SKU013,Beverages,Central,333.61,0,0,43,4,43.53,0.53
2025-08-27,S05,SKU013,Beverages,Central,338.72,0,0,37,7,43.18,6.18
2025-08-28,S05,SKU013,Beverages,Central,333.79,0,0,43,5,42.29,0.71
2025-08-29,S05,SKU013,Beverages,Central,326.25,0,0,46,4,42.79,3.21
2025-08-30,S05,SKU013,Beverages,Central,301.74,1,0,67,7,60.3,6.7
2025-08-31,S05,SKU013,Beverages,Central,331.64,0,0,42,9,44.95,2.95
2025-09-01,S05,SKU013,Beverages,Central,329.59,0,0,49,7,42.65,6.35
2025-09-02,S05,SKU013,Beverages,Central,329.69,0,0,43,3,42.4,0.6
2025-09-03,S05,SKU013,Beverages,Central,337.44,0,0,49,3,42.71,6.29
2025-09-04,S05,SKU013,Beverages,Central,334.13,0,0,38,2,43.1,5.1
2025-09-05,S05,SKU013,Beverages,Central,334.32,0,0,44,4,42.64,1.36
2025-09-06,S05,SKU013,Beverages,Central,339.25,0,0,46,5,45.22,0.78
2025-09-07,S05,SKU013,Beverages,Central,333.45,0,0,44,3,45.22,1.22
2025-09-08,S05,SKU013,Beverages,Central,329.67,0,0,41,8,41.96,0.96
2025-09-09,S05,SKU013,Beverages,Central,329.69,0,0,53,4,42.13,10.87
2025-09-10,S05,SKU013,Beverages,Central,326.86,0,0,40,2,42.39,2.39
2025-09-11,S05,SKU013,Beverages,Central,337.75,0,0,48,7,42.29,5.71
2025-09-12,S05,SKU013,Beverages,Central,329.35,0,0,46,9,42.72,3.28
2025-09-13,S05,SKU013,Beverages,Central,336.23,0,0,46,8,46.39,0.39
2025-09-14,S05,SKU013,Beverages,Central,329.87,0,0,50,4,44.74,5.26
2025-09-15,S05,SKU013,Beverages,Central,325.95,0,0,52,5,42.79,9.21
2025-09-16,S05,SKU013,Beverages,Central,327.25,0,0,43,3,42.62,0.38
2025-09-17,S05,SKU013,Beverages,Central,328.75,0,0,46,4,42.72,3.28
2025-09-18,S05,SKU013,Beverages,Central,327.8,0,0,44,7,42.68,1.32
2025-09-19,S05,SKU013,Beverages,Central,334.64,0,0,38,7,42.74,4.74
2025-09-20,S05,SKU013,Beverages,Central,325.25,0,0,56,8,45.45,10.55
2025-09-21,S05,SKU013,Beverages,Central,328.87,0,0,37,2,45.11,8.11
2025-09-22,S05,SKU013,Beverages,Central,335.63,0,0,47,8,42.92,4.08
2025-09-23,S05,SKU013,Beverages,Central,337.83,0,0,49,4,42.62,6.38
2025-09-24,S05,SKU013,Beverages,Central,324.43,0,0,39,6,42.99,3.99
2025-09-25,S05,SKU013,Beverages,Central,331.56,0,0,47,5,42.99,4.01
2025-09-26,S05,SKU013,Beverages,Central,302.53,1,0,64,3,55.87,8.13
2025-09-27,S05,SKU013,Beverages,Central,298.48,1,0,68,3,62.8,5.2
2025-09-28,S05,SKU013,Beverages,Central,326.75,0,0,53,3,48.08,4.92
2025-09-29,S05,SKU013,Beverages,Central,327.51,0,0,31,2,44.86,13.86
2025-09-30,S05,SKU013,Beverages,Central,335.33,0,0,46,2,43.83,2.17
2025-10-01,S05,SKU013,Beverages,Central,341.71,0,0,37,5,44.81,7.81
2025-10-02,S05,SKU013,Beverages,Central,333.74,0,1,41,5,51.79,10.79
2025-10-03,S05,SKU013,Beverages,Central,328.27,0,0,44,6,44.52,0.52
2025-10-04,S05,SKU013,Beverages,Central,338.46,0,0,45,4,46.52,1.52
2025-10-05,S05,SKU013,Beverages,Central,331.83,0,0,39,3,46.65,7.65
2025-10-06,S05,SKU013,Beverages,Central,302.35,1,0,52,5,56.48,4.48
2025-10-07,S05,SKU013,Beverages,Central,327.85,0,0,53,8,43.89,9.11
2025-10-08,S05,SKU013,Beverages,Central,335.56,0,0,51,4,43.33,7.67
2025-10-09,S05,SKU013,Beverages,Central,337.35,0,0,39,9,44.35,5.35
2025-10-10,S05,SKU013,Beverages,Central,328.04,0,0,39,5,43.17,4.17
2025-10-11,S05,SKU013,Beverages,Central,338.3,0,0,45,8,45.93,0.93
2025-10-12,S05,SKU013,Beverages,Central,336.06,0,0,41,9,46.93,5.93
2025-10-13,S05,SKU013,Beverages,Central,335.68,0,0,44,9,44.16,0.16
2025-10-14,S05,SKU013,Beverages,Central,326.99,0,0,40,8,43.73,3.73
2025-10-15,S05,SKU013,Beverages,Central,333.77,0,0,46,6,43.72,2.28
2025-10-16,S05,SKU013,Beverages,Central,311.9,1,0,52,2,56.17,4.17
2025-10-17,S05,SKU013,Beverages,Central,330.4,0,0,39,4,43.82,4.82
2025-10-18,S05,SKU013,Beverages,Central,340.31,0,0,51,4,47.05,3.95
2025-10-19,S05,SKU013,Beverages,Central,325.36,0,0,46,8,46.83,0.83
2025-10-20,S05,SKU013,Beverages,Central,329.74,0,0,41,3,44.35,3.35
2025-10-21,S05,SKU013,Beverages,Central,327.89,0,0,44,9,44.13,0.13
2025-10-22,S05,SKU013,Beverages,Central,330.06,0,0,44,4,44.03,0.03
2025-10-23,S05,SKU013,Beverages,Central,335.76,0,0,44,5,43.97,0.03
2025-10-24,S05,SKU013,Beverages,Central,333.78,0,0,45,2,43.73,1.27
2025-10-25,S05,SKU013,Beverages,Central,339.63,0,0,47,8,45.52,1.48
2025-10-26,S05,SKU013,Beverages,Central,332.79,0,0,43,7,45.59,2.59
2025-10-27,S05,SKU013,Beverages,Central,336.25,0,0,49,5,42.03,6.97
2025-10-28,S05,SKU013,Beverages,Central,335.22,0,0,39,9,43.26,4.26
2025-10-29,S05,SKU013,Beverages,Central,333.51,0,0,49,9,42.72,6.28
2025-10-30,S05,SKU013,Beverages,Central,323.43,0,0,39,2,43.12,4.12
2025-10-31,S05,SKU013,Beverages,Central,333.55,0,0,48,2,43.0,5.0
2025-11-01,S05,SKU013,Beverages,Central,331.05,0,0,48,7,47.03,0.97
2025-11-02,S05,SKU013,Beverages,Central,329.15,0,0,51,7,46.56,4.44
2025-11-03,S05,SKU013,Beverages,Central,333.29,0,0,43,6,44.23,1.23
2025-11-04,S05,SKU013,Beverages,Central,332.15,0,0,47,3,43.52,3.48
2025-11-05,S05,SKU013,Beverages,Central,339.93,0,0,40,5,43.59,3.59
2025-11-06,S05,SKU013,Beverages,Central,331.55,0,0,45,8,43.36,1.64
2025-11-07,S05,SKU013,Beverages,Central,328.47,0,0,47,8,43.77,3.23
2025-11-08,S05,SKU013,Beverages,Central,335.3,0,0,41,6,46.92,5.92
2025-11-09,S05,SKU013,Beverages,Central,330.38,0,0,50,5,46.44,3.56
2025-11-10,S05,SKU013,Beverages,Central,333.59,0,0,49,7,43.81,5.19
2025-11-11,S05,SKU013,Beverages,Central,344.0,0,0,43,9,44.7,1.7
2025-11-12,S05,SKU013,Beverages,Central,325.52,0,0,46,8,44.46,1.54
2025-11-13,S05,SKU013,Beverages,Central,331.95,0,0,49,4,44.58,4.42
2025-11-14,S05,SKU013,Beverages,Central,334.92,0,0,47,8,44.82,2.18
2025-11-15,S05,SKU013,Beverages,Central,301.26,1,0,77,8,63.59,13.41
2025-11-16,S05,SKU013,Beverages,Central,328.44,0,0,42,8,50.17,8.17
2025-11-17,S05,SKU013,Beverages,Central,332.48,0,0,42,6,45.75,3.75
2025-11-18,S05,SKU013,Beverages,Central,326.58,0,0,50,7,46.2,3.8
2025-11-19,S05,SKU013,Beverages,Central,331.02,0,0,43,5,46.04,3.04
2025-11-20,S05,SKU013,Beverages,Central,321.82,0,0,61,8,46.16,14.84
2025-11-21,S05,SKU013,Beverages,Central,332.63,0,0,40,9,46.43,6.43
2025-11-22,S05,SKU013,Beverages,Central,344.5,0,0,51,6,48.75,2.25
2025-11-23,S05,SKU013,Beverages,Central,329.84,0,0,54,7,49.86,4.14
2025-11-24,S05,SKU013,Beverages,Central,328.56,0,0,45,3,47.5,2.5
2025-11-25,S05,SKU013,Beverages,Central,325.63,0,0,46,2,46.41,0.41
2025-11-26,S05,SKU013,Beverages,Central,333.5,0,0,48,6,47.67,0.33
2025-11-27,S05,SKU013,Beverages,Central,328.5,0,0,46,3,47.06,1.06
2025-11-28,S05,SKU013,Beverages,Central,323.69,0,0,51,8,47.03,3.97
2025-11-29,S05,SKU013,Beverages,Central,329.46,0,0,51,8,52.33,1.33
2025-11-30,S05,SKU013,Beverages,Central,303.18,1,0,74,3,66.33,7.67
2025-12-01,S05,SKU013,Beverages,Central,325.66,0,0,49,4,47.35,1.65
2025-12-02,S05,SKU013,Beverages,Central,332.4,0,0,65,9,48.87,16.13
2025-12-03,S05,SKU013,Beverages,Central,320.23,0,0,51,4,46.51,4.49
2025-12-04,S05,SKU013,Beverages,Central,333.7,0,0,47,7,49.5,2.5
2025-12-05,S05,SKU013,Beverages,Central,323.78,0,0,50,6,49.86,0.14
2025-12-06,S05,SKU013,Beverages,Central,334.29,0,0,57,4,54.49,2.51
2025-12-07,S05,SKU013,Beverages,Central,304.25,1,0,79,5,69.88,9.12
2025-12-08,S05,SKU013,Beverages,Central,341.85,0,0,43,3,51.28,8.28
2025-12-09,S05,SKU013,Beverages,Central,335.67,0,0,54,7,50.2,3.8
2025-12-10,S05,SKU013,Beverages,Central,333.02,0,0,35,4,50.93,15.93
2025-12-11,S05,SKU013,Beverages,Central,336.01,0,0,53,7,50.48,2.52
2025-12-12,S05,SKU013,Beverages,Central,337.73,0,0,49,8,51.32,2.32
2025-12-13,S05,SKU013,Beverages,Central,324.7,0,0,50,4,56.39,6.39
2025-12-14,S05,SKU013,Beverages,Central,340.51,0,0,59,2,53.44,5.56
2025-12-15,S05,SKU013,Beverages,Central,332.2,0,0,46,3,50.24,4.24
2025-12-16,S05,SKU013,Beverages,Central,328.17,0,0,45,8,50.73,5.73
2025-12-17,S05,SKU013,Beverages,Central,327.89,0,0,56,5,49.63,6.37
2025-12-18,S05,SKU013,Beverages,Central,332.63,0,0,54,5,50.45,3.55
2025-12-19,S05,SKU013,Beverages,Central,306.31,1,0,68,5,68.7,0.7
2025-12-20,S05,SKU013,Beverages,Central,336.96,0,0,55,5,56.68,1.68
2025-12-21,S05,SKU013,Beverages,Central,307.24,1,0,67,4,73.27,6.27
2025-12-22,S05,SKU013,Beverages,Central,326.36,0,0,59,8,51.71,7.29
2025-12-23,S05,SKU013,Beverages,Central,332.37,0,0,55,5,53.17,1.83
2025-12-24,S05,SKU013,Beverages,Central,318.81,1,0,73,9,70.52,2.48
2025-12-25,S05,SKU013,Beverages,Central,338.79,0,1,62,8,62.92,0.92
2025-12-26,S05,SKU013,Beverages,Central,329.07,0,0,42,7,54.96,12.96
2025-12-27,S05,SKU013,Beverages,Central,311.87,1,0,71,8,76.51,5.51
2025-12-28,S05,SKU013,Beverages,Central,335.17,0,0,54,5,61.0,7.0
2025-12-29,S05,SKU013,Beverages,Central,327.81,0,0,58,5,54.5,3.5
2025-12-30,S05,SKU013,Beverages,Central,337.91,0,0,48,2,55.57,7.57
2025-12-31,S05,SKU013,Beverages,Central,327.44,0,0,58,7,54.66,3.34
2025-08-13,S05,SKU014,Snacks,Central,46.5,0,0,43,7,39.52,3.48
2025-08-14,S05,SKU014,Snacks,Central,45.13,0,0,43,8,39.21,3.79
2025-08-15,S05,SKU014,Snacks,Central,45.6,0,1,48,3,45.59,2.41
2025-08-16,S05,SKU014,Snacks,Central,45.73,0,0,42,4,43.14,1.14
2025-08-17,S05,SKU014,Snacks,Central,45.14,0,0,36,2,43.73,7.73
2025-08-18,S05,SKU014,Snacks,Central,45.82,0,0,38,2,39.15,1.15
2025-08-19,S05,SKU014,Snacks,Central,44.81,0,0,43,4,38.36,4.64
2025-08-20,S05,SKU014,Snacks,Central,44.82,0,0,38,8,38.77,0.77
2025-08-21,S05,SKU014,Snacks,Central,45.52,0,0,23,9,37.38,14.38
2025-08-22,S05,SKU014,Snacks,Central,46.29,0,0,33,6,37.72,4.72
2025-08-23,S05,SKU014,Snacks,Central,41.45,1,0,51,3,51.38,0.38
2025-08-24,S05,SKU014,Snacks,Central,46.24,0,0,41,7,39.72,1.28
2025-08-25,S05,SKU014,Snacks,Central,46.19,0,0,49,8,37.08,11.92
2025-08-26,S05,SKU014,Snacks,Central,45.26,0,0,42,6,36.23,5.77
2025-08-27,S05,SKU014,Snacks,Central,44.95,0,0,31,5,36.62,5.62
2025-08-28,S05,SKU014,Snacks,Central,45.96,0,0,34,5,36.56,2.56
2025-08-29,S05,SKU014,Snacks,Central,45.79,0,0,38,3,36.44,1.56
2025-08-30,S05,SKU014,Snacks,Central,45.7,0,0,42,9,38.95,3.05
2025-08-31,S05,SKU014,Snacks,Central,45.72,0,0,46,9,38.81,7.19
2025-09-01,S05,SKU014,Snacks,Central,42.3,1,0,41,4,46.2,5.2
2025-09-02,S05,SKU014,Snacks,Central,44.9,0,0,41,3,36.51,4.49
2025-09-03,S05,SKU014,Snacks,Central,46.03,0,0,28,7,36.65,8.65
2025-09-04,S05,SKU014,Snacks,Central,45.5,0,0,39,5,36.11,2.89
2025-09-05,S05,SKU014,Snacks,Central,45.59,0,0,47,5,36.21,10.79
2025-09-06,S05,SKU014,Snacks,Central,45.91,0,0,36,4,38.95,2.95
2025-09-07,S05,SKU014,Snacks,Central,46.3,0,0,39,3,38.95,0.05
2025-09-08,S05,SKU014,Snacks,Central,41.56,1,0,43,7,46.7,3.7
2025-09-09,S05,SKU014,Snacks,Central,44.52,0,0,35,3,35.66,0.66
2025-09-10,S05,SKU014,Snacks,Central,46.29,0,0,43,4,36.08,6.92
2025-09-11,S05,SKU014,Snacks,Central,46.76,0,0,26,4,36.13,10.13
2025-09-12,S05,SKU014,Snacks,Central,45.54,0,0,33,6,35.14,2.14
2025-09-13,S05,SKU014,Snacks,Central,45.86,0,0,40,6,37.63,2.37
2025-09-14,S05,SKU014,Snacks,Central,45.23,0,0,41,8,38.35,2.65
2025-09-15,S05,SKU014,Snacks,Central,45.35,0,0,39,5,34.52,4.48
2025-09-16,S05,SKU014,Snacks,Central,45.51,0,0,34,7,35.22,1.22
2025-09-17,S05,SKU014,Snacks,Central,45.54,0,0,43,4,34.7,8.3
2025-09-18,S05,SKU014,Snacks,Central,46.57,0,0,37,5,34.85,2.15
2025-09-19,S05,SKU014,Snacks,Central,44.86,0,0,34,8,35.69,1.69
2025-09-20,S05,SKU014,Snacks,Central,42.5,1,0,55,9,48.55,6.45
2025-09-21,S05,SKU014,Snacks,Central,44.87,0,0,37,4,39.21,2.21
2025-09-22,S05,SKU014,Snacks,Central,45.77,0,0,44,5,35.32,8.68
2025-09-23,S05,SKU014,Snacks,Central,45.96,0,0,36,7,35.24,0.76
2025-09-24,S05,SKU014,Snacks,Central,44.65,0,0,38,6,35.34,2.66
2025-09-25,S05,SKU014,Snacks,Central,45.37,0,0,43,4,35.37,7.63
2025-09-26,S05,SKU014,Snacks,Central,45.02,0,0,37,3,35.87,1.13
2025-09-27,S05,SKU014,Snacks,Central,45.24,0,0,41,2,40.52,0.48
2025-09-28,S05,SKU014,Snacks,Central,45.19,0,0,35,3,39.47,4.47
2025-09-29,S05,SKU014,Snacks,Central,47.31,0,0,38,7,35.57,2.43
2025-09-30,S05,SKU014,Snacks,Central,45.77,0,0,42,2,35.15,6.85
2025-10-01,S05,SKU014,Snacks,Central,44.13,0,0,40,9,35.23,4.77
2025-10-02,S05,SKU014,Snacks,Central,44.86,0,1,49,8,41.65,7.35
2025-10-03,S05,SKU014,Snacks,Central,44.78,0,0,32,3,36.36,4.36
2025-10-04,S05,SKU014,Snacks,Central,46.69,0,0,46,5,39.2,6.8
2025-10-05,S05,SKU014,Snacks,Central,44.48,0,0,38,6,39.87,1.87
2025-10-06,S05,SKU014,Snacks,Central,46.36,0,0,36,2,37.1,1.1
2025-10-07,S05,SKU014,Snacks,Central,45.17,0,0,34,7,36.34,2.34
2025-10-08,S05,SKU014,Snacks,Central,46.37,0,0,33,5,36.81,3.81
2025-10-09,S05,SKU014,Snacks,Central,44.96,0,0,33,2,34.8,1.8
2025-10-10,S05,SKU014,Snacks,Central,41.88,1,0,52,2,45.75,6.25
2025-10-11,S05,SKU014,Snacks,Central,45.16,0,0,39,6,39.67,0.67
2025-10-12,S05,SKU014,Snacks,Central,45.7,0,0,43,5,39.17,3.83
2025-10-13,S05,SKU014,Snacks,Central,42.61,1,0,55,9,47.92,7.08
2025-10-14,S05,SKU014,Snacks,Central,45.76,0,0,34,7,38.17,4.17
2025-10-15,S05,SKU014,Snacks,Central,45.27,0,0,34,5,38.62,4.62
2025-10-16,S05,SKU014,Snacks,Central,45.58,0,0,33,5,38.28,5.28
2025-10-17,S05,SKU014,Snacks,Central,42.22,1,0,49,5,48.61,0.39
2025-10-18,S05,SKU014,Snacks,Central,45.6,0,0,44,9,39.7,4.3
2025-10-19,S05,SKU014,Snacks,Central,46.38,0,0,39,9,41.07,2.07
2025-10-20,S05,SKU014,Snacks,Central,46.28,0,0,36,9,38.05,2.05
2025-10-21,S05,SKU014,Snacks,Central,46.18,0,0,43,2,37.1,5.9
2025-10-22,S05,SKU014,Snacks,Central,45.83,0,0,37,4,37.47,0.47
2025-10-23,S05,SKU014,Snacks,Central,45.54,0,0,33,4,37.63,4.63
2025-10-24,S05,SKU014,Snacks,Central,45.57,0,0,39,8,37.78,1.22
2025-10-25,S05,SKU014,Snacks,Central,45.18,0,0,44,7,40.5,3.5
2025-10-26,S05,SKU014,Snacks,Central,45.21,0,0,41,5,40.48,0.52
2025-10-27,S05,SKU014,Snacks,Central,45.72,0,0,49,7,38.16,10.84
2025-10-28,S05,SKU014,Snacks,Central,46.03,0,0,35,2,38.28,3.28
2025-10-29,S05,SKU014,Snacks,Central,45.16,0,0,34,9,37.93,3.93
2025-10-30,S05,SKU014,Snacks,Central,46.23,0,0,24,4,37.44,13.44
2025-10-31,S05,SKU014,Snacks,Central,45.87,0,0,31,7,37.13,6.13
2025-11-01,S05,SKU014,Snacks,Central,43.27,1,0,57,2,50.15,6.85
2025-11-02,S05,SKU014,Snacks,Central,45.72,0,0,49,3,40.12,8.88
2025-11-03,S05,SKU014,Snacks,Central,46.46,0,0,34,6,38.24,4.24
2025-11-04,S05,SKU014,Snacks,Central,44.26,0,0,41,6,37.53,3.47
2025-11-05,S05,SKU014,Snacks,Central,44.43,0,0,34,7,38.1,4.1
2025-11-06,S05,SKU014,Snacks,Central,46.32,0,0,36,3,38.18,2.18
2025-11-07,S05,SKU014,Snacks,Central,44.58,0,0,40,9,38.45,1.55
2025-11-08,S05,SKU014,Snacks,Central,46.54,0,0,38,3,42.35,4.35
2025-11-09,S05,SKU014,Snacks,Central,45.51,0,0,44,2,40.63,3.37
2025-11-10,S05,SKU014,Snacks,Central,46.09,0,0,38,8,38.01,0.01
2025-11-11,S05,SKU014,Snacks,Central,44.44,0,0,38,4,37.6,0.4
2025-11-12,S05,SKU014,Snacks,Central,45.41,0,0,40,2,37.67,2.33
2025-11-13,S05,SKU014,Snacks,Central,44.24,0,0,32,2,37.83,5.83
2025-11-14,S05,SKU014,Snacks,Central,46.96,0,0,36,2,38.08,2.08
2025-11-15,S05,SKU014,Snacks,Central,45.3,0,0,43,8,41.62,1.38
2025-11-16,S05,SKU014,Snacks,Central,42.71,1,0,55,8,53.06,1.94
2025-11-17,S05,SKU014,Snacks,Central,44.53,0,0,38,5,37.76,0.24
2025-11-18,S05,SKU014,Snacks,Central,44.68,0,0,41,9,38.82,2.18
2025-11-19,S05,SKU014,Snacks,Central,44.23,0,0,39,9,38.23,0.77
2025-11-20,S05,SKU014,Snacks,Central,44.34,0,0,42,2,38.1,3.9
2025-11-21,S05,SKU014,Snacks,Central,41.74,1,0,54,5,51.22,2.78
2025-11-22,S05,SKU014,Snacks,Central,46.13,0,0,41,6,42.61,1.61
2025-11-23,S05,SKU014,Snacks,Central,41.63,1,0,66,9,55.92,10.08
2025-11-24,S05,SKU014,Snacks,Central,45.54,0,0,31,7,40.01,9.01
2025-11-25,S05,SKU014,Snacks,Central,45.87,0,0,39,3,40.25,1.25
2025-11-26,S05,SKU014,Snacks,Central,46.35,0,0,47,9,40.54,6.46
2025-11-27,S05,SKU014,Snacks,Central,46.9,0,0,40,9,40.99,0.99
2025-11-28,S05,SKU014,Snacks,Central,45.75,0,0,40,8,42.4,2.4
2025-11-29,S05,SKU014,Snacks,Central,45.64,0,0,60,5,45.13,14.87
2025-11-30,S05,SKU014,Snacks,Central,44.99,0,0,47,8,46.63,0.37
2025-12-01,S05,SKU014,Snacks,Central,46.01,0,0,41,2,41.06,0.06
2025-12-02,S05,SKU014,Snacks,Central,45.67,0,0,42,9,42.23,0.23
2025-12-03,S05,SKU014,Snacks,Central,46.25,0,0,39,9,41.91,2.91
2025-12-04,S05,SKU014,Snacks,Central,46.14,0,0,40,8,41.87,1.87
2025-12-05,S05,SKU014,Snacks,Central,45.74,0,0,38,3,42.45,4.45
2025-12-06,S05,SKU014,Snacks,Central,44.59,0,0,49,2,46.04,2.96
2025-12-07,S05,SKU014,Snacks,Central,45.49,0,0,53,2,45.59,7.41
2025-12-08,S05,SKU014,Snacks,Central,47.24,0,0,43,8,41.88,1.12
2025-12-09,S05,SKU014,Snacks,Central,45.3,0,0,44,4,42.71,1.29
2025-12-10,S05,SKU014,Snacks,Central,42.43,1,0,51,5,55.52,4.52
2025-12-11,S05,SKU014,Snacks,Central,45.66,0,0,41,2,43.18,2.18
2025-12-12,S05,SKU014,Snacks,Central,42.51,1,0,60,6,57.06,2.94
2025-12-13,S05,SKU014,Snacks,Central,45.66,0,0,53,6,48.16,4.84
2025-12-14,S05,SKU014,Snacks,Central,46.03,0,0,40,9,49.52,9.52
2025-12-15,S05,SKU014,Snacks,Central,44.93,0,0,50,9,43.91,6.09
2025-12-16,S05,SKU014,Snacks,Central,45.51,0,0,48,8,45.04,2.96
2025-12-17,S05,SKU014,Snacks,Central,44.59,0,0,42,9,45.39,3.39
2025-12-18,S05,SKU014,Snacks,Central,45.63,0,0,41,4,44.9,3.9
2025-12-19,S05,SKU014,Snacks,Central,47.43,0,0,37,5,45.79,8.79
2025-12-20,S05,SKU014,Snacks,Central,45.57,0,0,40,5,47.77,7.77
2025-12-21,S05,SKU014,Snacks,Central,45.5,0,0,53,6,47.12,5.88
2025-12-22,S05,SKU014,Snacks,Central,45.67,0,0,41,2,42.7,1.7
2025-12-23,S05,SKU014,Snacks,Central,46.25,0,0,50,9,43.57,6.43
2025-12-24,S05,SKU014,Snacks,Central,46.02,0,0,43,3,44.09,1.09
2025-12-25,S05,SKU014,Snacks,Central,42.13,1,1,65,9,60.71,4.29
2025-12-26,S05,SKU014,Snacks,Central,45.22,0,0,44,2,43.55,0.45
2025-12-27,S05,SKU014,Snacks,Central,45.77,0,0,39,5,48.66,9.66
2025-12-28,S05,SKU014,Snacks,Central,41.61,1,0,61,7,63.39,2.39
2025-12-29,S05,SKU014,Snacks,Central,45.12,0,0,39,7,45.54,6.54
2025-12-30,S05,SKU014,Snacks,Central,45.77,0,0,44,8,45.89,1.89
2025-12-31,S05,SKU014,Snacks,Central,45.49,0,0,44,8,45.35,1.35
2025-08-13,S05,SKU015,Personal Care,Central,395.01,0,0,16,9,28.91,12.91
2025-08-14,S05,SKU015,Personal Care,Central,393.34,0,0,25,9,27.37,2.37
2025-08-15,S05,SKU015,Personal Care,Central,398.81,0,1,32,6,31.61,0.39
2025-08-16,S05,SKU015,Personal Care,Central,390.17,0,0,26,9,29.72,3.72
2025-08-17,S05,SKU015,Personal Care,Central,400.09,0,0,22,4,29.63,7.63
2025-08-18,S05,SKU015,Personal Care,Central,394.41,0,0,26,6,26.57,0.57
2025-08-19,S05,SKU015,Personal Care,Central,403.44,0,0,30,8,26.13,3.87
2025-08-20,S05,SKU015,Personal Care,Central,366.02,1,0,39,4,36.05,2.95
2025-08-21,S05,SKU015,Personal Care,Central,401.13,0,0,31,9,27.43,3.57
2025-08-22,S05,SKU015,Personal Care,Central,393.38,0,0,19,5,27.35,8.35
2025-08-23,S05,SKU015,Personal Care,Central,359.66,1,0,42,6,38.92,3.08
2025-08-24,S05,SKU015,Personal Care,Central,395.24,0,0,27,9,29.25,2.25
2025-08-25,S05,SKU015,Personal Care,Central,397.23,0,0,30,8,27.01,2.99
2025-08-26,S05,SKU015,Personal Care,Central,393.78,0,0,29,4,27.82,1.18
2025-08-27,S05,SKU015,Personal Care,Central,385.02,0,0,24,7,28.11,4.11
2025-08-28,S05,SKU015,Personal Care,Central,397.03,0,0,23,8,26.34,3.34
2025-08-29,S05,SKU015,Personal Care,Central,393.65,0,0,24,2,25.87,1.87
2025-08-30,S05,SKU015,Personal Care,Central,385.6,0,0,34,8,28.12,5.88
2025-08-31,S05,SKU015,Personal Care,Central,399.12,0,0,20,8,28.51,8.51
2025-09-01,S05,SKU015,Personal Care,Central,389.94,0,0,27,4,25.2,1.8
2025-09-02,S05,SKU015,Personal Care,Central,365.56,1,0,30,7,34.74,4.74
2025-09-03,S05,SKU015,Personal Care,Central,390.62,0,0,29,7,26.06,2.94
2025-09-04,S05,SKU015,Personal Care,Central,393.53,0,0,29,2,25.46,3.54
2025-09-05,S05,SKU015,Personal Care,Central,396.0,0,0,23,5,25.58,2.58
2025-09-06,S05,SKU015,Personal Care,Central,388.85,0,0,17,2,27.7,10.7
2025-09-07,S05,SKU015,Personal Care,Central,398.32,0,0,35,4,27.48,7.52
2025-09-08,S05,SKU015,Personal Care,Central,366.13,1,0,26,4,34.43,8.43
2025-09-09,S05,SKU015,Personal Care,Central,393.98,0,0,19,8,24.98,5.98
2025-09-10,S05,SKU015,Personal Care,Central,396.84,0,0,29,7,24.7,4.3
2025-09-11,S05,SKU015,Personal Care,Central,387.42,0,0,20,2,24.71,4.71
2025-09-12,S05,SKU015,Personal Care,Central,390.16,0,0,18,2,24.93,6.93
2025-09-13,S05,SKU015,Personal Care,Central,394.91,0,0,22,6,25.95,3.95
2025-09-14,S05,SKU015,Personal Care,Central,389.34,0,0,35,9,26.39,8.61
2025-09-15,S05,SKU015,Personal Care,Central,354.92,1,0,39,5,31.42,7.58
2025-09-16,S05,SKU015,Personal Care,Central,396.76,0,0,16,3,24.63,8.63
2025-09-17,S05,SKU015,Personal Care,Central,388.59,0,0,29,3,25.13,3.87
2025-09-18,S05,SKU015,Personal Care,Central,386.32,0,0,27,3,24.52,2.48
2025-09-19,S05,SKU015,Personal Care,Central,388.26,0,0,27,8,24.1,2.9
2025-09-20,S05,SKU015,Personal Care,Central,392.59,0,0,20,3,27.4,7.4
2025-09-21,S05,SKU015,Personal Care,Central,379.66,0,0,28,5,26.02,1.98
2025-09-22,S05,SKU015,Personal Care,Central,390.39,0,0,26,5,24.53,1.47
2025-09-23,S05,SKU015,Personal Care,Central,396.87,0,0,22,9,24.46,2.46
2025-09-24,S05,SKU015,Personal Care,Central,393.01,0,0,33,4,23.83,9.17
2025-09-25,S05,SKU015,Personal Care,Central,388.45,0,0,30,3,23.76,6.24
2025-09-26,S05,SKU015,Personal Care,Central,387.65,0,0,22,2,24.36,2.36
2025-09-27,S05,SKU015,Personal Care,Central,369.17,1,0,39,7,34.24,4.76
2025-09-28,S05,SKU015,Personal Care,Central,383.88,0,0,30,6,27.29,2.71
2025-09-29,S05,SKU015,Personal Care,Central,391.79,0,0,32,9,25.19,6.81
2025-09-30,S05,SKU015,Personal Care,Central,395.28,0,0,21,4,26.23,5.23
2025-10-01,S05,SKU015,Personal Care,Central,390.68,0,0,25,2,24.88,0.12
2025-10-02,S05,SKU015,Personal Care,Central,355.39,1,1,42,8,37.29,4.71
2025-10-03,S05,SKU015,Personal Care,Central,360.33,1,0,27,5,32.09,5.09
2025-10-04,S05,SKU015,Personal Care,Central,386.72,0,0,30,4,27.14,2.86
2025-10-05,S05,SKU015,Personal Care,Central,381.92,0,0,33,2,28.2,4.8
2025-10-06,S05,SKU015,Personal Care,Central,356.18,1,0,36,8,33.55,2.45
2025-10-07,S05,SKU015,Personal Care,Central,396.41,0,0,27,9,26.55,0.45
2025-10-08,S05,SKU015,Personal Care,Central,390.36,0,0,35,7,26.56,8.44
2025-10-09,S05,SKU015,Personal Care,Central,380.72,0,0,22,8,25.47,3.47
2025-10-10,S05,SKU015,Personal Care,Central,359.36,1,0,33,4,33.6,0.6
2025-10-11,S05,SKU015,Personal Care,Central,384.03,0,0,24,4,30.05,6.05
2025-10-12,S05,SKU015,Personal Care,Central,387.6,0,0,24,2,29.68,5.68
2025-10-13,S05,SKU015,Personal Care,Central,397.96,0,0,39,5,26.54,12.46
2025-10-14,S05,SKU015,Personal Care,Central,390.48,0,0,21,5,25.21,4.21
2025-10-15,S05,SKU015,Personal Care,Central,384.53,0,0,23,2,26.63,3.63
2025-10-16,S05,SKU015,Personal Care,Central,396.6,0,0,33,6,25.9,7.1
2025-10-17,S05,SKU015,Personal Care,Central,388.45,0,0,34,8,26.77,7.23
2025-10-18,S05,SKU015,Personal Care,Central,399.33,0,0,30,8,29.71,0.29
2025-10-19,S05,SKU015,Personal Care,Central,361.9,1,0,32,9,39.44,7.44
2025-10-20,S05,SKU015,Personal Care,Central,392.78,0,0,28,6,28.75,0.75
2025-10-21,S05,SKU015,Personal Care,Central,398.06,0,0,27,5,27.88,0.88
2025-10-22,S05,SKU015,Personal Care,Central,388.28,0,0,36,2,28.84,7.16
2025-10-23,S05,SKU015,Personal Care,Central,396.14,0,0,23,8,29.23,6.23
2025-10-24,S05,SKU015,Personal Care,Central,358.89,1,0,32,4,37.26,5.26
2025-10-25,S05,SKU015,Personal Care,Central,395.13,0,0,27,9,31.09,4.09
2025-10-26,S05,SKU015,Personal Care,Central,395.75,0,0,28,2,30.6,2.6
2025-10-27,S05,SKU015,Personal Care,Central,390.58,0,0,26,9,28.63,2.63
2025-10-28,S05,SKU015,Personal Care,Central,392.56,0,0,21,2,27.57,6.57
2025-10-29,S05,SKU015,Personal Care,Central,389.32,0,0,31,4,26.7,4.3
2025-10-30,S05,SKU015,Personal Care,Central,386.81,0,0,26,2,28.04,2.04
2025-10-31,S05,SKU015,Personal Care,Central,391.59,0,0,17,3,27.2,10.2
2025-11-01,S05,SKU015,Personal Care,Central,403.79,0,0,31,8,28.43,2.57
2025-11-02,S05,SKU015,Personal Care,Central,391.22,0,0,30,2,28.49,1.51
2025-11-03,S05,SKU015,Personal Care,Central,402.11,0,0,31,6,26.5,4.5
2025-11-04,S05,SKU015,Personal Care,Central,399.85,0,0,32,4,26.21,5.79
2025-11-05,S05,SKU015,Personal Care,Central,395.19,0,0,32,6,27.02,4.98
2025-11-06,S05,SKU015,Personal Care,Central,388.28,0,0,31,6,26.49,4.51
2025-11-07,S05,SKU015,Personal Care,Central,386.23,0,0,32,5,27.81,4.19
2025-11-08,S05,SKU015,Personal Care,Central,387.07,0,0,35,5,30.44,4.56
2025-11-09,S05,SKU015,Personal Care,Central,383.9,0,0,30,2,31.19,1.19
2025-11-10,S05,SKU015,Personal Care,Central,400.21,0,0,33,4,28.69,4.31
2025-11-11,S05,SKU015,Personal Care,Central,387.28,0,0,29,9,28.33,0.67
2025-11-12,S05,SKU015,Personal Care,Central,387.53,0,0,28,6,28.69,0.69
2025-11-13,S05,SKU015,Personal Care,Central,403.75,0,0,28,8,29.6,1.6
2025-11-14,S05,SKU015,Personal Care,Central,396.31,0,0,31,3,29.23,1.77
2025-11-15,S05,SKU015,Personal Care,Central,388.9,0,0,28,8,30.84,2.84
2025-11-16,S05,SKU015,Personal Care,Central,394.28,0,0,30,2,30.7,0.7
2025-11-17,S05,SKU015,Personal Care,Central,389.62,0,0,29,6,28.25,0.75
2025-11-18,S05,SKU015,Personal Care,Central,360.67,1,0,38,3,35.87,2.13
2025-11-19,S05,SKU015,Personal Care,Central,406.53,0,0,19,4,29.67,10.67
2025-11-20,S05,SKU015,Personal Care,Central,391.13,0,0,24,2,27.47,3.47
2025-11-21,S05,SKU015,Personal Care,Central,395.48,0,0,30,4,27.72,2.28
2025-11-22,S05,SKU015,Personal Care,Central,392.22,0,0,35,2,30.14,4.86
2025-11-23,S05,SKU015,Personal Care,Central,383.61,0,0,32,4,30.52,1.48
2025-11-24,S05,SKU015,Personal Care,Central,392.28,0,0,29,6,28.56,0.44
2025-11-25,S05,SKU015,Personal Care,Central,392.65,0,0,22,2,28.57,6.57
2025-11-26,S05,SKU015,Personal Care,Central,394.42,0,0,32,9,28.79,3.21
2025-11-27,S05,SKU015,Personal Care,Central,390.77,0,0,36,6,29.41,6.59
2025-11-28,S05,SKU015,Personal Care,Central,389.43,0,0,30,3,29.42,0.58
2025-11-29,S05,SKU015,Personal Care,Central,390.67,0,0,26,7,32.3,6.3
2025-11-30,S05,SKU015,Personal Care,Central,388.33,0,0,21,2,32.55,11.55
2025-12-01,S05,SKU015,Personal Care,Central,387.36,0,0,29,2,29.01,0.01
2025-12-02,S05,SKU015,Personal Care,Central,398.15,0,0,29,8,29.83,0.83
2025-12-03,S05,SKU015,Personal Care,Central,366.97,1,0,32,7,39.84,7.84
2025-12-04,S05,SKU015,Personal Care,Central,407.34,0,0,29,6,29.56,0.56
2025-12-05,S05,SKU015,Personal Care,Central,385.19,0,0,32,9,28.98,3.02
2025-12-06,S05,SKU015,Personal Care,Central,389.07,0,0,34,5,31.75,2.25
2025-12-07,S05,SKU015,Personal Care,Central,390.55,0,0,38,5,32.26,5.74
2025-12-08,S05,SKU015,Personal Care,Central,394.71,0,0,33,3,30.17,2.83
2025-12-09,S05,SKU015,Personal Care,Central,394.58,0,0,26,2,30.0,4.0
2025-12-10,S05,SKU015,Personal Care,Central,385.08,0,0,43,7,30.3,12.7
2025-12-11,S05,SKU015,Personal Care,Central,382.54,0,0,27,8,30.3,3.3
2025-12-12,S05,SKU015,Personal Care,Central,351.85,1,0,45,8,40.69,4.31
2025-12-13,S05,SKU015,Personal Care,Central,397.73,0,0,36,4,32.99,3.01
2025-12-14,S05,SKU015,Personal Care,Central,382.7,0,0,31,7,33.62,2.62
2025-12-15,S05,SKU015,Personal Care,Central,393.24,0,0,34,8,31.42,2.58
2025-12-16,S05,SKU015,Personal Care,Central,390.5,0,0,30,5,31.98,1.98
2025-12-17,S05,SKU015,Personal Care,Central,380.06,0,0,34,6,30.79,3.21
2025-12-18,S05,SKU015,Personal Care,Central,381.3,0,0,43,8,32.53,10.47
2025-12-19,S05,SKU015,Personal Care,Central,400.38,0,0,33,5,32.47,0.53
2025-12-20,S05,SKU015,Personal Care,Central,386.05,0,0,41,2,35.36,5.64
2025-12-21,S05,SKU015,Personal Care,Central,389.24,0,0,43,9,34.92,8.08
2025-12-22,S05,SKU015,Personal Care,Central,398.82,0,0,35,8,32.38,2.62
2025-12-23,S05,SKU015,Personal Care,Central,390.66,0,0,42,2,33.13,8.87
2025-12-24,S05,SKU015,Personal Care,Central,383.12,0,0,22,9,34.48,12.48
2025-12-25,S05,SKU015,Personal Care,Central,390.44,0,1,38,5,38.21,0.21
2025-12-26,S05,SKU015,Personal Care,Central,396.89,0,0,26,4,33.39,7.39
2025-12-27,S05,SKU015,Personal Care,Central,389.99,0,0,33,7,35.24,2.24
2025-12-28,S05,SKU015,Personal Care,Central,400.72,0,0,31,7,35.78,4.78
2025-12-29,S05,SKU015,Personal Care,Central,382.05,0,0,29,4,32.87,3.87
2025-12-30,S05,SKU015,Personal Care,Central,374.98,0,0,35,7,32.56,2.44
2025-12-31,S05,SKU015,Personal Care,Central,384.09,0,0,30,8,34.07,4.07
2025-08-13,S05,SKU016,Household,Central,309.84,0,0,57,2,60.25,3.25
2025-08-14,S05,SKU016,Household,Central,308.34,0,0,70,4,60.64,9.36
2025-08-15,S05,SKU016,Household,Central,321.31,0,1,73,2,71.82,1.18
2025-08-16,S05,SKU016,Household,Central,308.63,0,0,66,7,64.86,1.14
2025-08-17,S05,SKU016,Household,Central,307.15,0,0,60,9,64.8,4.8
2025-08-18,S05,SKU016,Household,Central,307.08,0,0,58,3,59.92,1.92
2025-08-19,S05,SKU016,Household,Central,305.44,0,0,64,3,60.26,3.74
2025-08-20,S05,SKU016,Household,Central,308.44,0,0,66,8,59.94,6.06
2025-08-21,S05,SKU016,Household,Central,307.38,0,0,59,8,60.11,1.11
2025-08-22,S05,SKU016,Household,Central,283.36,1,0,75,9,78.63,3.63
2025-08-23,S05,SKU016,Household,Central,304.84,0,0,68,6,64.74,3.26
2025-08-24,S05,SKU016,Household,Central,312.54,0,0,64,2,64.62,0.62
2025-08-25,S05,SKU016,Household,Central,289.05,1,0,81,5,78.35,2.65
2025-08-26,S05,SKU016,Household,Central,305.21,0,0,59,5,60.61,1.61
2025-08-27,S05,SKU016,Household,Central,308.71,0,0,55,5,60.71,5.71
2025-08-28,S05,SKU016,Household,Central,315.25,0,0,54,3,61.03,7.03
2025-08-29,S05,SKU016,Household,Central,315.23,0,0,66,9,60.26,5.74
2025-08-30,S05,SKU016,Household,Central,287.26,1,0,72,8,84.74,12.74
2025-08-31,S05,SKU016,Household,Central,302.52,0,0,58,5,64.97,6.97
2025-09-01,S05,SKU016,Household,Central,314.52,0,0,54,8,58.25,4.25
2025-09-02,S05,SKU016,Household,Central,318.31,0,0,64,8,57.05,6.95
2025-09-03,S05,SKU016,Household,Central,305.65,0,0,69,7,57.5,11.5
2025-09-04,S05,SKU016,Household,Central,314.78,0,0,60,2,58.14,1.86
2025-09-05,S05,SKU016,Household,Central,310.01,0,0,51,2,58.52,7.52
2025-09-06,S05,SKU016,Household,Central,305.77,0,0,66,9,62.36,3.64
2025-09-07,S05,SKU016,Household,Central,307.42,0,0,58,4,61.94,3.94
2025-09-08,S05,SKU016,Household,Central,302.79,0,0,49,5,56.68,7.68
2025-09-09,S05,SKU016,Household,Central,310.85,0,0,54,8,56.91,2.91
2025-09-10,S05,SKU016,Household,Central,317.7,0,0,67,5,57.44,9.56
2025-09-11,S05,SKU016,Household,Central,305.56,0,0,64,8,57.45,6.55
2025-09-12,S05,SKU016,Household,Central,307.71,0,0,58,2,57.87,0.13
2025-09-13,S05,SKU016,Household,Central,304.91,0,0,61,9,60.89,0.11
2025-09-14,S05,SKU016,Household,Central,313.39,0,0,67,9,60.38,6.62
2025-09-15,S05,SKU016,Household,Central,314.58,0,0,59,4,56.83,2.17
2025-09-16,S05,SKU016,Household,Central,285.16,1,0,78,8,75.27,2.73
2025-09-17,S05,SKU016,Household,Central,305.89,0,0,55,7,58.52,3.52
2025-09-18,S05,SKU016,Household,Central,313.74,0,0,61,8,57.56,3.44
2025-09-19,S05,SKU016,Household,Central,288.5,1,0,80,8,76.18,3.82
2025-09-20,S05,SKU016,Household,Central,309.53,0,0,65,3,62.75,2.25
2025-09-21,S05,SKU016,Household,Central,305.75,0,0,67,6,62.72,4.28
2025-09-22,S05,SKU016,Household,Central,307.42,0,0,59,8,58.23,0.77
2025-09-23,S05,SKU016,Household,Central,307.49,0,0,63,4,56.62,6.38
2025-09-24,S05,SKU016,Household,Central,311.06,0,0,58,9,56.55,1.45
2025-09-25,S05,SKU016,Household,Central,307.16,0,0,52,7,57.24,5.24
2025-09-26,S05,SKU016,Household,Central,309.32,0,0,57,5,56.15,0.85
2025-09-27,S05,SKU016,Household,Central,308.29,0,0,69,8,61.3,7.7
2025-09-28,S05,SKU016,Household,Central,284.87,1,0,84,9,82.12,1.88
2025-09-29,S05,SKU016,Household,Central,288.53,1,0,80,4,74.72,5.28
2025-09-30,S05,SKU016,Household,Central,301.77,0,0,57,9,58.98,1.98
2025-10-01,S05,SKU016,Household,Central,301.3,0,0,61,3,59.38,1.62
2025-10-02,S05,SKU016,Household,Central,311.68,0,1,60,8,67.52,7.52
2025-10-03,S05,SKU016,Household,Central,302.26,0,0,53,2,58.83,5.83
2025-10-04,S05,SKU016,Household,Central,305.72,0,0,58,7,64.07,6.07
2025-10-05,S05,SKU016,Household,Central,305.12,0,0,54,6,63.04,9.04
2025-10-06,S05,SKU016,Household,Central,308.87,0,0,60,7,58.67,1.33
2025-10-07,S05,SKU016,Household,Central,314.24,0,0,51,8,59.34,8.34
2025-10-08,S05,SKU016,Household,Central,306.91,0,0,62,7,60.19,1.81
2025-10-09,S05,SKU016,Household,Central,309.01,0,0,61,9,60.26,0.74
2025-10-10,S05,SKU016,Household,Central,310.2,0,0,55,8,60.26,5.26
2025-10-11,S05,SKU016,Household,Central,308.26,0,0,64,9,63.34,0.66
2025-10-12,S05,SKU016,Household,Central,309.38,0,0,66,6,63.63,2.37
2025-10-13,S05,SKU016,Household,Central,277.26,1,0,84,2,76.3,7.7
2025-10-14,S05,SKU016,Household,Central,300.23,0,0,65,3,60.31,4.69
2025-10-15,S05,SKU016,Household,Central,305.84,0,0,65,6,59.37,5.63
2025-10-16,S05,SKU016,Household,Central,314.49,0,0,51,8,59.54,8.54
2025-10-17,S05,SKU016,Household,Central,309.44,0,0,54,4,59.0,5.0
2025-10-18,S05,SKU016,Household,Central,301.94,0,0,78,3,61.78,16.22
2025-10-19,S05,SKU016,Household,Central,302.7,0,0,62,9,62.92,0.92
2025-10-20,S05,SKU016,Household,Central,308.29,0,0,56,6,58.71,2.71
2025-10-21,S05,SKU016,Household,Central,310.45,0,0,59,8,58.69,0.31
2025-10-22,S05,SKU016,Household,Central,307.08,0,0,55,8,59.1,4.1
2025-10-23,S05,SKU016,Household,Central,305.05,0,0,57,3,58.65,1.65
2025-10-24,S05,SKU016,Household,Central,311.65,0,0,65,7,58.87,6.13
2025-10-25,S05,SKU016,Household,Central,304.34,0,0,62,6,63.16,1.16
2025-10-26,S05,SKU016,Household,Central,307.38,0,0,67,7,63.42,3.58
2025-10-27,S05,SKU016,Household,Central,316.32,0,0,63,2,58.87,4.13
2025-10-28,S05,SKU016,Household,Central,315.88,0,0,57,5,58.97,1.97
2025-10-29,S05,SKU016,Household,Central,307.47,0,0,60,7,59.39,0.61
2025-10-30,S05,SKU016,Household,Central,306.95,0,0,55,9,58.93,3.93
2025-10-31,S05,SKU016,Household,Central,309.14,0,0,56,9,57.79,1.79
2025-11-01,S05,SKU016,Household,Central,306.03,0,0,65,9,64.25,0.75
2025-11-02,S05,SKU016,Household,Central,308.79,0,0,61,9,64.85,3.85
2025-11-03,S05,SKU016,Household,Central,285.95,1,0,78,8,77.82,0.18
2025-11-04,S05,SKU016,Household,Central,306.42,0,0,53,6,59.46,6.46
2025-11-05,S05,SKU016,Household,Central,301.91,0,0,62,2,60.22,1.78
2025-11-06,S05,SKU016,Household,Central,302.84,0,0,59,3,60.32,1.32
2025-11-07,S05,SKU016,Household,Central,311.66,0,0,63,3,60.17,2.83
2025-11-08,S05,SKU016,Household,Central,308.74,0,0,64,9,64.99,0.99
2025-11-09,S05,SKU016,Household,Central,308.83,0,0,63,2,65.56,2.56
2025-11-10,S05,SKU016,Household,Central,289.24,1,0,75,5,76.87,1.87
2025-11-11,S05,SKU016,Household,Central,279.71,1,0,84,3,77.4,6.6
2025-11-12,S05,SKU016,Household,Central,303.03,0,0,70,8,61.28,8.72
2025-11-13,S05,SKU016,Household,Central,312.93,0,0,69,8,62.15,6.85
2025-11-14,S05,SKU016,Household,Central,310.55,0,0,71,8,62.64,8.36
2025-11-15,S05,SKU016,Household,Central,304.22,0,0,71,5,68.1,2.9
2025-11-16,S05,SKU016,Household,Central,312.15,0,0,74,7,68.39,5.61
2025-11-17,S05,SKU016,Household,Central,312.96,0,0,65,9,62.55,2.45
2025-11-18,S05,SKU016,Household,Central,307.5,0,0,61,2,61.81,0.81
2025-11-19,S05,SKU016,Household,Central,304.42,0,0,66,7,62.75,3.25
2025-11-20,S05,SKU016,Household,Central,303.17,0,0,66,3,63.55,2.45
2025-11-21,S05,SKU016,Household,Central,301.61,0,0,60,2,64.02,4.02
2025-11-22,S05,SKU016,Household,Central,288.36,1,0,90,2,87.06,2.94
2025-11-23,S05,SKU016,Household,Central,277.24,1,0,87,6,89.36,2.36
2025-11-24,S05,SKU016,Household,Central,313.48,0,0,61,4,66.13,5.13
2025-11-25,S05,SKU016,Household,Central,309.72,0,0,59,6,65.48,6.48
2025-11-26,S05,SKU016,Household,Central,303.91,0,0,64,8,66.03,2.03
2025-11-27,S05,SKU016,Household,Central,310.13,0,0,66,2,66.46,0.46
2025-11-28,S05,SKU016,Household,Central,306.48,0,0,54,8,66.69,12.69
2025-11-29,S05,SKU016,Household,Central,307.39,0,0,60,7,71.12,11.12
2025-11-30,S05,SKU016,Household,Central,311.46,0,0,70,9,71.17,1.17
2025-12-01,S05,SKU016,Household,Central,307.79,0,0,75,8,65.76,9.24
2025-12-02,S05,SKU016,Household,Central,306.2,0,0,64,5,65.27,1.27
2025-12-03,S05,SKU016,Household,Central,305.13,0,0,61,3,66.07,5.07
2025-12-04,S05,SKU016,Household,Central,319.55,0,0,66,2,66.54,0.54
2025-12-05,S05,SKU016,Household,Central,313.48,0,0,65,7,66.3,1.3
2025-12-06,S05,SKU016,Household,Central,308.14,0,0,76,2,71.17,4.83
2025-12-07,S05,SKU016,Household,Central,308.41,0,0,72,7,70.64,1.36
2025-12-08,S05,SKU016,Household,Central,304.4,0,0,67,7,67.31,0.31
2025-12-09,S05,SKU016,Household,Central,305.14,0,0,64,6,65.62,1.62
2025-12-10,S05,SKU016,Household,Central,309.09,0,0,63,5,66.14,3.14
2025-12-11,S05,SKU016,Household,Central,312.3,0,0,66,5,66.25,0.25
2025-12-12,S05,SKU016,Household,Central,307.43,0,0,76,7,65.24,10.76
2025-12-13,S05,SKU016,Household,Central,306.62,0,0,67,8,69.71,2.71
2025-12-14,S05,SKU016,Household,Central,306.35,0,0,77,2,71.63,5.37
2025-12-15,S05,SKU016,Household,Central,305.21,0,0,67,8,65.92,1.08
2025-12-16,S05,SKU016,Household,Central,309.61,0,0,77,7,66.33,10.67
2025-12-17,S05,SKU016,Household,Central,308.22,0,0,57,8,66.61,9.61
2025-12-18,S05,SKU016,Household,Central,311.4,0,0,73,8,66.85,6.15
2025-12-19,S05,SKU016,Household,Central,305.22,0,0,68,7,66.0,2.0
2025-12-20,S05,SKU016,Household,Central,302.5,0,0,80,9,71.32,8.68
2025-12-21,S05,SKU016,Household,Central,302.75,0,0,90,4,71.23,18.77
2025-12-22,S05,SKU016,Household,Central,309.98,0,0,72,8,67.45,4.55
2025-12-23,S05,SKU016,Household,Central,286.0,1,0,85,4,88.91,3.91
2025-12-24,S05,SKU016,Household,Central,320.9,0,0,67,9,67.73,0.73
2025-12-25,S05,SKU016,Household,Central,318.54,0,1,82,4,78.66,3.34
2025-12-26,S05,SKU016,Household,Central,289.56,1,0,101,6,89.87,11.13
2025-12-27,S05,SKU016,Household,Central,305.42,0,0,79,9,75.05,3.95
2025-12-28,S05,SKU016,Household,Central,303.81,0,0,77,9,76.33,0.67
2025-12-29,S05,SKU016,Household,Central,308.05,0,0,64,9,69.9,5.9
2025-12-30,S05,SKU016,Household,Central,308.15,0,0,75,2,71.39,3.61
2025-12-31,S05,SKU016,Household,Central,312.2,0,0,75,8,71.15,3.85
2025-08-13,S05,SKU017,Beverages,Central,416.96,0,0,38,7,33.95,4.05
2025-08-14,S05,SKU017,Beverages,Central,426.7,0,0,30,4,33.87,3.87
2025-08-15,S05,SKU017,Beverages,Central,423.88,0,1,42,5,44.59,2.59
2025-08-16,S05,SKU017,Beverages,Central,428.06,0,0,34,5,36.97,2.97
2025-08-17,S05,SKU017,Beverages,Central,416.83,0,0,32,7,36.62,4.62
2025-08-18,S05,SKU017,Beverages,Central,419.92,0,0,36,6,33.89,2.11
2025-08-19,S05,SKU017,Beverages,Central,421.47,0,0,33,3,32.85,0.15
2025-08-20,S05,SKU017,Beverages,Central,419.67,0,0,31,3,32.79,1.79
2025-08-21,S05,SKU017,Beverages,Central,378.21,1,0,44,7,44.19,0.19
2025-08-22,S05,SKU017,Beverages,Central,408.44,0,0,32,5,34.22,2.22
2025-08-23,S05,SKU017,Beverages,Central,412.9,0,0,42,7,36.63,5.37
2025-08-24,S05,SKU017,Beverages,Central,414.9,0,0,38,5,37.15,0.85
2025-08-25,S05,SKU017,Beverages,Central,422.76,0,0,29,6,34.05,5.05
2025-08-26,S05,SKU017,Beverages,Central,408.58,0,0,27,5,33.93,6.93
2025-08-27,S05,SKU017,Beverages,Central,428.93,0,0,30,7,33.7,3.7
2025-08-28,S05,SKU017,Beverages,Central,424.22,0,0,36,5,33.02,2.98
2025-08-29,S05,SKU017,Beverages,Central,409.64,0,0,33,2,32.98,0.02
2025-08-30,S05,SKU017,Beverages,Central,417.55,0,0,31,9,34.91,3.91
2025-08-31,S05,SKU017,Beverages,Central,415.7,0,0,30,8,34.32,4.32
2025-09-01,S05,SKU017,Beverages,Central,413.7,0,0,38,2,32.43,5.57
2025-09-02,S05,SKU017,Beverages,Central,415.87,0,0,38,6,31.66,6.34
2025-09-03,S05,SKU017,Beverages,Central,421.83,0,0,32,8,31.74,0.26
2025-09-04,S05,SKU017,Beverages,Central,413.85,0,0,32,9,32.14,0.14
2025-09-05,S05,SKU017,Beverages,Central,401.6,0,0,43,8,31.18,11.82
2025-09-06,S05,SKU017,Beverages,Central,420.44,0,0,29,2,34.4,5.4
2025-09-07,S05,SKU017,Beverages,Central,418.54,0,0,35,6,34.41,0.59
2025-09-08,S05,SKU017,Beverages,Central,409.17,0,0,32,2,30.49,1.51
2025-09-09,S05,SKU017,Beverages,Central,415.85,0,0,30,4,31.88,1.88
2025-09-10,S05,SKU017,Beverages,Central,423.15,0,0,40,7,31.21,8.79
2025-09-11,S05,SKU017,Beverages,Central,417.18,0,0,30,4,31.59,1.59
2025-09-12,S05,SKU017,Beverages,Central,422.63,0,0,31,3,31.82,0.82
2025-09-13,S05,SKU017,Beverages,Central,410.21,0,0,35,4,33.42,1.58
2025-09-14,S05,SKU017,Beverages,Central,419.25,0,0,39,9,32.89,6.11
2025-09-15,S05,SKU017,Beverages,Central,417.45,0,0,37,6,31.54,5.46
2025-09-16,S05,SKU017,Beverages,Central,420.5,0,0,26,9,31.66,5.66
2025-09-17,S05,SKU017,Beverages,Central,413.11,0,0,38,9,30.81,7.19
2025-09-18,S05,SKU017,Beverages,Central,425.9,0,0,31,5,31.31,0.31
2025-09-19,S05,SKU017,Beverages,Central,428.45,0,0,36,7,30.94,5.06
2025-09-20,S05,SKU017,Beverages,Central,416.34,0,0,24,6,33.21,9.21
2025-09-21,S05,SKU017,Beverages,Central,416.19,0,0,38,7,32.78,5.22
2025-09-22,S05,SKU017,Beverages,Central,386.18,1,0,46,6,40.1,5.9
2025-09-23,S05,SKU017,Beverages,Central,397.27,1,0,44,7,39.72,4.28
2025-09-24,S05,SKU017,Beverages,Central,419.2,0,0,29,3,32.06,3.06
2025-09-25,S05,SKU017,Beverages,Central,420.17,0,0,36,6,32.4,3.6
2025-09-26,S05,SKU017,Beverages,Central,412.24,0,0,34,7,32.33,1.67
2025-09-27,S05,SKU017,Beverages,Central,417.82,0,0,37,6,35.33,1.67
2025-09-28,S05,SKU017,Beverages,Central,420.0,0,0,39,9,35.28,3.72
2025-09-29,S05,SKU017,Beverages,Central,421.3,0,0,27,7,32.27,5.27
2025-09-30,S05,SKU017,Beverages,Central,418.55,0,0,39,9,32.0,7.0
2025-10-01,S05,SKU017,Beverages,Central,407.6,0,0,37,6,32.33,4.67
2025-10-02,S05,SKU017,Beverages,Central,411.24,0,1,44,8,41.12,2.88
2025-10-03,S05,SKU017,Beverages,Central,418.37,0,0,32,8,33.0,1.0
2025-10-04,S05,SKU017,Beverages,Central,379.2,1,0,51,6,45.73,5.27
2025-10-05,S05,SKU017,Beverages,Central,413.0,0,0,44,5,35.67,8.33
2025-10-06,S05,SKU017,Beverages,Central,412.59,0,0,40,9,34.1,5.9
2025-10-07,S05,SKU017,Beverages,Central,415.76,0,0,22,7,33.84,11.84
2025-10-08,S05,SKU017,Beverages,Central,413.05,0,0,34,3,33.82,0.18
2025-10-09,S05,SKU017,Beverages,Central,420.74,0,0,34,9,33.26,0.74
2025-10-10,S05,SKU017,Beverages,Central,415.95,0,0,47,3,33.36,13.64
2025-10-11,S05,SKU017,Beverages,Central,380.83,1,0,52,2,49.29,2.71
2025-10-12,S05,SKU017,Beverages,Central,421.68,0,0,39,5,37.46,1.54
2025-10-13,S05,SKU017,Beverages,Central,425.93,0,0,33,7,34.97,1.97
2025-10-14,S05,SKU017,Beverages,Central,423.27,0,0,35,8,34.99,0.01
2025-10-15,S05,SKU017,Beverages,Central,420.5,0,0,40,8,35.44,4.56
2025-10-16,S05,SKU017,Beverages,Central,418.81,0,0,36,4,35.41,0.59
2025-10-17,S05,SKU017,Beverages,Central,416.83,0,0,37,4,35.5,1.5
2025-10-18,S05,SKU017,Beverages,Central,420.77,0,0,24,4,37.44,13.44
2025-10-19,S05,SKU017,Beverages,Central,416.33,0,0,32,2,37.78,5.78
2025-10-20,S05,SKU017,Beverages,Central,426.19,0,0,31,8,35.35,4.35
2025-10-21,S05,SKU017,Beverages,Central,417.29,0,0,26,5,35.28,9.28
2025-10-22,S05,SKU017,Beverages,Central,421.74,0,0,34,6,33.25,0.75
2025-10-23,S05,SKU017,Beverages,Central,416.07,0,0,32,2,34.46,2.46
2025-10-24,S05,SKU017,Beverages,Central,423.02,0,0,38,2,34.03,3.97
2025-10-25,S05,SKU017,Beverages,Central,416.01,0,0,41,5,37.81,3.19
2025-10-26,S05,SKU017,Beverages,Central,421.29,0,0,43,4,37.14,5.86
2025-10-27,S05,SKU017,Beverages,Central,422.53,0,0,27,4,34.51,7.51
2025-10-28,S05,SKU017,Beverages,Central,374.38,1,0,40,3,46.3,6.3
2025-10-29,S05,SKU017,Beverages,Central,415.37,0,0,35,8,35.28,0.28
2025-10-30,S05,SKU017,Beverages,Central,424.51,0,0,43,9,35.4,7.6
2025-10-31,S05,SKU017,Beverages,Central,413.44,0,0,36,8,35.6,0.4
2025-11-01,S05,SKU017,Beverages,Central,427.51,0,0,33,7,37.95,4.95
2025-11-02,S05,SKU017,Beverages,Central,407.69,0,0,35,3,38.0,3.0
2025-11-03,S05,SKU017,Beverages,Central,381.08,1,0,46,7,44.82,1.18
2025-11-04,S05,SKU017,Beverages,Central,411.93,0,0,40,2,34.54,5.46
2025-11-05,S05,SKU017,Beverages,Central,413.85,0,0,31,8,35.58,4.58
2025-11-06,S05,SKU017,Beverages,Central,412.74,0,0,33,5,35.3,2.3
2025-11-07,S05,SKU017,Beverages,Central,414.08,0,0,34,9,35.78,1.78
2025-11-08,S05,SKU017,Beverages,Central,412.72,0,0,39,8,37.27,1.73
2025-11-09,S05,SKU017,Beverages,Central,415.46,0,0,43,8,37.26,5.74
2025-11-10,S05,SKU017,Beverages,Central,417.16,0,0,33,4,35.08,2.08
2025-11-11,S05,SKU017,Beverages,Central,417.9,0,0,30,2,34.76,4.76
2025-11-12,S05,SKU017,Beverages,Central,417.51,0,0,40,6,34.83,5.17
2025-11-13,S05,SKU017,Beverages,Central,408.09,0,0,45,5,35.19,9.81
2025-11-14,S05,SKU017,Beverages,Central,419.46,0,0,35,9,34.86,0.14
2025-11-15,S05,SKU017,Beverages,Central,390.12,1,0,49,8,47.44,1.56
2025-11-16,S05,SKU017,Beverages,Central,385.66,1,0,50,9,50.76,0.76
2025-11-17,S05,SKU017,Beverages,Central,380.99,1,0,45,5,48.99,3.99
2025-11-18,S05,SKU017,Beverages,Central,417.33,0,0,31,3,36.74,5.74
2025-11-19,S05,SKU017,Beverages,Central,415.91,0,0,38,9,37.3,0.7
2025-11-20,S05,SKU017,Beverages,Central,422.95,0,0,27,3,37.21,10.21
2025-11-21,S05,SKU017,Beverages,Central,418.65,0,0,32,7,36.46,4.46
2025-11-22,S05,SKU017,Beverages,Central,426.94,0,0,47,3,38.5,8.5
2025-11-23,S05,SKU017,Beverages,Central,427.88,0,0,34,5,38.72,4.72
2025-11-24,S05,SKU017,Beverages,Central,418.13,0,0,33,6,36.24,3.24
2025-11-25,S05,SKU017,Beverages,Central,412.65,0,0,37,8,36.61,0.39
2025-11-26,S05,SKU017,Beverages,Central,417.85,0,0,37,8,36.16,0.84
2025-11-27,S05,SKU017,Beverages,Central,415.25,0,0,27,5,36.89,9.89
2025-11-28,S05,SKU017,Beverages,Central,413.16,0,0,36,9,36.4,0.4
2025-11-29,S05,SKU017,Beverages,Central,415.43,0,0,51,9,39.27,11.73
2025-11-30,S05,SKU017,Beverages,Central,416.84,0,0,32,9,38.96,6.96
2025-12-01,S05,SKU017,Beverages,Central,415.17,0,0,37,4,37.1,0.1
2025-12-02,S05,SKU017,Beverages,Central,408.56,0,0,36,3,36.69,0.69
2025-12-03,S05,SKU017,Beverages,Central,414.39,0,0,37,9,36.47,0.53
2025-12-04,S05,SKU017,Beverages,Central,419.84,0,0,37,6,36.75,0.25
2025-12-05,S05,SKU017,Beverages,Central,402.3,0,0,40,4,36.5,3.5
2025-12-06,S05,SKU017,Beverages,Central,436.55,0,0,37,6,39.35,2.35
2025-12-07,S05,SKU017,Beverages,Central,414.53,0,0,38,8,39.8,1.8
2025-12-08,S05,SKU017,Beverages,Central,420.27,0,0,35,8,35.9,0.9
2025-12-09,S05,SKU017,Beverages,Central,420.2,0,0,37,9,36.35,0.65
2025-12-10,S05,SKU017,Beverages,Central,427.59,0,0,33,9,36.44,3.44
2025-12-11,S05,SKU017,Beverages,Central,417.33,0,0,39,7,36.87,2.13
2025-12-12,S05,SKU017,Beverages,Central,426.51,0,0,35,9,36.35,1.35
2025-12-13,S05,SKU017,Beverages,Central,407.15,0,0,37,4,39.96,2.96
2025-12-14,S05,SKU017,Beverages,Central,389.92,1,0,51,5,52.53,1.53
2025-12-15,S05,SKU017,Beverages,Central,417.02,0,0,34,4,36.01,2.01
2025-12-16,S05,SKU017,Beverages,Central,421.59,0,0,33,6,35.75,2.75
2025-12-17,S05,SKU017,Beverages,Central,413.42,0,0,49,8,36.52,12.48
2025-12-18,S05,SKU017,Beverages,Central,418.92,0,0,38,9,36.57,1.43
2025-12-19,S05,SKU017,Beverages,Central,418.02,0,0,38,6,36.49,1.51
2025-12-20,S05,SKU017,Beverages,Central,432.21,0,0,47,9,39.47,7.53
2025-12-21,S05,SKU017,Beverages,Central,419.35,0,0,51,6,39.46,11.54
2025-12-22,S05,SKU017,Beverages,Central,419.38,0,0,51,9,37.16,13.84
2025-12-23,S05,SKU017,Beverages,Central,414.38,0,0,37,4,38.79,1.79
2025-12-24,S05,SKU017,Beverages,Central,415.42,0,0,42,7,38.07,3.93
2025-12-25,S05,SKU017,Beverages,Central,411.05,0,1,57,6,48.94,8.06
2025-12-26,S05,SKU017,Beverages,Central,418.06,0,0,44,6,39.97,4.03
2025-12-27,S05,SKU017,Beverages,Central,425.57,0,0,46,9,42.6,3.4
2025-12-28,S05,SKU017,Beverages,Central,419.51,0,0,35,5,42.93,7.93
2025-12-29,S05,SKU017,Beverages,Central,418.95,0,0,39,5,39.42,0.42
2025-12-30,S05,SKU017,Beverages,Central,426.55,0,0,49,7,39.11,9.89
2025-12-31,S05,SKU017,Beverages,Central,414.56,0,0,31,3,40.85,9.85
2025-08-13,S05,SKU018,Snacks,Central,363.61,0,0,60,2,53.97,6.03
2025-08-14,S05,SKU018,Snacks,Central,355.16,0,0,58,8,53.78,4.22
2025-08-15,S05,SKU018,Snacks,Central,356.84,0,1,65,4,60.95,4.05
2025-08-16,S05,SKU018,Snacks,Central,364.28,0,0,64,6,58.18,5.82
2025-08-17,S05,SKU018,Snacks,Central,377.54,0,0,56,2,58.79,2.79
2025-08-18,S05,SKU018,Snacks,Central,355.75,0,0,54,3,53.64,0.36
2025-08-19,S05,SKU018,Snacks,Central,356.09,0,0,49,8,53.57,4.57
2025-08-20,S05,SKU018,Snacks,Central,363.95,0,0,54,5,54.16,0.16
2025-08-21,S05,SKU018,Snacks,Central,373.03,0,0,50,6,53.22,3.22
2025-08-22,S05,SKU018,Snacks,Central,367.21,0,0,51,4,52.53,1.53
2025-08-23,S05,SKU018,Snacks,Central,360.34,0,0,59,4,56.12,2.88
2025-08-24,S05,SKU018,Snacks,Central,362.86,0,0,61,3,56.05,4.95
2025-08-25,S05,SKU018,Snacks,Central,355.72,0,0,55,4,51.68,3.32
2025-08-26,S05,SKU018,Snacks,Central,365.1,0,0,46,2,51.39,5.39
2025-08-27,S05,SKU018,Snacks,Central,366.98,0,0,52,8,51.79,0.21
2025-08-28,S05,SKU018,Snacks,Central,371.34,0,0,56,2,51.68,4.32
2025-08-29,S05,SKU018,Snacks,Central,367.25,0,0,44,5,51.14,7.14
2025-08-30,S05,SKU018,Snacks,Central,348.63,0,0,51,9,54.72,3.72
2025-08-31,S05,SKU018,Snacks,Central,367.32,0,0,62,3,54.58,7.42
2025-09-01,S05,SKU018,Snacks,Central,372.09,0,0,39,8,50.88,11.88
2025-09-02,S05,SKU018,Snacks,Central,357.29,0,0,53,5,50.72,2.28
2025-09-03,S05,SKU018,Snacks,Central,357.54,0,0,49,3,50.54,1.54
2025-09-04,S05,SKU018,Snacks,Central,359.92,0,0,59,3,50.02,8.98
2025-09-05,S05,SKU018,Snacks,Central,370.23,0,0,58,2,50.29,7.71
2025-09-06,S05,SKU018,Snacks,Central,363.09,0,0,49,3,53.74,4.74
2025-09-07,S05,SKU018,Snacks,Central,367.11,0,0,63,9,54.03,8.97
2025-09-08,S05,SKU018,Snacks,Central,365.42,0,0,48,2,49.77,1.77
2025-09-09,S05,SKU018,Snacks,Central,367.44,0,0,58,7,50.28,7.72
2025-09-10,S05,SKU018,Snacks,Central,364.39,0,0,44,4,50.08,6.08
2025-09-11,S05,SKU018,Snacks,Central,368.38,0,0,47,7,49.36,2.36
2025-09-12,S05,SKU018,Snacks,Central,349.36,0,0,55,8,49.31,5.69
2025-09-13,S05,SKU018,Snacks,Central,359.25,0,0,51,3,52.66,1.66
2025-09-14,S05,SKU018,Snacks,Central,355.34,0,0,61,4,52.18,8.82
2025-09-15,S05,SKU018,Snacks,Central,352.45,0,0,52,4,48.88,3.12
2025-09-16,S05,SKU018,Snacks,Central,365.07,0,0,55,3,49.44,5.56
2025-09-17,S05,SKU018,Snacks,Central,337.13,1,0,76,8,65.1,10.9
2025-09-18,S05,SKU018,Snacks,Central,370.54,0,0,63,5,49.18,13.82
2025-09-19,S05,SKU018,Snacks,Central,366.18,0,0,53,5,51.42,1.58
2025-09-20,S05,SKU018,Snacks,Central,362.6,0,0,52,8,55.11,3.11
2025-09-21,S05,SKU018,Snacks,Central,360.34,0,0,55,7,55.11,0.11
2025-09-22,S05,SKU018,Snacks,Central,366.16,0,0,48,8,50.91,2.91
2025-09-23,S05,SKU018,Snacks,Central,329.57,1,0,73,3,67.11,5.89
2025-09-24,S05,SKU018,Snacks,Central,363.02,0,0,52,7,49.75,2.25
2025-09-25,S05,SKU018,Snacks,Central,361.36,0,0,52,7,51.3,0.7
2025-09-26,S05,SKU018,Snacks,Central,351.52,0,0,55,4,50.6,4.4
2025-09-27,S05,SKU018,Snacks,Central,361.21,0,0,53,6,54.57,1.57
2025-09-28,S05,SKU018,Snacks,Central,367.53,0,0,60,8,55.81,4.19
2025-09-29,S05,SKU018,Snacks,Central,367.91,0,0,58,8,50.31,7.69
2025-09-30,S05,SKU018,Snacks,Central,328.44,1,0,74,3,68.3,5.7
2025-10-01,S05,SKU018,Snacks,Central,366.99,0,0,47,8,52.22,5.22
2025-10-02,S05,SKU018,Snacks,Central,326.72,1,1,75,3,73.25,1.75
2025-10-03,S05,SKU018,Snacks,Central,364.61,0,0,55,5,53.49,1.51
2025-10-04,S05,SKU018,Snacks,Central,346.78,0,0,59,8,56.83,2.17
2025-10-05,S05,SKU018,Snacks,Central,359.15,0,0,57,4,57.62,0.62
2025-10-06,S05,SKU018,Snacks,Central,354.14,0,0,46,6,53.75,7.75
2025-10-07,S05,SKU018,Snacks,Central,363.63,0,0,42,7,53.38,11.38
2025-10-08,S05,SKU018,Snacks,Central,362.23,0,0,53,9,52.13,0.87
2025-10-09,S05,SKU018,Snacks,Central,361.74,0,0,51,2,52.55,1.55
2025-10-10,S05,SKU018,Snacks,Central,370.17,0,0,53,6,53.05,0.05
2025-10-11,S05,SKU018,Snacks,Central,365.4,0,0,62,8,56.29,5.71
2025-10-12,S05,SKU018,Snacks,Central,362.64,0,0,52,6,57.09,5.09
2025-10-13,S05,SKU018,Snacks,Central,372.26,0,0,54,5,52.42,1.58
2025-10-14,S05,SKU018,Snacks,Central,364.95,0,0,53,7,52.64,0.36
2025-10-15,S05,SKU018,Snacks,Central,361.56,0,0,54,2,54.29,0.29
2025-10-16,S05,SKU018,Snacks,Central,358.71,0,0,58,2,52.4,5.6
2025-10-17,S05,SKU018,Snacks,Central,356.67,0,0,51,7,52.66,1.66
2025-10-18,S05,SKU018,Snacks,Central,364.22,0,0,57,9,55.75,1.25
2025-10-19,S05,SKU018,Snacks,Central,358.51,0,0,49,2,56.08,7.08
2025-10-20,S05,SKU018,Snacks,Central,354.95,0,0,58,6,53.2,4.8
2025-10-21,S05,SKU018,Snacks,Central,367.2,0,0,39,2,53.69,14.69
2025-10-22,S05,SKU018,Snacks,Central,360.41,0,0,48,6,51.88,3.88
2025-10-23,S05,SKU018,Snacks,Central,357.32,0,0,53,7,51.85,1.15
2025-10-24,S05,SKU018,Snacks,Central,349.19,0,0,53,9,51.67,1.33
2025-10-25,S05,SKU018,Snacks,Central,370.59,0,0,58,5,55.78,2.22
2025-10-26,S05,SKU018,Snacks,Central,355.05,0,0,64,4,55.12,8.88
2025-10-27,S05,SKU018,Snacks,Central,370.97,0,0,57,8,52.2,4.8
2025-10-28,S05,SKU018,Snacks,Central,357.96,0,0,58,8,50.65,7.35
2025-10-29,S05,SKU018,Snacks,Central,348.23,0,0,54,6,52.23,1.77
2025-10-30,S05,SKU018,Snacks,Central,373.61,0,0,54,2,52.74,1.26
2025-10-31,S05,SKU018,Snacks,Central,352.21,0,0,53,5,51.78,1.22
2025-11-01,S05,SKU018,Snacks,Central,366.66,0,0,62,6,57.05,4.95
2025-11-02,S05,SKU018,Snacks,Central,367.18,0,0,60,3,56.59,3.41
2025-11-03,S05,SKU018,Snacks,Central,369.86,0,0,55,9,52.62,2.38
2025-11-04,S05,SKU018,Snacks,Central,371.05,0,0,46,5,52.87,6.87
2025-11-05,S05,SKU018,Snacks,Central,358.63,0,0,50,3,52.36,2.36
2025-11-06,S05,SKU018,Snacks,Central,362.16,0,0,56,3,52.46,3.54
2025-11-07,S05,SKU018,Snacks,Central,333.96,1,0,67,2,68.22,1.22
2025-11-08,S05,SKU018,Snacks,Central,365.04,0,0,59,2,57.09,1.91
2025-11-09,S05,SKU018,Snacks,Central,331.65,1,0,76,8,74.97,1.03
2025-11-10,S05,SKU018,Snacks,Central,353.71,0,0,56,4,54.96,1.04
2025-11-11,S05,SKU018,Snacks,Central,367.06,0,0,55,4,54.99,0.01
2025-11-12,S05,SKU018,Snacks,Central,355.86,0,0,46,3,54.89,8.89
2025-11-13,S05,SKU018,Snacks,Central,357.32,0,0,49,7,55.07,6.07
2025-11-14,S05,SKU018,Snacks,Central,368.55,0,0,59,2,53.92,5.08
2025-11-15,S05,SKU018,Snacks,Central,364.41,0,0,60,9,59.7,0.3
2025-11-16,S05,SKU018,Snacks,Central,358.33,0,0,56,3,58.93,2.93
2025-11-17,S05,SKU018,Snacks,Central,333.22,1,0,72,9,71.24,0.76
2025-11-18,S05,SKU018,Snacks,Central,337.54,1,0,77,2,70.75,6.25
2025-11-19,S05,SKU018,Snacks,Central,362.56,0,0,56,8,56.05,0.05
2025-11-20,S05,SKU018,Snacks,Central,356.56,0,0,54,6,57.4,3.4
2025-11-21,S05,SKU018,Snacks,Central,361.65,0,0,54,8,57.88,3.88
2025-11-22,S05,SKU018,Snacks,Central,363.23,0,0,54,6,61.25,7.25
2025-11-23,S05,SKU018,Snacks,Central,369.05,0,0,54,5,61.34,7.34
2025-11-24,S05,SKU018,Snacks,Central,368.75,0,0,54,4,56.59,2.59
2025-11-25,S05,SKU018,Snacks,Central,359.94,0,0,61,2,57.14,3.86
2025-11-26,S05,SKU018,Snacks,Central,363.31,0,0,53,5,57.15,4.15
2025-11-27,S05,SKU018,Snacks,Central,358.38,0,0,50,8,57.05,7.05
2025-11-28,S05,SKU018,Snacks,Central,362.62,0,0,58,2,57.12,0.88
2025-11-29,S05,SKU018,Snacks,Central,356.35,0,0,59,9,61.5,2.5
2025-11-30,S05,SKU018,Snacks,Central,337.41,1,0,80,6,79.26,0.74
2025-12-01,S05,SKU018,Snacks,Central,362.55,0,0,62,4,59.46,2.54
2025-12-02,S05,SKU018,Snacks,Central,363.4,0,0,50,5,57.39,7.39
2025-12-03,S05,SKU018,Snacks,Central,364.96,0,0,52,8,58.39,6.39
2025-12-04,S05,SKU018,Snacks,Central,368.88,0,0,51,8,58.4,7.4
2025-12-05,S05,SKU018,Snacks,Central,336.85,1,0,74,9,73.39,0.61
2025-12-06,S05,SKU018,Snacks,Central,363.34,0,0,63,7,62.02,0.98
2025-12-07,S05,SKU018,Snacks,Central,359.34,0,0,60,8,63.03,3.03
2025-12-08,S05,SKU018,Snacks,Central,367.39,0,0,66,4,58.35,7.65
2025-12-09,S05,SKU018,Snacks,Central,359.66,0,0,65,4,58.78,6.22
2025-12-10,S05,SKU018,Snacks,Central,366.09,0,0,49,4,57.9,8.9
2025-12-11,S05,SKU018,Snacks,Central,362.15,0,0,57,4,57.23,0.23
2025-12-12,S05,SKU018,Snacks,Central,362.08,0,0,61,5,58.55,2.45
2025-12-13,S05,SKU018,Snacks,Central,369.3,0,0,56,5,63.94,7.94
2025-12-14,S05,SKU018,Snacks,Central,358.15,0,0,58,7,64.8,6.8
2025-12-15,S05,SKU018,Snacks,Central,329.46,1,0,85,3,74.82,10.18
2025-12-16,S05,SKU018,Snacks,Central,368.5,0,0,55,9,58.99,3.99
2025-12-17,S05,SKU018,Snacks,Central,368.79,0,0,57,2,57.59,0.59
2025-12-18,S05,SKU018,Snacks,Central,363.05,0,0,63,9,58.26,4.74
2025-12-19,S05,SKU018,Snacks,Central,362.76,0,0,64,2,58.78,5.22
2025-12-20,S05,SKU018,Snacks,Central,363.37,0,0,74,3,65.1,8.9
2025-12-21,S05,SKU018,Snacks,Central,357.35,0,0,72,5,64.75,7.25
2025-12-22,S05,SKU018,Snacks,Central,369.04,0,0,67,8,59.7,7.3
2025-12-23,S05,SKU018,Snacks,Central,357.87,0,0,68,2,61.26,6.74
2025-12-24,S05,SKU018,Snacks,Central,360.23,0,0,69,2,61.06,7.94
2025-12-25,S05,SKU018,Snacks,Central,334.23,1,1,89,9,87.67,1.33
2025-12-26,S05,SKU018,Snacks,Central,361.76,0,0,77,2,63.26,13.74
2025-12-27,S05,SKU018,Snacks,Central,332.96,1,0,80,2,90.28,10.28
2025-12-28,S05,SKU018,Snacks,Central,368.79,0,0,64,8,68.86,4.86
2025-12-29,S05,SKU018,Snacks,Central,364.55,0,0,65,6,63.01,1.99
2025-12-30,S05,SKU018,Snacks,Central,362.32,0,0,59,8,62.81,3.81
2025-12-31,S05,SKU018,Snacks,Central,352.27,0,0,59,9,62.7,3.7
2025-08-13,S05,SKU019,Personal Care,Central,235.76,0,0,14,9,24.38,10.38
2025-08-14,S05,SKU019,Personal Care,Central,248.27,0,0,29,2,23.03,5.97
2025-08-15,S05,SKU019,Personal Care,Central,237.25,0,1,34,6,30.23,3.77
2025-08-16,S05,SKU019,Personal Care,Central,240.47,0,0,24,2,25.98,1.98
2025-08-17,S05,SKU019,Personal Care,Central,241.09,0,0,28,2,25.84,2.16
2025-08-18,S05,SKU019,Personal Care,Central,239.1,0,0,21,6,24.2,3.2
2025-08-19,S05,SKU019,Personal Care,Central,247.78,0,0,22,2,23.53,1.53
2025-08-20,S05,SKU019,Personal Care,Central,222.53,1,0,22,2,30.1,8.1
2025-08-21,S05,SKU019,Personal Care,Central,242.46,0,0,24,7,23.67,0.33
2025-08-22,S05,SKU019,Personal Care,Central,242.67,0,0,24,3,23.84,0.16
2025-08-23,S05,SKU019,Personal Care,Central,218.31,1,0,30,8,32.49,2.49
2025-08-24,S05,SKU019,Personal Care,Central,242.97,0,0,27,6,25.25,1.75
2025-08-25,S05,SKU019,Personal Care,Central,236.6,0,0,23,4,23.3,0.3
2025-08-26,S05,SKU019,Personal Care,Central,242.27,0,0,23,3,23.64,0.64
2025-08-27,S05,SKU019,Personal Care,Central,232.74,0,0,29,7,23.41,5.59
2025-08-28,S05,SKU019,Personal Care,Central,216.69,1,0,28,4,30.22,2.22
2025-08-29,S05,SKU019,Personal Care,Central,243.71,0,0,21,3,23.33,2.33
2025-08-30,S05,SKU019,Personal Care,Central,241.16,0,0,17,4,25.35,8.35
2025-08-31,S05,SKU019,Personal Care,Central,240.16,0,0,25,6,24.98,0.02
2025-09-01,S05,SKU019,Personal Care,Central,245.84,0,0,14,4,23.31,9.31
2025-09-02,S05,SKU019,Personal Care,Central,241.15,0,0,22,3,21.93,0.07
2025-09-03,S05,SKU019,Personal Care,Central,241.12,0,0,23,6,22.12,0.88
2025-09-04,S05,SKU019,Personal Care,Central,238.85,0,0,28,2,22.14,5.86
2025-09-05,S05,SKU019,Personal Care,Central,232.39,0,0,17,4,22.44,5.44
2025-09-06,S05,SKU019,Personal Care,Central,238.48,0,0,24,5,23.94,0.06
2025-09-07,S05,SKU019,Personal Care,Central,243.62,0,0,25,5,23.5,1.5
2025-09-08,S05,SKU019,Personal Care,Central,241.6,0,0,10,4,21.31,11.31
2025-09-09,S05,SKU019,Personal Care,Central,235.17,0,0,20,9,20.36,0.36
2025-09-10,S05,SKU019,Personal Care,Central,239.34,0,0,11,5,21.24,10.24
2025-09-11,S05,SKU019,Personal Care,Central,236.4,0,0,22,8,21.29,0.71
2025-09-12,S05,SKU019,Personal Care,Central,225.17,1,0,38,8,27.81,10.19
2025-09-13,S05,SKU019,Personal Care,Central,237.42,0,0,16,3,22.41,6.41
2025-09-14,S05,SKU019,Personal Care,Central,213.5,1,0,30,8,27.89,2.11
2025-09-15,S05,SKU019,Personal Care,Central,242.66,0,0,16,3,20.85,4.85
2025-09-16,S05,SKU019,Personal Care,Central,239.24,0,0,31,7,20.38,10.62
2025-09-17,S05,SKU019,Personal Care,Central,243.53,0,0,17,2,22.6,5.6
2025-09-18,S05,SKU019,Personal Care,Central,240.35,0,0,22,3,21.13,0.87
2025-09-19,S05,SKU019,Personal Care,Central,237.55,0,0,19,4,21.06,2.06
2025-09-20,S05,SKU019,Personal Care,Central,238.34,0,0,16,3,22.74,6.74
2025-09-21,S05,SKU019,Personal Care,Central,221.32,1,0,21,7,28.75,7.75
2025-09-22,S05,SKU019,Personal Care,Central,242.0,0,0,19,6,18.56,0.44
2025-09-23,S05,SKU019,Personal Care,Central,249.75,0,0,30,7,20.14,9.86
2025-09-24,S05,SKU019,Personal Care,Central,242.47,0,0,22,9,19.7,2.3
2025-09-25,S05,SKU019,Personal Care,Central,240.97,0,0,25,4,19.97,5.03
2025-09-26,S05,SKU019,Personal Care,Central,243.13,0,0,12,7,19.09,7.09
2025-09-27,S05,SKU019,Personal Care,Central,239.16,0,0,27,2,20.83,6.17
2025-09-28,S05,SKU019,Personal Care,Central,235.13,0,0,18,2,21.75,3.75
2025-09-29,S05,SKU019,Personal Care,Central,233.49,0,0,10,7,19.55,9.55
2025-09-30,S05,SKU019,Personal Care,Central,242.19,0,0,20,4,19.48,0.52
2025-10-01,S05,SKU019,Personal Care,Central,242.65,0,0,14,3,20.54,6.54
2025-10-02,S05,SKU019,Personal Care,Central,236.32,0,1,29,4,21.19,7.81
2025-10-03,S05,SKU019,Personal Care,Central,241.13,0,0,29,3,20.04,8.96
2025-10-04,S05,SKU019,Personal Care,Central,240.51,0,0,24,7,21.62,2.38
2025-10-05,S05,SKU019,Personal Care,Central,243.93,0,0,24,8,20.95,3.05
2025-10-06,S05,SKU019,Personal Care,Central,239.33,0,0,26,2,20.72,5.28
2025-10-07,S05,SKU019,Personal Care,Central,240.82,0,0,15,2,20.47,5.47
2025-10-08,S05,SKU019,Personal Care,Central,240.07,0,0,25,8,20.32,4.68
2025-10-09,S05,SKU019,Personal Care,Central,237.69,0,0,23,4,20.96,2.04
2025-10-10,S05,SKU019,Personal Care,Central,239.68,0,0,23,5,20.63,2.37
2025-10-11,S05,SKU019,Personal Care,Central,238.19,0,0,24,5,21.46,2.54
2025-10-12,S05,SKU019,Personal Care,Central,225.96,1,0,37,8,29.42,7.58
2025-10-13,S05,SKU019,Personal Care,Central,223.16,1,0,31,6,26.67,4.33
2025-10-14,S05,SKU019,Personal Care,Central,237.21,0,0,23,5,21.51,1.49
2025-10-15,S05,SKU019,Personal Care,Central,245.25,0,0,11,6,21.87,10.87
2025-10-16,S05,SKU019,Personal Care,Central,241.12,0,0,19,8,20.92,1.92
2025-10-17,S05,SKU019,Personal Care,Central,238.64,0,0,23,5,20.66,2.34
2025-10-18,S05,SKU019,Personal Care,Central,247.79,0,0,34,5,22.34,11.66
2025-10-19,S05,SKU019,Personal Care,Central,237.53,0,0,19,7,23.0,4.0
2025-10-20,S05,SKU019,Personal Care,Central,244.51,0,0,21,3,20.92,0.08
2025-10-21,S05,SKU019,Personal Care,Central,239.82,0,0,26,4,21.39,4.61
2025-10-22,S05,SKU019,Personal Care,Central,232.54,0,0,28,6,21.4,6.6
2025-10-23,S05,SKU019,Personal Care,Central,241.6,0,0,22,2,21.54,0.46
2025-10-24,S05,SKU019,Personal Care,Central,225.2,1,0,29,5,28.75,0.25
2025-10-25,S05,SKU019,Personal Care,Central,236.43,0,0,27,6,23.18,3.82
2025-10-26,S05,SKU019,Personal Care,Central,238.98,0,0,25,9,24.28,0.72
2025-10-27,S05,SKU019,Personal Care,Central,242.37,0,0,29,7,22.75,6.25
2025-10-28,S05,SKU019,Personal Care,Central,238.4,0,0,20,4,23.15,3.15
2025-10-29,S05,SKU019,Personal Care,Central,238.63,0,0,30,3,22.46,7.54
2025-10-30,S05,SKU019,Personal Care,Central,235.97,0,0,23,7,23.49,0.49
2025-10-31,S05,SKU019,Personal Care,Central,242.25,0,0,25,6,23.8,1.2
2025-11-01,S05,SKU019,Personal Care,Central,244.11,0,0,26,3,25.24,0.76
2025-11-02,S05,SKU019,Personal Care,Central,241.14,0,0,32,9,25.88,6.12
2025-11-03,S05,SKU019,Personal Care,Central,243.51,0,0,29,2,23.16,5.84
2025-11-04,S05,SKU019,Personal Care,Central,223.26,1,0,27,2,31.11,4.11
2025-11-05,S05,SKU019,Personal Care,Central,243.9,0,0,29,9,24.52,4.48
2025-11-06,S05,SKU019,Personal Care,Central,242.73,0,0,30,2,24.31,5.69
2025-11-07,S05,SKU019,Personal Care,Central,239.77,0,0,20,6,24.63,4.63
2025-11-08,S05,SKU019,Personal Care,Central,227.18,1,0,26,4,33.58,7.58
2025-11-09,S05,SKU019,Personal Care,Central,239.36,0,0,25,7,26.58,1.58
2025-11-10,S05,SKU019,Personal Care,Central,242.22,0,0,32,6,24.43,7.57
2025-11-11,S05,SKU019,Personal Care,Central,242.24,0,0,22,9,24.71,2.71
2025-11-12,S05,SKU019,Personal Care,Central,249.05,0,0,24,7,23.47,0.53
2025-11-13,S05,SKU019,Personal Care,Central,238.17,0,0,23,9,24.83,1.83
2025-11-14,S05,SKU019,Personal Care,Central,243.46,0,0,27,5,25.16,1.84
2025-11-15,S05,SKU019,Personal Care,Central,221.94,1,0,34,6,35.21,1.21
2025-11-16,S05,SKU019,Personal Care,Central,243.74,0,0,26,7,27.19,1.19
2025-11-17,S05,SKU019,Personal Care,Central,217.69,1,0,26,7,33.79,7.79
2025-11-18,S05,SKU019,Personal Care,Central,237.08,0,0,24,5,25.25,1.25
2025-11-19,S05,SKU019,Personal Care,Central,231.57,0,0,28,8,25.3,2.7
2025-11-20,S05,SKU019,Personal Care,Central,238.56,0,0,29,3,25.36,3.64
2025-11-21,S05,SKU019,Personal Care,Central,242.05,0,0,20,6,25.61,5.61
2025-11-22,S05,SKU019,Personal Care,Central,213.64,1,0,31,5,33.82,2.82
2025-11-23,S05,SKU019,Personal Care,Central,241.98,0,0,30,6,27.32,2.68
2025-11-24,S05,SKU019,Personal Care,Central,243.11,0,0,18,2,25.55,7.55
2025-11-25,S05,SKU019,Personal Care,Central,238.64,0,0,24,7,25.39,1.39
2025-11-26,S05,SKU019,Personal Care,Central,221.5,1,0,29,6,33.67,4.67
2025-11-27,S05,SKU019,Personal Care,Central,243.01,0,0,19,5,25.57,6.57
2025-11-28,S05,SKU019,Personal Care,Central,240.28,0,0,20,9,26.17,6.17
2025-11-29,S05,SKU019,Personal Care,Central,235.23,0,0,32,8,27.03,4.97
2025-11-30,S05,SKU019,Personal Care,Central,248.11,0,0,24,2,27.87,3.87
2025-12-01,S05,SKU019,Personal Care,Central,239.49,0,0,21,5,25.37,4.37
2025-12-02,S05,SKU019,Personal Care,Central,237.07,0,0,28,2,24.88,3.12
2025-12-03,S05,SKU019,Personal Care,Central,223.67,1,0,44,9,33.55,10.45
2025-12-04,S05,SKU019,Personal Care,Central,235.35,0,0,25,4,25.41,0.41
2025-12-05,S05,SKU019,Personal Care,Central,253.0,0,0,24,4,25.25,1.25
2025-12-06,S05,SKU019,Personal Care,Central,245.89,0,0,28,3,27.72,0.28
2025-12-07,S05,SKU019,Personal Care,Central,239.32,0,0,30,8,28.16,1.84
2025-12-08,S05,SKU019,Personal Care,Central,241.59,0,0,28,5,25.96,2.04
2025-12-09,S05,SKU019,Personal Care,Central,243.0,0,0,24,5,26.07,2.07
2025-12-10,S05,SKU019,Personal Care,Central,240.22,0,0,23,9,26.35,3.35
2025-12-11,S05,SKU019,Personal Care,Central,241.39,0,0,20,4,25.4,5.4
2025-12-12,S05,SKU019,Personal Care,Central,238.98,0,0,27,4,25.6,1.4
2025-12-13,S05,SKU019,Personal Care,Central,235.88,0,0,28,4,27.4,0.6
2025-12-14,S05,SKU019,Personal Care,Central,238.19,0,0,24,4,27.12,3.12
2025-12-15,S05,SKU019,Personal Care,Central,223.09,1,0,22,3,31.74,9.74
2025-12-16,S05,SKU019,Personal Care,Central,243.73,0,0,27,9,25.52,1.48
2025-12-17,S05,SKU019,Personal Care,Central,243.03,0,0,24,9,26.63,2.63
2025-12-18,S05,SKU019,Personal Care,Central,244.82,0,0,25,7,25.51,0.51
2025-12-19,S05,SKU019,Personal Care,Central,219.65,1,0,33,4,32.23,0.77
2025-12-20,S05,SKU019,Personal Care,Central,236.7,0,0,34,6,26.89,7.11
2025-12-21,S05,SKU019,Personal Care,Central,239.19,0,0,25,3,27.88,2.88
2025-12-22,S05,SKU019,Personal Care,Central,241.53,0,0,31,6,25.42,5.58
2025-12-23,S05,SKU019,Personal Care,Central,240.05,0,0,27,6,25.65,1.35
2025-12-24,S05,SKU019,Personal Care,Central,234.05,0,0,18,4,25.37,7.37
2025-12-25,S05,SKU019,Personal Care,Central,232.09,0,1,35,5,30.83,4.17
2025-12-26,S05,SKU019,Personal Care,Central,220.1,1,0,40,5,33.47,6.53
2025-12-27,S05,SKU019,Personal Care,Central,235.3,0,0,29,9,28.73,0.27
2025-12-28,S05,SKU019,Personal Care,Central,237.29,0,0,38,9,29.29,8.71
2025-12-29,S05,SKU019,Personal Care,Central,243.0,0,0,21,8,26.94,5.94
2025-12-30,S05,SKU019,Personal Care,Central,243.41,0,0,23,3,27.13,4.13
2025-12-31,S05,SKU019,Personal Care,Central,238.99,0,0,23,6,27.37,4.37
2025-08-13,S05,SKU020,Household,Central,99.07,0,0,61,9,57.94,3.06
2025-08-14,S05,SKU020,Household,Central,95.8,0,0,56,2,56.57,0.57
2025-08-15,S05,SKU020,Household,Central,96.15,0,1,62,3,66.71,4.71
2025-08-16,S05,SKU020,Household,Central,94.61,0,0,64,5,62.09,1.91
2025-08-17,S05,SKU020,Household,Central,98.46,0,0,65,3,61.76,3.24
2025-08-18,S05,SKU020,Household,Central,97.58,0,0,58,5,57.68,0.32
2025-08-19,S05,SKU020,Household,Central,97.44,0,0,50,5,55.92,5.92
2025-08-20,S05,SKU020,Household,Central,95.78,0,0,69,4,55.41,13.59
2025-08-21,S05,SKU020,Household,Central,96.98,0,0,57,5,56.09,0.91
2025-08-22,S05,SKU020,Household,Central,98.01,0,0,53,7,55.69,2.69
2025-08-23,S05,SKU020,Household,Central,95.51,0,0,67,4,59.99,7.01
2025-08-24,S05,SKU020,Household,Central,100.12,0,0,66,9,59.89,6.11
2025-08-25,S05,SKU020,Household,Central,94.83,0,0,63,4,55.88,7.12
2025-08-26,S05,SKU020,Household,Central,96.84,0,0,51,3,56.37,5.37
2025-08-27,S05,SKU020,Household,Central,94.33,0,0,55,8,55.49,0.49
2025-08-28,S05,SKU020,Household,Central,95.81,0,0,61,3,56.05,4.95
2025-08-29,S05,SKU020,Household,Central,87.4,1,0,63,7,75.27,12.27
2025-08-30,S05,SKU020,Household,Central,96.88,0,0,63,8,60.45,2.55
2025-08-31,S05,SKU020,Household,Central,101.0,0,0,69,7,60.26,8.74
2025-09-01,S05,SKU020,Household,Central,96.4,0,0,46,7,55.99,9.99
2025-09-02,S05,SKU020,Household,Central,87.99,1,0,70,9,72.16,2.16
2025-09-03,S05,SKU020,Household,Central,88.71,1,0,69,4,73.3,4.3
2025-09-04,S05,SKU020,Household,Central,95.94,0,0,56,4,55.65,0.35
2025-09-05,S05,SKU020,Household,Central,90.98,1,0,76,6,74.56,1.44
2025-09-06,S05,SKU020,Household,Central,96.41,0,0,60,2,59.46,0.54
2025-09-07,S05,SKU020,Household,Central,96.28,0,0,58,5,60.04,2.04
2025-09-08,S05,SKU020,Household,Central,93.89,0,0,59,7,55.58,3.42
2025-09-09,S05,SKU020,Household,Central,96.5,0,0,57,2,56.07,0.93
2025-09-10,S05,SKU020,Household,Central,98.12,0,0,58,4,56.1,1.9
2025-09-11,S05,SKU020,Household,Central,98.46,0,0,60,9,56.42,3.58
2025-09-12,S05,SKU020,Household,Central,90.19,1,0,68,2,73.67,5.67
2025-09-13,S05,SKU020,Household,Central,89.93,1,0,73,5,81.19,8.19
2025-09-14,S05,SKU020,Household,Central,94.55,0,0,59,7,60.88,1.88
2025-09-15,S05,SKU020,Household,Central,95.06,0,0,60,8,55.91,4.09
2025-09-16,S05,SKU020,Household,Central,97.79,0,0,60,7,56.15,3.85
2025-09-17,S05,SKU020,Household,Central,98.07,0,0,56,9,56.85,0.85
2025-09-18,S05,SKU020,Household,Central,89.18,1,0,81,3,74.81,6.19
2025-09-19,S05,SKU020,Household,Central,100.39,0,0,54,7,57.03,3.03
2025-09-20,S05,SKU020,Household,Central,96.84,0,0,66,9,61.2,4.8
2025-09-21,S05,SKU020,Household,Central,88.4,1,0,81,9,82.81,1.81
2025-09-22,S05,SKU020,Household,Central,97.31,0,0,57,2,58.15,1.15
2025-09-23,S05,SKU020,Household,Central,95.96,0,0,45,7,56.83,11.83
2025-09-24,S05,SKU020,Household,Central,95.83,0,0,50,4,56.16,6.16
2025-09-25,S05,SKU020,Household,Central,95.34,0,0,56,3,55.42,0.58
2025-09-26,S05,SKU020,Household,Central,99.04,0,0,63,3,57.27,5.73
2025-09-27,S05,SKU020,Household,Central,97.8,0,0,56,6,61.59,5.59
2025-09-28,S05,SKU020,Household,Central,97.65,0,0,52,3,61.58,9.58
2025-09-29,S05,SKU020,Household,Central,97.79,0,0,66,2,56.62,9.38
2025-09-30,S05,SKU020,Household,Central,96.35,0,0,59,9,57.58,1.42
2025-10-01,S05,SKU020,Household,Central,88.46,1,0,73,5,76.17,3.17
2025-10-02,S05,SKU020,Household,Central,95.45,0,1,59,2,66.37,7.37
2025-10-03,S05,SKU020,Household,Central,95.91,0,0,67,3,57.79,9.21
2025-10-04,S05,SKU020,Household,Central,99.18,0,0,57,5,61.89,4.89
2025-10-05,S05,SKU020,Household,Central,87.36,1,0,80,7,79.99,0.01
2025-10-06,S05,SKU020,Household,Central,96.82,0,0,49,9,57.99,8.99
2025-10-07,S05,SKU020,Household,Central,98.36,0,0,52,2,57.08,5.08
2025-10-08,S05,SKU020,Household,Central,95.69,0,0,57,5,57.21,0.21
2025-10-09,S05,SKU020,Household,Central,99.44,0,0,54,5,57.97,3.97
2025-10-10,S05,SKU020,Household,Central,88.69,1,0,78,8,76.68,1.32
2025-10-11,S05,SKU020,Household,Central,94.37,0,0,63,8,61.76,1.24
2025-10-12,S05,SKU020,Household,Central,99.63,0,0,59,7,60.44,1.44
2025-10-13,S05,SKU020,Household,Central,98.84,0,0,56,2,58.03,2.03
2025-10-14,S05,SKU020,Household,Central,97.6,0,0,62,4,58.04,3.96
2025-10-15,S05,SKU020,Household,Central,96.47,0,0,57,9,57.32,0.32
2025-10-16,S05,SKU020,Household,Central,96.73,0,0,57,5,57.83,0.83
2025-10-17,S05,SKU020,Household,Central,96.56,0,0,60,7,55.85,4.15
2025-10-18,S05,SKU020,Household,Central,98.39,0,0,66,4,62.02,3.98
2025-10-19,S05,SKU020,Household,Central,95.82,0,0,59,3,62.44,3.44
2025-10-20,S05,SKU020,Household,Central,88.06,1,0,70,3,74.68,4.68
2025-10-21,S05,SKU020,Household,Central,95.38,0,0,62,3,56.75,5.25
2025-10-22,S05,SKU020,Household,Central,94.47,0,0,55,5,57.61,2.61
2025-10-23,S05,SKU020,Household,Central,96.58,0,0,55,8,58.1,3.1
2025-10-24,S05,SKU020,Household,Central,97.8,0,0,64,8,58.31,5.69
2025-10-25,S05,SKU020,Household,Central,87.04,1,0,79,8,81.81,2.81
2025-10-26,S05,SKU020,Household,Central,96.1,0,0,67,4,62.16,4.84
2025-10-27,S05,SKU020,Household,Central,87.4,1,0,81,9,77.71,3.29
2025-10-28,S05,SKU020,Household,Central,97.8,0,0,52,5,60.52,8.52
2025-10-29,S05,SKU020,Household,Central,95.91,0,0,62,8,59.49,2.51
2025-10-30,S05,SKU020,Household,Central,96.01,0,0,56,6,59.29,3.29
2025-10-31,S05,SKU020,Household,Central,95.26,0,0,56,7,59.43,3.43
2025-11-01,S05,SKU020,Household,Central,95.05,0,0,56,3,63.85,7.85
2025-11-02,S05,SKU020,Household,Central,96.3,0,0,58,6,63.35,5.35
2025-11-03,S05,SKU020,Household,Central,97.24,0,0,54,5,58.81,4.81
2025-11-04,S05,SKU020,Household,Central,86.53,1,0,78,3,77.71,0.29
2025-11-05,S05,SKU020,Household,Central,97.61,0,0,54,2,59.63,5.63
2025-11-06,S05,SKU020,Household,Central,96.8,0,0,56,9,59.92,3.92
2025-11-07,S05,SKU020,Household,Central,96.68,0,0,66,6,60.08,5.92
2025-11-08,S05,SKU020,Household,Central,96.36,0,0,67,9,64.32,2.68
2025-11-09,S05,SKU020,Household,Central,97.43,0,0,64,6,64.46,0.46
2025-11-10,S05,SKU020,Household,Central,88.91,1,0,79,7,77.56,1.44
2025-11-11,S05,SKU020,Household,Central,95.4,0,0,64,5,60.52,3.48
2025-11-12,S05,SKU020,Household,Central,97.77,0,0,62,9,61.94,0.06
2025-11-13,S05,SKU020,Household,Central,97.28,0,0,50,7,61.31,11.31
2025-11-14,S05,SKU020,Household,Central,98.75,0,0,67,9,61.65,5.35
2025-11-15,S05,SKU020,Household,Central,91.64,0,0,73,8,65.49,7.51
2025-11-16,S05,SKU020,Household,Central,99.1,0,0,63,6,66.31,3.31
2025-11-17,S05,SKU020,Household,Central,99.61,0,0,61,8,61.55,0.55
2025-11-18,S05,SKU020,Household,Central,96.32,0,0,59,7,61.16,2.16
2025-11-19,S05,SKU020,Household,Central,95.45,0,0,63,3,61.69,1.31
2025-11-20,S05,SKU020,Household,Central,89.49,1,0,79,5,80.47,1.47
2025-11-21,S05,SKU020,Household,Central,95.37,0,0,56,9,62.1,6.1
2025-11-22,S05,SKU020,Household,Central,95.54,0,0,66,3,66.98,0.98
2025-11-23,S05,SKU020,Household,Central,95.87,0,0,78,5,66.69,11.31
2025-11-24,S05,SKU020,Household,Central,94.74,0,0,64,6,63.07,0.93
2025-11-25,S05,SKU020,Household,Central,96.68,0,0,65,2,63.0,2.0
2025-11-26,S05,SKU020,Household,Central,92.36,0,0,64,7,62.74,1.26
2025-11-27,S05,SKU020,Household,Central,98.49,0,0,58,9,61.21,3.21
2025-11-28,S05,SKU020,Household,Central,98.49,0,0,54,3,63.59,9.59
2025-11-29,S05,SKU020,Household,Central,89.23,1,0,87,4,87.07,0.07
2025-11-30,S05,SKU020,Household,Central,95.89,0,0,69,3,65.94,3.06
2025-12-01,S05,SKU020,Household,Central,87.82,1,0,74,5,83.55,9.55
2025-12-02,S05,SKU020,Household,Central,89.33,1,0,85,9,83.98,1.02
2025-12-03,S05,SKU020,Household,Central,95.2,0,0,65,8,64.38,0.62
2025-12-04,S05,SKU020,Household,Central,95.32,0,0,65,3,64.84,0.16
2025-12-05,S05,SKU020,Household,Central,99.38,0,0,63,4,64.02,1.02
2025-12-06,S05,SKU020,Household,Central,98.87,0,0,69,6,70.27,1.27
2025-12-07,S05,SKU020,Household,Central,86.79,1,0,100,5,92.17,7.83
2025-12-08,S05,SKU020,Household,Central,95.24,0,0,64,5,66.37,2.37
2025-12-09,S05,SKU020,Household,Central,95.91,0,0,72,2,65.13,6.87
2025-12-10,S05,SKU020,Household,Central,96.83,0,0,66,5,66.04,0.04
2025-12-11,S05,SKU020,Household,Central,95.74,0,0,68,5,65.12,2.88
2025-12-12,S05,SKU020,Household,Central,97.11,0,0,67,9,64.3,2.7
2025-12-13,S05,SKU020,Household,Central,96.49,0,0,67,7,71.06,4.06
2025-12-14,S05,SKU020,Household,Central,99.46,0,0,74,6,72.15,1.85
2025-12-15,S05,SKU020,Household,Central,88.27,1,0,89,5,89.48,0.48
2025-12-16,S05,SKU020,Household,Central,89.51,1,0,86,2,85.71,0.29
2025-12-17,S05,SKU020,Household,Central,97.76,0,0,60,5,68.54,8.54
2025-12-18,S05,SKU020,Household,Central,89.39,1,0,79,8,89.4,10.4
2025-12-19,S05,SKU020,Household,Central,94.85,0,0,69,6,69.2,0.2
2025-12-20,S05,SKU020,Household,Central,96.75,0,0,64,8,74.01,10.01
2025-12-21,S05,SKU020,Household,Central,96.17,0,0,75,5,75.07,0.07
2025-12-22,S05,SKU020,Household,Central,91.27,1,0,94,7,89.45,4.55
2025-12-23,S05,SKU020,Household,Central,94.85,0,0,67,9,70.01,3.01
2025-12-24,S05,SKU020,Household,Central,96.06,0,0,71,6,70.01,0.99
2025-12-25,S05,SKU020,Household,Central,93.96,0,1,85,5,80.9,4.1
2025-12-26,S05,SKU020,Household,Central,95.97,0,0,71,4,71.02,0.02
2025-12-27,S05,SKU020,Household,Central,95.6,0,0,74,8,76.97,2.97
2025-12-28,S05,SKU020,Household,Central,94.69,0,0,70,9,76.35,6.35
2025-12-29,S05,SKU020,Household,Central,95.37,0,0,63,5,71.42,8.42
2025-12-30,S05,SKU020,Household,Central,99.17,0,0,74,4,69.48,4.52
2025-12-31,S05,SKU020,Household,Central,95.98,0,0,62,9,70.16,8.16
